patient_id,nir,nom,prenom,birth_date,sex,region_code
IPP0000000,133129422914332,THOMAS,Manon,1933-12-09,M,94
IPP0000001,105077509622423,LEROY,Antoine,2005-07-02,M,75
IPP0000002,101049122646065,MOREL,Marc,2001-04-23,M,91
IPP0000003,150127828516068,DURAND,Hugo,1950-12-14,M,78
IPP0000004,141077886835312,GIRARD,Marc,1941-07-04,M,78
IPP0000005,188099108156629,SIMON,Ines,1988-09-04,M,91
IPP0000006,203049204767895,LEROY,Lea,2003-04-23,F,92
IPP0000007,159027746565105,MICHEL,Emma,1959-02-13,M,77
IPP0000008,275047771996004,DUBOIS,Ines,1975-04-22,F,77
IPP0000009,198129347438945,MOREAU,Manon,1998-12-08,M,93
IPP0000010,117067523584263,BERNARD,Hugo,2017-06-27,M,75
IPP0000011,264027821867288,ROUX,Nicolas,1964-02-07,F,78
IPP0000012,248059476357546,FOURNIER,Marc,1948-05-05,F,94
IPP0000013,204079414252262,ROUX,Pierre,2004-07-12,F,94
IPP0000014,144039381269753,DAVID,Ines,1944-03-21,M,93
IPP0000015,179079554225897,FOURNIER,Jean,1979-07-20,M,95
IPP0000016,117097778865745,LAURENT,Sophie,2017-09-25,M,77
IPP0000017,285037597774083,MOREAU,Antoine,1985-03-15,F,75
IPP0000018,194027786265553,VINCENT,Ines,1994-02-28,M,77
IPP0000019,149069355397771,VINCENT,Jean,1949-06-25,M,93
IPP0000020,292017890085279,SIMON,Julie,1992-01-04,F,78
IPP0000021,160109275049812,DUBOIS,Manon,1960-10-03,M,92
IPP0000022,146119327254146,GIRARD,Camille,1946-11-16,M,93
IPP0000023,199129473132088,GARCIA,Chloe,1999-12-23,M,94
IPP0000024,296089423106649,LAURENT,Jean,1996-08-04,F,94
IPP0000025,105049272564711,BERNARD,Julie,2005-04-01,M,92
IPP0000026,134069428668659,ROUX,Paul,1934-06-03,M,94
IPP0000027,103109480448577,DAVID,Paul,2003-10-16,M,94
IPP0000028,142117843442178,BERTRAND,Marie,1942-11-14,M,78
IPP0000029,137077882088351,THOMAS,Julie,1937-07-24,M,78
IPP0000030,154099343318892,MOREAU,Thomas,1954-09-15,M,93
IPP0000031,139089205266851,FOURNIER,Jean,1939-08-26,M,92
IPP0000032,160039549321948,GARCIA,Marie,1960-03-14,M,95
IPP0000033,178017794980303,BERTRAND,Lea,1978-01-13,M,77
IPP0000034,219129515919570,SIMON,Paul,2019-12-26,F,95
IPP0000035,104127576632233,BERNARD,Marie,2004-12-18,M,75
IPP0000036,294097598452138,DUBOIS,Emma,1994-09-06,F,75
IPP0000037,106029441412330,MOREL,Julie,2006-02-22,M,94
IPP0000038,109027895826849,DURAND,Hugo,2009-02-14,M,78
IPP0000039,163077746932496,DUBOIS,Jean,1963-07-05,M,77
IPP0000040,209109255121977,VINCENT,Marc,2009-10-04,F,92
IPP0000041,174027829216272,BERTRAND,Manon,1974-02-08,M,78
IPP0000042,208117568483767,FOURNIER,Lea,2008-11-17,F,75
IPP0000043,147059276156773,ROBERT,Marc,1947-05-04,M,92
IPP0000044,207047820970447,MOREAU,Antoine,2007-04-23,F,78
IPP0000045,262019185028465,BERNARD,Jean,1962-01-03,F,91
IPP0000046,246119376045391,FOURNIER,Camille,1946-11-09,F,93
IPP0000047,144029355903742,MICHEL,Louis,1944-02-23,M,93
IPP0000048,185037737492143,BERNARD,Chloe,1985-03-02,M,77
IPP0000049,117049236379943,FOURNIER,Camille,2017-04-22,M,92
IPP0000050,160039390342314,MARTIN,Emma,1960-03-26,M,93
IPP0000051,282119427416474,THOMAS,Nicolas,1982-11-28,F,94
IPP0000052,190049535931395,LEROY,Julie,1990-04-07,M,95
IPP0000053,114047828688675,DUBOIS,Marc,2014-04-13,M,78
IPP0000054,212097896202983,THOMAS,Marc,2012-09-13,F,78
IPP0000055,104059261144512,MICHEL,Hugo,2004-05-02,M,92
IPP0000056,207099192259133,DURAND,Marc,2007-09-04,F,91
IPP0000057,120079437344244,DUBOIS,Hugo,2020-07-01,M,94
IPP0000058,214027752031768,DAVID,Hugo,2014-02-24,F,77
IPP0000059,219059319743191,GARCIA,Emma,2019-05-18,F,93
IPP0000060,281097531229413,DURAND,Camille,1981-09-27,F,75
IPP0000061,289089452448510,PETIT,Pierre,1989-08-15,F,94
IPP0000062,295117809683972,LEROY,Lea,1995-11-21,F,78
IPP0000063,155037525148765,GIRARD,Pierre,1955-03-01,M,75
IPP0000064,283119473671468,GARCIA,Sarah,1983-11-19,F,94
IPP0000065,261037591576983,THOMAS,Camille,1961-03-21,F,75
IPP0000066,152129505257176,LEROY,Sophie,1952-12-17,M,95
IPP0000067,247087897377490,BERTRAND,Ines,1947-08-22,F,78
IPP0000068,200089546126651,LEROY,Marc,2000-08-06,F,95
IPP0000069,210049508073183,SIMON,Julie,2010-04-09,F,95
IPP0000070,272069214215545,LEROY,Nicolas,1972-06-18,F,92
IPP0000071,120049141833991,FOURNIER,Thomas,2020-04-03,M,91
IPP0000072,237049139992763,MOREL,Jean,1937-04-27,F,91
IPP0000073,291017777240082,DAVID,Manon,1991-01-12,F,77
IPP0000074,192049149803001,GARCIA,Hugo,1992-04-09,M,91
IPP0000075,251087592940416,MOREL,Louis,1951-08-05,F,75
IPP0000076,140119388847367,PETIT,Marie,1940-11-14,M,93
IPP0000077,278069533534691,GARCIA,Marc,1978-06-07,F,95
IPP0000078,262027576855385,BERNARD,Chloe,1962-02-16,F,75
IPP0000079,113027577303294,LEROY,Paul,2013-02-25,M,75
IPP0000080,109039348568646,THOMAS,Louis,2009-03-08,M,93
IPP0000081,189127817262119,GIRARD,Sophie,1989-12-09,M,78
IPP0000082,169027595232034,MOREL,Nicolas,1969-02-19,M,75
IPP0000083,255029410571450,SIMON,Ines,1955-02-19,F,94
IPP0000084,102019167838068,DUBOIS,Antoine,2002-01-12,M,91
IPP0000085,231079510944471,MICHEL,Thomas,1931-07-27,F,95
IPP0000086,185037763182889,FOURNIER,Sarah,1985-03-24,M,77
IPP0000087,285127733187320,LEROY,Pierre,1985-12-19,F,77
IPP0000088,287049558462517,GARCIA,Hugo,1987-04-25,F,95
IPP0000089,193069521836485,MOREAU,Hugo,1993-06-06,M,95
IPP0000090,206127553097111,DURAND,Pierre,2006-12-09,F,75
IPP0000091,182089470848821,ROUX,Thomas,1982-08-18,M,94
IPP0000092,141059170925040,SIMON,Louis,1941-05-08,M,91
IPP0000093,290097843676454,FOURNIER,Hugo,1990-09-17,F,78
IPP0000094,219087725823702,THOMAS,Paul,2019-08-09,F,77
IPP0000095,245129319722211,ROUX,Marc,1945-12-18,F,93
IPP0000096,242049437018489,SIMON,Jean,1942-04-10,F,94
IPP0000097,165017771596727,ROBERT,Sarah,1965-01-02,M,77
IPP0000098,131109549145250,LAURENT,Emma,1931-10-10,M,95
IPP0000099,162089241150455,DUBOIS,Louis,1962-08-04,M,92
IPP0000100,149037708825592,THOMAS,Manon,1949-03-26,M,77
IPP0000101,207109479553650,GARCIA,Thomas,2007-10-26,F,94
IPP0000102,268107758363694,BERNARD,Ines,1968-10-14,F,77
IPP0000103,156117767708432,PETIT,Julie,1956-11-07,M,77
IPP0000104,100027541946257,GIRARD,Sarah,2000-02-06,M,75
IPP0000105,234047772088125,BERTRAND,Pierre,1934-04-10,F,77
IPP0000106,163119443611824,FOURNIER,Julie,1963-11-19,M,94
IPP0000107,164037517081280,SIMON,Ines,1964-03-03,M,75
IPP0000108,286027771741340,MOREAU,Antoine,1986-02-15,F,77
IPP0000109,286027591144364,LAURENT,Ines,1986-02-20,F,75
IPP0000110,233027578468917,MOREAU,Louis,1933-02-08,F,75
IPP0000111,152089593928572,PETIT,Louis,1952-08-17,M,95
IPP0000112,211089535741954,LAURENT,Hugo,2011-08-03,F,95
IPP0000113,150069529667922,GARCIA,Manon,1950-06-14,M,95
IPP0000114,188027733211902,GARCIA,Antoine,1988-02-11,M,77
IPP0000115,114099105619325,VINCENT,Chloe,2014-09-15,M,91
IPP0000116,210087520927487,FOURNIER,Luc,2010-08-25,F,75
IPP0000117,286129203099733,GIRARD,Julie,1986-12-16,F,92
IPP0000118,169099109623169,THOMAS,Thomas,1969-09-01,M,91
IPP0000119,112037752272357,MOREAU,Camille,2012-03-16,M,77
IPP0000120,290049339319669,GIRARD,Antoine,1990-04-15,F,93
IPP0000121,138059134995795,VINCENT,Marc,1938-05-25,M,91
IPP0000122,166129588715375,BERTRAND,Manon,1966-12-10,M,95
IPP0000123,274069146795693,LAURENT,Paul,1974-06-18,F,91
IPP0000124,103079104532650,ROUX,Nicolas,2003-07-08,M,91
IPP0000125,214119598803830,ROBERT,Antoine,2014-11-05,F,95
IPP0000126,242089501674005,ROBERT,Camille,1942-08-04,F,95
IPP0000127,139087734763974,GARCIA,Pierre,1939-08-26,M,77
IPP0000128,216097864273650,ROUX,Manon,2016-09-13,F,78
IPP0000129,109027723376586,DUBOIS,Camille,2009-02-08,M,77
IPP0000130,111129245517179,SIMON,Jean,2011-12-28,M,92
IPP0000131,171017838444273,ROBERT,Julie,1971-01-10,M,78
IPP0000132,202119317518088,DUBOIS,Ines,2002-11-26,F,93
IPP0000133,209119593559844,ROBERT,Julie,2009-11-08,F,95
IPP0000134,211057768301045,BERTRAND,Lea,2011-05-15,F,77
IPP0000135,139087765598690,DAVID,Marc,1939-08-12,M,77
IPP0000136,268049511024330,GARCIA,Louis,1968-04-13,F,95
IPP0000137,203057702385094,GARCIA,Marc,2003-05-23,F,77
IPP0000138,102117593362144,ROUX,Lea,2002-11-25,M,75
IPP0000139,107069463625741,ROBERT,Sophie,2007-06-08,M,94
IPP0000140,169087875013586,DUBOIS,Lea,1969-08-02,M,78
IPP0000141,283039380655365,MICHEL,Antoine,1983-03-07,F,93
IPP0000142,251059599182656,SIMON,Hugo,1951-05-27,F,95
IPP0000143,189029488169307,GARCIA,Manon,1989-02-05,M,94
IPP0000144,241077755012755,BERTRAND,Chloe,1941-07-01,F,77
IPP0000145,204077811169290,LEROY,Sarah,2004-07-27,F,78
IPP0000146,109099466406522,BERTRAND,Lea,2009-09-11,M,94
IPP0000147,244037531250564,THOMAS,Sophie,1944-03-02,F,75
IPP0000148,198039538068741,FOURNIER,Camille,1998-03-13,M,95
IPP0000149,183119563141845,MOREAU,Marie,1983-11-04,M,95
IPP0000150,257089487637255,THOMAS,Chloe,1957-08-15,F,94
IPP0000151,237079499212616,BERTRAND,Pierre,1937-07-09,F,94
IPP0000152,112117505280694,LAURENT,Julie,2012-11-20,M,75
IPP0000153,102049460122278,LEROY,Hugo,2002-04-03,M,94
IPP0000154,106019313455456,MOREAU,Emma,2006-01-09,M,93
IPP0000155,114017536780983,LEROY,Louis,2014-01-05,M,75
IPP0000156,232037513076037,DAVID,Antoine,1932-03-09,F,75
IPP0000157,138087852660892,THOMAS,Thomas,1938-08-15,M,78
IPP0000158,108017747065902,MARTIN,Marie,2008-01-24,M,77
IPP0000159,281079250373049,BERTRAND,Pierre,1981-07-22,F,92
IPP0000160,171109213028253,GIRARD,Louis,1971-10-05,M,92
IPP0000161,278107746551861,GIRARD,Camille,1978-10-17,F,77
IPP0000162,119029444146386,LEROY,Camille,2019-02-28,M,94
IPP0000163,288079232143826,LAURENT,Marc,1988-07-14,F,92
IPP0000164,249119209485255,DUBOIS,Pierre,1949-11-16,F,92
IPP0000165,242127883213431,FOURNIER,Marie,1942-12-24,F,78
IPP0000166,215027889568217,DAVID,Marie,2015-02-14,F,78
IPP0000167,206059259252068,DURAND,Luc,2006-05-12,F,92
IPP0000168,258027811878172,MOREAU,Louis,1958-02-12,F,78
IPP0000169,184097562495283,MOREAU,Jean,1984-09-25,M,75
IPP0000170,164127794434815,MICHEL,Jean,1964-12-25,M,77
IPP0000171,148109107214676,MARTIN,Pierre,1948-10-22,M,91
IPP0000172,178077816237950,SIMON,Hugo,1978-07-15,M,78
IPP0000173,136037569108433,MOREAU,Thomas,1936-03-06,M,75
IPP0000174,292109128022191,VINCENT,Sophie,1992-10-15,F,91
IPP0000175,285029554068483,SIMON,Marie,1985-02-10,F,95
IPP0000176,180107521030969,DURAND,Luc,1980-10-02,M,75
IPP0000177,267067551076560,DAVID,Emma,1967-06-04,F,75
IPP0000178,178099451357381,MICHEL,Pierre,1978-09-23,M,94
IPP0000179,235079594408021,LAURENT,Louis,1935-07-01,F,95
IPP0000180,203079129711820,GARCIA,Jean,2003-07-23,F,91
IPP0000181,251107809144837,THOMAS,Julie,1951-10-15,F,78
IPP0000182,205079240689222,SIMON,Hugo,2005-07-17,F,92
IPP0000183,172039254452335,DURAND,Chloe,1972-03-03,M,92
IPP0000184,212039215026367,DURAND,Emma,2012-03-08,F,92
IPP0000185,113029547677360,MOREL,Louis,2013-02-06,M,95
IPP0000186,217107888599534,LAURENT,Luc,2017-10-21,F,78
IPP0000187,238087781628237,MOREL,Marie,1938-08-15,F,77
IPP0000188,294029546303975,BERNARD,Chloe,1994-02-10,F,95
IPP0000189,239119263060934,VINCENT,Nicolas,1939-11-28,F,92
IPP0000190,204097546193137,MOREL,Paul,2004-09-26,F,75
IPP0000191,207089398106478,BERTRAND,Sophie,2007-08-17,F,93
IPP0000192,240099304125406,BERTRAND,Thomas,1940-09-21,F,93
IPP0000193,176069141979495,LAURENT,Ines,1976-06-10,M,91
IPP0000194,110119233809710,FOURNIER,Nicolas,2010-11-11,M,92
IPP0000195,262129334208410,MOREL,Luc,1962-12-28,F,93
IPP0000196,269119113361017,DUBOIS,Lea,1969-11-23,F,91
IPP0000197,212069368772011,VINCENT,Pierre,2012-06-27,F,93
IPP0000198,295067831718530,DURAND,Hugo,1995-06-01,F,78
IPP0000199,254049308030358,THOMAS,Antoine,1954-04-05,F,93
IPP0000200,114069361238625,ROBERT,Emma,2014-06-25,M,93
IPP0000201,118109373944994,BERNARD,Camille,2018-10-26,M,93
IPP0000202,216129562629278,BERTRAND,Julie,2016-12-08,F,95
IPP0000203,169089437769502,MOREL,Thomas,1969-08-27,M,94
IPP0000204,266079199016654,DURAND,Ines,1966-07-17,F,91
IPP0000205,162019589638182,FOURNIER,Sophie,1962-01-21,M,95
IPP0000206,166029328046123,VINCENT,Luc,1966-02-25,M,93
IPP0000207,241049590635856,MARTIN,Camille,1941-04-27,F,95
IPP0000208,180099439608405,MICHEL,Julie,1980-09-12,M,94
IPP0000209,170027881115036,ROBERT,Marie,1970-02-27,M,78
IPP0000210,290129377872351,ROUX,Thomas,1990-12-27,F,93
IPP0000211,140019485615492,FOURNIER,Ines,1940-01-09,M,94
IPP0000212,244057712504994,LEROY,Camille,1944-05-08,F,77
IPP0000213,238029561254970,MARTIN,Antoine,1938-02-27,F,95
IPP0000214,148057563036259,LEROY,Louis,1948-05-14,M,75
IPP0000215,253119253799902,MICHEL,Pierre,1953-11-22,F,92
IPP0000216,179089138326042,MARTIN,Chloe,1979-08-02,M,91
IPP0000217,174049279159636,LAURENT,Luc,1974-04-24,M,92
IPP0000218,175099385179875,BERTRAND,Sarah,1975-09-11,M,93
IPP0000219,147029503830175,DURAND,Marie,1947-02-23,M,95
IPP0000220,135069183555746,ROUX,Marc,1935-06-10,M,91
IPP0000221,112047888380003,BERNARD,Hugo,2012-04-10,M,78
IPP0000222,245069176245156,GARCIA,Hugo,1945-06-14,F,91
IPP0000223,193127894781745,VINCENT,Marc,1993-12-16,M,78
IPP0000224,184029355930149,LAURENT,Sophie,1984-02-14,M,93
IPP0000225,171117745761828,DAVID,Emma,1971-11-10,M,77
IPP0000226,274087863044673,MOREAU,Marie,1974-08-02,F,78
IPP0000227,115117852682184,PETIT,Jean,2015-11-13,M,78
IPP0000228,107119503613082,DUBOIS,Julie,2007-11-26,M,95
IPP0000229,276077562015846,BERTRAND,Chloe,1976-07-19,F,75
IPP0000230,286029354337615,GARCIA,Hugo,1986-02-19,F,93
IPP0000231,261029351253175,GARCIA,Manon,1961-02-01,F,93
IPP0000232,163059522062752,SIMON,Sarah,1963-05-23,M,95
IPP0000233,145039246317760,BERTRAND,Pierre,1945-03-28,M,92
IPP0000234,215069256455659,SIMON,Lea,2015-06-23,F,92
IPP0000235,120129381337120,VINCENT,Julie,2020-12-21,M,93
IPP0000236,155039502737057,FOURNIER,Louis,1955-03-08,M,95
IPP0000237,289099206831757,GARCIA,Sarah,1989-09-05,F,92
IPP0000238,282109399632589,DUBOIS,Thomas,1982-10-03,F,93
IPP0000239,217099390084985,FOURNIER,Louis,2017-09-12,F,93
IPP0000240,146077585212868,VINCENT,Luc,1946-07-17,M,75
IPP0000241,251039435597171,VINCENT,Lea,1951-03-11,F,94
IPP0000242,162047712964186,SIMON,Ines,1962-04-21,M,77
IPP0000243,194119317667552,GIRARD,Ines,1994-11-06,M,93
IPP0000244,202017508404776,MOREL,Marc,2002-01-27,F,75
IPP0000245,103077551091112,FOURNIER,Lea,2003-07-20,M,75
IPP0000246,291049130546520,DUBOIS,Marie,1991-04-26,F,91
IPP0000247,186079520934950,GIRARD,Luc,1986-07-16,M,95
IPP0000248,270127899940967,ROBERT,Chloe,1970-12-28,F,78
IPP0000249,170049227446166,LEROY,Luc,1970-04-15,M,92
IPP0000250,136059125598674,PETIT,Hugo,1936-05-13,M,91
IPP0000251,254039551190140,SIMON,Sarah,1954-03-16,F,95
IPP0000252,141079599024773,DURAND,Louis,1941-07-17,M,95
IPP0000253,236019561290488,ROUX,Lea,1936-01-10,F,95
IPP0000254,143077774537520,GARCIA,Chloe,1943-07-05,M,77
IPP0000255,181019437256765,SIMON,Pierre,1981-01-19,M,94
IPP0000256,294087784663913,GIRARD,Sophie,1994-08-25,F,77
IPP0000257,142077857296286,MICHEL,Luc,1942-07-12,M,78
IPP0000258,107097504704059,ROBERT,Hugo,2007-09-13,M,75
IPP0000259,296089333695415,GIRARD,Hugo,1996-08-05,F,93
IPP0000260,180107760834567,VINCENT,Antoine,1980-10-24,M,77
IPP0000261,220109583601832,MICHEL,Hugo,2020-10-10,F,95
IPP0000262,183107561248604,MOREAU,Louis,1983-10-10,M,75
IPP0000263,136109353764532,GIRARD,Nicolas,1936-10-16,M,93
IPP0000264,117049219602012,BERTRAND,Hugo,2017-04-02,M,92
IPP0000265,249079442151468,GIRARD,Sarah,1949-07-23,F,94
IPP0000266,120039457533343,ROUX,Antoine,2020-03-17,M,94
IPP0000267,270037856036344,MOREAU,Ines,1970-03-15,F,78
IPP0000268,254047723196551,SIMON,Lea,1954-04-09,F,77
IPP0000269,118127849235878,FOURNIER,Marc,2018-12-16,M,78
IPP0000270,245109191840545,MICHEL,Luc,1945-10-22,F,91
IPP0000271,235059235594792,BERTRAND,Marc,1935-05-23,F,92
IPP0000272,257047795657677,MOREAU,Luc,1957-04-27,F,77
IPP0000273,108129424905269,VINCENT,Julie,2008-12-19,M,94
IPP0000274,136027873548459,THOMAS,Luc,1936-02-14,M,78
IPP0000275,100039548966741,DURAND,Lea,2000-03-14,M,95
IPP0000276,266119266858817,LEROY,Manon,1966-11-02,F,92
IPP0000277,152079395794277,BERNARD,Nicolas,1952-07-27,M,93
IPP0000278,253127789803959,MARTIN,Lea,1953-12-28,F,77
IPP0000279,172059591196280,ROBERT,Antoine,1972-05-15,M,95
IPP0000280,264049233916712,BERTRAND,Marc,1964-04-26,F,92
IPP0000281,131127758269124,DURAND,Emma,1931-12-11,M,77
IPP0000282,284099241168622,THOMAS,Emma,1984-09-11,F,92
IPP0000283,191067526839367,LEROY,Thomas,1991-06-08,M,75
IPP0000284,272057526867073,MICHEL,Julie,1972-05-19,F,75
IPP0000285,115027716441677,VINCENT,Lea,2015-02-15,M,77
IPP0000286,111059422598186,ROBERT,Sarah,2011-05-12,M,94
IPP0000287,188127842671913,FOURNIER,Sarah,1988-12-20,M,78
IPP0000288,161119253945844,VINCENT,Chloe,1961-11-25,M,92
IPP0000289,102029458755041,ROBERT,Emma,2002-02-02,M,94
IPP0000290,296089473559814,ROUX,Pierre,1996-08-04,F,94
IPP0000291,237089146857855,BERNARD,Manon,1937-08-05,F,91
IPP0000292,216057540626156,MARTIN,Paul,2016-05-24,F,75
IPP0000293,135079255506206,DUBOIS,Sarah,1935-07-12,M,92
IPP0000294,166079378565783,DAVID,Chloe,1966-07-06,M,93
IPP0000295,287079270098886,FOURNIER,Luc,1987-07-13,F,92
IPP0000296,245039154213141,LEROY,Jean,1945-03-18,F,91
IPP0000297,168089154538954,LEROY,Julie,1968-08-22,M,91
IPP0000298,274039496089774,THOMAS,Marie,1974-03-09,F,94
IPP0000299,208019406910450,GIRARD,Marie,2008-01-08,F,94
IPP0000300,206117525175941,BERNARD,Nicolas,2006-11-23,F,75
IPP0000301,259097514451689,SIMON,Julie,1959-09-07,F,75
IPP0000302,203107824331004,ROBERT,Antoine,2003-10-25,F,78
IPP0000303,182057557197238,MOREL,Emma,1982-05-09,M,75
IPP0000304,201087896565980,GARCIA,Antoine,2001-08-02,F,78
IPP0000305,219079330838639,PETIT,Manon,2019-07-14,F,93
IPP0000306,260049382647507,BERNARD,Manon,1960-04-10,F,93
IPP0000307,283099339824995,MOREAU,Paul,1983-09-17,F,93
IPP0000308,212027809554947,DURAND,Marie,2012-02-15,F,78
IPP0000309,278117589507590,DURAND,Louis,1978-11-20,F,75
IPP0000310,191047831198017,MARTIN,Paul,1991-04-28,M,78
IPP0000311,145129593724990,GIRARD,Paul,1945-12-25,M,95
IPP0000312,260097739047816,FOURNIER,Chloe,1960-09-11,F,77
IPP0000313,263069547810179,ROUX,Hugo,1963-06-17,F,95
IPP0000314,177067557788512,LEROY,Luc,1977-06-14,M,75
IPP0000315,163099130315747,DURAND,Hugo,1963-09-19,M,91
IPP0000316,178109451256439,LAURENT,Marc,1978-10-27,M,94
IPP0000317,212129517375119,MICHEL,Emma,2012-12-16,F,95
IPP0000318,199087553703546,DUBOIS,Marie,1999-08-06,M,75
IPP0000319,182039407072526,ROBERT,Jean,1982-03-27,M,94
IPP0000320,194087563365490,GIRARD,Sarah,1994-08-12,M,75
IPP0000321,232019101301842,VINCENT,Marc,1932-01-18,F,91
IPP0000322,232099182696355,PETIT,Sophie,1932-09-27,F,91
IPP0000323,197039463554083,MOREAU,Chloe,1997-03-08,M,94
IPP0000324,280029147157989,LEROY,Julie,1980-02-12,F,91
IPP0000325,217027509641683,GARCIA,Nicolas,2017-02-21,F,75
IPP0000326,237119308551262,DAVID,Hugo,1937-11-01,F,93
IPP0000327,197019492388983,MOREL,Sarah,1997-01-08,M,94
IPP0000328,235027792155758,MOREL,Marie,1935-02-22,F,77
IPP0000329,170019377184127,GARCIA,Pierre,1970-01-07,M,93
IPP0000330,250109169491989,FOURNIER,Hugo,1950-10-08,F,91
IPP0000331,247129251376406,MICHEL,Marie,1947-12-24,F,92
IPP0000332,185049234962026,GIRARD,Ines,1985-04-27,M,92
IPP0000333,271017780346270,ROUX,Julie,1971-01-21,F,77
IPP0000334,200079369760047,GARCIA,Pierre,2000-07-14,F,93
IPP0000335,261129227515882,GARCIA,Luc,1961-12-03,F,92
IPP0000336,270069200696617,SIMON,Thomas,1970-06-04,F,92
IPP0000337,264029219244241,BERTRAND,Manon,1964-02-05,F,92
IPP0000338,243017856809604,GIRARD,Ines,1943-01-03,F,78
IPP0000339,279019139879856,DUBOIS,Manon,1979-01-10,F,91
IPP0000340,103099117414381,MOREAU,Lea,2003-09-06,M,91
IPP0000341,293039344628372,DAVID,Lea,1993-03-03,F,93
IPP0000342,239069473964190,ROUX,Ines,1939-06-09,F,94
IPP0000343,188027700797272,GARCIA,Hugo,1988-02-05,M,77
IPP0000344,272089183684432,GIRARD,Luc,1972-08-11,F,91
IPP0000345,271109449132240,PETIT,Nicolas,1971-10-23,F,94
IPP0000346,267129599159008,LEROY,Hugo,1967-12-23,F,95
IPP0000347,265079295557835,DURAND,Louis,1965-07-12,F,92
IPP0000348,117099596672667,DURAND,Thomas,2017-09-01,M,95
IPP0000349,218029169051219,ROBERT,Lea,2018-02-27,F,91
IPP0000350,162119180938744,DUBOIS,Thomas,1962-11-05,M,91
IPP0000351,204079155703811,MICHEL,Manon,2004-07-18,F,91
IPP0000352,143047817166396,GIRARD,Marie,1943-04-22,M,78
IPP0000353,272077510126588,LEROY,Antoine,1972-07-04,F,75
IPP0000354,187069579169626,MOREL,Antoine,1987-06-13,M,95
IPP0000355,174019230342654,DUBOIS,Sophie,1974-01-16,M,92
IPP0000356,174059580421262,VINCENT,Sarah,1974-05-11,M,95
IPP0000357,290029532706953,SIMON,Marie,1990-02-15,F,95
IPP0000358,132069269482059,PETIT,Julie,1932-06-21,M,92
IPP0000359,100039198247405,LEROY,Nicolas,2000-03-11,M,91
IPP0000360,153119140603031,GIRARD,Paul,1953-11-22,M,91
IPP0000361,205077572222015,DURAND,Marc,2005-07-13,F,75
IPP0000362,103029337533496,DURAND,Thomas,2003-02-26,M,93
IPP0000363,163119554199049,LAURENT,Ines,1963-11-28,M,95
IPP0000364,208079235736133,BERTRAND,Ines,2008-07-19,F,92
IPP0000365,116127794163041,MOREL,Pierre,2016-12-26,M,77
IPP0000366,170027712018894,MICHEL,Luc,1970-02-08,M,77
IPP0000367,283109143419116,ROUX,Manon,1983-10-05,F,91
IPP0000368,101037714419251,LAURENT,Thomas,2001-03-16,M,77
IPP0000369,175019320083540,GARCIA,Manon,1975-01-16,M,93
IPP0000370,282119172886197,BERTRAND,Sarah,1982-11-16,F,91
IPP0000371,140109430003461,MOREAU,Julie,1940-10-01,M,94
IPP0000372,251089556352454,THOMAS,Louis,1951-08-19,F,95
IPP0000373,164097855684327,BERNARD,Thomas,1964-09-27,M,78
IPP0000374,184029430589663,BERNARD,Thomas,1984-02-24,M,94
IPP0000375,274029279583283,LEROY,Paul,1974-02-15,F,92
IPP0000376,220109117063110,ROBERT,Paul,2020-10-21,F,91
IPP0000377,137107761255204,PETIT,Hugo,1937-10-12,M,77
IPP0000378,267109213998601,DAVID,Marie,1967-10-09,F,92
IPP0000379,213039325615028,LAURENT,Julie,2013-03-23,F,93
IPP0000380,292037764342530,GARCIA,Thomas,1992-03-19,F,77
IPP0000381,111027771295971,MICHEL,Thomas,2011-02-13,M,77
IPP0000382,271109274999622,BERTRAND,Chloe,1971-10-01,F,92
IPP0000383,198079184521722,ROUX,Marc,1998-07-07,M,91
IPP0000384,266069358087334,ROUX,Hugo,1966-06-18,F,93
IPP0000385,135029501712811,PETIT,Thomas,1935-02-21,M,95
IPP0000386,230079390466661,SIMON,Emma,1930-07-07,F,93
IPP0000387,241117708538141,PETIT,Marie,1941-11-12,F,77
IPP0000388,210059444067255,DUBOIS,Sophie,2010-05-24,F,94
IPP0000389,157089360823267,VINCENT,Thomas,1957-08-03,M,93
IPP0000390,131129288143325,ROBERT,Sarah,1931-12-11,M,92
IPP0000391,159079210632113,MICHEL,Lea,1959-07-03,M,92
IPP0000392,178039307154412,MOREL,Jean,1978-03-21,M,93
IPP0000393,186069464476776,ROBERT,Camille,1986-06-24,M,94
IPP0000394,257029377112783,MOREL,Nicolas,1957-02-04,F,93
IPP0000395,284069325428415,DUBOIS,Julie,1984-06-26,F,93
IPP0000396,218017721153185,GIRARD,Antoine,2018-01-28,F,77
IPP0000397,180057580392018,LEROY,Sarah,1980-05-21,M,75
IPP0000398,244049254191108,MARTIN,Chloe,1944-04-16,F,92
IPP0000399,246079137556078,PETIT,Sarah,1946-07-28,F,91
IPP0000400,132107526922160,BERNARD,Marie,1932-10-03,M,75
IPP0000401,294059143471933,GARCIA,Pierre,1994-05-21,F,91
IPP0000402,165029252494456,DURAND,Luc,1965-02-10,M,92
IPP0000403,280109231871684,DAVID,Julie,1980-10-21,F,92
IPP0000404,161029246562711,GIRARD,Marie,1961-02-14,M,92
IPP0000405,215129312301330,ROBERT,Jean,2015-12-22,F,93
IPP0000406,193067717138124,ROBERT,Marc,1993-06-17,M,77
IPP0000407,133069127953763,DUBOIS,Marc,1933-06-26,M,91
IPP0000408,193087805751220,MOREL,Emma,1993-08-17,M,78
IPP0000409,250059291658855,THOMAS,Julie,1950-05-25,F,92
IPP0000410,135017548437354,GARCIA,Luc,1935-01-08,M,75
IPP0000411,134099123033090,LEROY,Camille,1934-09-26,M,91
IPP0000412,264027812351588,BERNARD,Emma,1964-02-19,F,78
IPP0000413,196019289947757,SIMON,Lea,1996-01-13,M,92
IPP0000414,241097537820681,SIMON,Louis,1941-09-15,F,75
IPP0000415,209047860699666,ROUX,Paul,2009-04-15,F,78
IPP0000416,149017523955537,MICHEL,Jean,1949-01-14,M,75
IPP0000417,230117710721190,VINCENT,Julie,1930-11-13,F,77
IPP0000418,292017709604507,LEROY,Antoine,1992-01-05,F,77
IPP0000419,219069259509870,VINCENT,Luc,2019-06-15,F,92
IPP0000420,239107544667910,ROBERT,Julie,1939-10-19,F,75
IPP0000421,263069171885293,LAURENT,Hugo,1963-06-26,F,91
IPP0000422,264049414079958,MOREL,Sophie,1964-04-03,F,94
IPP0000423,143039532241790,THOMAS,Manon,1943-03-15,M,95
IPP0000424,256089527287342,THOMAS,Pierre,1956-08-10,F,95
IPP0000425,117057522185665,LAURENT,Luc,2017-05-27,M,75
IPP0000426,161067569430795,MOREAU,Emma,1961-06-13,M,75
IPP0000427,181089409747481,THOMAS,Luc,1981-08-18,M,94
IPP0000428,131019413420328,GARCIA,Chloe,1931-01-27,M,94
IPP0000429,104109202306768,DURAND,Thomas,2004-10-09,M,92
IPP0000430,141067596547354,BERNARD,Emma,1941-06-04,M,75
IPP0000431,280089170043753,PETIT,Chloe,1980-08-01,F,91
IPP0000432,153059590515360,BERNARD,Ines,1953-05-09,M,95
IPP0000433,112059190456450,ROUX,Marie,2012-05-16,M,91
IPP0000434,165079120565927,VINCENT,Julie,1965-07-05,M,91
IPP0000435,178129555880176,ROUX,Chloe,1978-12-12,M,95
IPP0000436,279057532761255,LEROY,Jean,1979-05-06,F,75
IPP0000437,237087878659960,LEROY,Emma,1937-08-17,F,78
IPP0000438,161117754783625,BERNARD,Julie,1961-11-08,M,77
IPP0000439,275039460732631,MICHEL,Louis,1975-03-06,F,94
IPP0000440,120129357797297,DURAND,Sarah,2020-12-12,M,93
IPP0000441,252089205823901,GIRARD,Julie,1952-08-02,F,92
IPP0000442,197087894062986,DURAND,Luc,1997-08-01,M,78
IPP0000443,252067515260159,ROBERT,Sophie,1952-06-02,F,75
IPP0000444,239069160110495,LAURENT,Lea,1939-06-23,F,91
IPP0000445,247039181165579,ROUX,Hugo,1947-03-24,F,91
IPP0000446,120097822968229,MOREL,Emma,2020-09-23,M,78
IPP0000447,269127713118226,MARTIN,Louis,1969-12-23,F,77
IPP0000448,202017894482988,GIRARD,Julie,2002-01-06,F,78
IPP0000449,193039224435625,LAURENT,Emma,1993-03-11,M,92
IPP0000450,120117845801269,MOREAU,Paul,2020-11-21,M,78
IPP0000451,118027780611184,MARTIN,Marie,2018-02-12,M,77
IPP0000452,286129390642404,ROUX,Nicolas,1986-12-14,F,93
IPP0000453,299079580888563,MOREL,Julie,1999-07-04,F,95
IPP0000454,187027530202136,LAURENT,Marc,1987-02-26,M,75
IPP0000455,139069116575066,DUBOIS,Manon,1939-06-06,M,91
IPP0000456,173109572203218,DAVID,Emma,1973-10-20,M,95
IPP0000457,250017821199860,DURAND,Camille,1950-01-04,F,78
IPP0000458,214059409905140,GARCIA,Louis,2014-05-10,F,94
IPP0000459,249017543809011,SIMON,Ines,1949-01-12,F,75
IPP0000460,255029417565447,SIMON,Pierre,1955-02-01,F,94
IPP0000461,244059148350167,MOREAU,Pierre,1944-05-26,F,91
IPP0000462,253067819245737,BERNARD,Marc,1953-06-13,F,78
IPP0000463,289057757806495,ROBERT,Sophie,1989-05-08,F,77
IPP0000464,115069199577582,MOREL,Julie,2015-06-26,M,91
IPP0000465,179099558790374,LEROY,Sarah,1979-09-14,M,95
IPP0000466,240077551558571,VINCENT,Louis,1940-07-28,F,75
IPP0000467,145089399621788,DURAND,Luc,1945-08-06,M,93
IPP0000468,184029120784333,ROBERT,Ines,1984-02-22,M,91
IPP0000469,270129209039804,FOURNIER,Nicolas,1970-12-26,F,92
IPP0000470,265097580671806,GIRARD,Louis,1965-09-15,F,75
IPP0000471,244079358160310,MOREL,Sophie,1944-07-05,F,93
IPP0000472,102027788954974,MICHEL,Camille,2002-02-26,M,77
IPP0000473,279119503917753,MOREAU,Nicolas,1979-11-16,F,95
IPP0000474,109109104040668,LAURENT,Julie,2009-10-22,M,91
IPP0000475,190057534683831,SIMON,Lea,1990-05-12,M,75
IPP0000476,292129299689063,LEROY,Luc,1992-12-22,F,92
IPP0000477,286069162066259,DUBOIS,Paul,1986-06-09,F,91
IPP0000478,257079577852979,MICHEL,Marie,1957-07-24,F,95
IPP0000479,138059113980053,VINCENT,Louis,1938-05-23,M,91
IPP0000480,152049485806071,LEROY,Marie,1952-04-27,M,94
IPP0000481,236069428137878,BERTRAND,Antoine,1936-06-23,F,94
IPP0000482,211027524838222,ROUX,Ines,2011-02-22,F,75
IPP0000483,252087835316839,MOREAU,Pierre,1952-08-19,F,78
IPP0000484,233079387558688,DURAND,Julie,1933-07-02,F,93
IPP0000485,116049152602181,MARTIN,Sarah,2016-04-09,M,91
IPP0000486,112037523025923,GIRARD,Lea,2012-03-20,M,75
IPP0000487,284077847125962,DURAND,Thomas,1984-07-28,F,78
IPP0000488,216099159910568,MARTIN,Antoine,2016-09-27,F,91
IPP0000489,201117730670195,THOMAS,Sarah,2001-11-20,F,77
IPP0000490,173057888328468,MOREAU,Lea,1973-05-21,M,78
IPP0000491,149099492205928,GIRARD,Nicolas,1949-09-25,M,94
IPP0000492,217037567251088,SIMON,Marc,2017-03-24,F,75
IPP0000493,281077559872687,MOREL,Paul,1981-07-24,F,75
IPP0000494,258119592996476,MICHEL,Antoine,1958-11-18,F,95
IPP0000495,251119330110001,ROUX,Luc,1951-11-18,F,93
IPP0000496,201037867109275,LEROY,Chloe,2001-03-22,F,78
IPP0000497,169077838126747,MOREL,Lea,1969-07-26,M,78
IPP0000498,245089248491184,DURAND,Antoine,1945-08-02,F,92
IPP0000499,117077742405688,ROBERT,Luc,2017-07-17,M,77
IPP0000500,173079514732450,PETIT,Pierre,1973-07-19,M,95
IPP0000501,272117865006005,MARTIN,Thomas,1972-11-06,F,78
IPP0000502,256039350280571,DUBOIS,Luc,1956-03-19,F,93
IPP0000503,211079198948931,GARCIA,Jean,2011-07-13,F,91
IPP0000504,198047897301582,LAURENT,Antoine,1998-04-24,M,78
IPP0000505,132119423271186,MICHEL,Lea,1932-11-01,M,94
IPP0000506,143077717206758,BERNARD,Lea,1943-07-17,M,77
IPP0000507,288127844591075,ROBERT,Hugo,1988-12-17,F,78
IPP0000508,275049102023479,LEROY,Luc,1975-04-06,F,91
IPP0000509,132109312737690,BERNARD,Nicolas,1932-10-17,M,93
IPP0000510,298107567811139,MARTIN,Marie,1998-10-02,F,75
IPP0000511,183089256125909,ROUX,Luc,1983-08-13,M,92
IPP0000512,118117530943131,THOMAS,Antoine,2018-11-21,M,75
IPP0000513,209109342985171,THOMAS,Antoine,2009-10-23,F,93
IPP0000514,166029251020403,GIRARD,Paul,1966-02-26,M,92
IPP0000515,296049130316538,BERNARD,Manon,1996-04-12,F,91
IPP0000516,256127824100337,MARTIN,Pierre,1956-12-16,F,78
IPP0000517,103119397309301,VINCENT,Pierre,2003-11-16,M,93
IPP0000518,162119530427170,BERTRAND,Marie,1962-11-08,M,95
IPP0000519,152017736982135,LAURENT,Camille,1952-01-28,M,77
IPP0000520,142019368066339,PETIT,Hugo,1942-01-01,M,93
IPP0000521,286109238283579,LAURENT,Emma,1986-10-09,F,92
IPP0000522,181077785639546,ROUX,Camille,1981-07-15,M,77
IPP0000523,144037596686519,PETIT,Sophie,1944-03-23,M,75
IPP0000524,205089518662633,GARCIA,Chloe,2005-08-26,F,95
IPP0000525,117129594350061,THOMAS,Camille,2017-12-05,M,95
IPP0000526,235027801372243,VINCENT,Louis,1935-02-09,F,78
IPP0000527,115069244467895,LEROY,Sarah,2015-06-17,M,92
IPP0000528,214119115386019,FOURNIER,Ines,2014-11-21,F,91
IPP0000529,131119587350893,PETIT,Pierre,1931-11-06,M,95
IPP0000530,271047705252086,LEROY,Manon,1971-04-11,F,77
IPP0000531,281049545582108,MOREL,Thomas,1981-04-03,F,95
IPP0000532,193089251076459,MARTIN,Sophie,1993-08-11,M,92
IPP0000533,282017584609421,GIRARD,Ines,1982-01-18,F,75
IPP0000534,295099597435017,MICHEL,Marie,1995-09-07,F,95
IPP0000535,188069573467361,MICHEL,Thomas,1988-06-18,M,95
IPP0000536,142117535036420,SIMON,Manon,1942-11-08,M,75
IPP0000537,219029350514414,DAVID,Sophie,2019-02-02,F,93
IPP0000538,208049295387323,GARCIA,Paul,2008-04-07,F,92
IPP0000539,254129277642566,BERNARD,Louis,1954-12-11,F,92
IPP0000540,187089398751143,MARTIN,Antoine,1987-08-22,M,93
IPP0000541,100079594752191,PETIT,Louis,2000-07-27,M,95
IPP0000542,146027851790364,GARCIA,Camille,1946-02-13,M,78
IPP0000543,165077746482535,ROBERT,Luc,1965-07-11,M,77
IPP0000544,207127786471934,FOURNIER,Hugo,2007-12-24,F,77
IPP0000545,155047770435453,ROBERT,Emma,1955-04-20,M,77
IPP0000546,220027857649226,MOREL,Louis,2020-02-25,F,78
IPP0000547,216127789986843,DAVID,Jean,2016-12-27,F,77
IPP0000548,133077568705802,DURAND,Marc,1933-07-05,M,75
IPP0000549,166119386006442,SIMON,Paul,1966-11-09,M,93
IPP0000550,175089476166354,FOURNIER,Nicolas,1975-08-04,M,94
IPP0000551,195127594939106,GARCIA,Camille,1995-12-10,M,75
IPP0000552,200017720863679,BERTRAND,Julie,2000-01-01,F,77
IPP0000553,205099479574322,DURAND,Lea,2005-09-24,F,94
IPP0000554,252119398617882,VINCENT,Sophie,1952-11-03,F,93
IPP0000555,235077713416584,MOREL,Marc,1935-07-09,F,77
IPP0000556,172089304115823,LAURENT,Ines,1972-08-23,M,93
IPP0000557,110107750380972,MOREL,Manon,2010-10-27,M,77
IPP0000558,239129498018904,VINCENT,Pierre,1939-12-11,F,94
IPP0000559,183099109535862,LEROY,Paul,1983-09-18,M,91
IPP0000560,272069497477123,GIRARD,Antoine,1972-06-10,F,94
IPP0000561,201119268535515,BERTRAND,Julie,2001-11-01,F,92
IPP0000562,135119193881675,THOMAS,Nicolas,1935-11-11,M,91
IPP0000563,299127593453071,MICHEL,Antoine,1999-12-10,F,75
IPP0000564,292019432952730,DUBOIS,Sophie,1992-01-10,F,94
IPP0000565,198099221668794,DURAND,Camille,1998-09-01,M,92
IPP0000566,156099166383765,DUBOIS,Luc,1956-09-27,M,91
IPP0000567,188127509007650,BERNARD,Emma,1988-12-11,M,75
IPP0000568,201029493326533,DAVID,Nicolas,2001-02-19,F,94
IPP0000569,210077801839966,THOMAS,Manon,2010-07-14,F,78
IPP0000570,112129277576422,MOREL,Marie,2012-12-20,M,92
IPP0000571,175097780670312,SIMON,Ines,1975-09-04,M,77
IPP0000572,166089184267772,MARTIN,Sarah,1966-08-13,M,91
IPP0000573,198049181681750,FOURNIER,Lea,1998-04-05,M,91
IPP0000574,168117898197378,MARTIN,Manon,1968-11-26,M,78
IPP0000575,145019155156138,DUBOIS,Lea,1945-01-01,M,91
IPP0000576,174049316518987,LEROY,Ines,1974-04-14,M,93
IPP0000577,254027587277050,FOURNIER,Thomas,1954-02-06,F,75
IPP0000578,167117710120367,MOREL,Sarah,1967-11-03,M,77
IPP0000579,275039410329253,GIRARD,Pierre,1975-03-22,F,94
IPP0000580,170087863267629,SIMON,Louis,1970-08-15,M,78
IPP0000581,102107898243917,PETIT,Jean,2002-10-12,M,78
IPP0000582,261049128486175,MICHEL,Luc,1961-04-23,F,91
IPP0000583,291087879431379,ROUX,Manon,1991-08-15,F,78
IPP0000584,152119286228883,ROBERT,Manon,1952-11-20,M,92
IPP0000585,163129274507879,MARTIN,Antoine,1963-12-21,M,92
IPP0000586,104109492903823,FOURNIER,Marc,2004-10-13,M,94
IPP0000587,213039122991332,MOREL,Lea,2013-03-12,F,91
IPP0000588,189099240737366,VINCENT,Jean,1989-09-17,M,92
IPP0000589,108119345716433,PETIT,Louis,2008-11-06,M,93
IPP0000590,191069478050092,LEROY,Pierre,1991-06-02,M,94
IPP0000591,277049453193073,MICHEL,Nicolas,1977-04-02,F,94
IPP0000592,288017810672173,VINCENT,Marc,1988-01-02,F,78
IPP0000593,204099338667025,GARCIA,Chloe,2004-09-19,F,93
IPP0000594,196059452941673,MICHEL,Chloe,1996-05-13,M,94
IPP0000595,291109345117051,LEROY,Pierre,1991-10-01,F,93
IPP0000596,257039337161766,THOMAS,Julie,1957-03-06,F,93
IPP0000597,272129569249105,ROUX,Paul,1972-12-04,F,95
IPP0000598,112079404513114,MOREL,Louis,2012-07-01,M,94
IPP0000599,147117591358725,ROBERT,Marie,1947-11-17,M,75
IPP0000600,163039161499367,MOREL,Jean,1963-03-17,M,91
IPP0000601,240049588949491,PETIT,Julie,1940-04-15,F,95
IPP0000602,206039363967692,VINCENT,Marc,2006-03-26,F,93
IPP0000603,117069223638828,GARCIA,Luc,2017-06-15,M,92
IPP0000604,132049184715410,GIRARD,Sophie,1932-04-17,M,91
IPP0000605,190107589980346,FOURNIER,Antoine,1990-10-20,M,75
IPP0000606,141089392461806,FOURNIER,Jean,1941-08-22,M,93
IPP0000607,296077571554302,DAVID,Julie,1996-07-12,F,75
IPP0000608,278069243613866,MOREAU,Sarah,1978-06-19,F,92
IPP0000609,140059126419412,MARTIN,Jean,1940-05-20,M,91
IPP0000610,196019470582444,LAURENT,Camille,1996-01-13,M,94
IPP0000611,243037726887638,FOURNIER,Camille,1943-03-14,F,77
IPP0000612,208059177420986,DAVID,Manon,2008-05-22,F,91
IPP0000613,252069526031557,MOREL,Chloe,1952-06-18,F,95
IPP0000614,247119445880293,PETIT,Sophie,1947-11-04,F,94
IPP0000615,195077882156420,GIRARD,Marie,1995-07-26,M,78
IPP0000616,179119284414921,ROUX,Ines,1979-11-01,M,92
IPP0000617,241029438008205,GIRARD,Marie,1941-02-09,F,94
IPP0000618,281107772998761,GIRARD,Marie,1981-10-21,F,77
IPP0000619,111087520787136,VINCENT,Lea,2011-08-15,M,75
IPP0000620,134109463017415,BERNARD,Chloe,1934-10-17,M,94
IPP0000621,113019228379969,GARCIA,Chloe,2013-01-06,M,92
IPP0000622,281107575572186,DUBOIS,Pierre,1981-10-07,F,75
IPP0000623,201107898783651,MOREAU,Julie,2001-10-12,F,78
IPP0000624,188077526818055,DAVID,Antoine,1988-07-19,M,75
IPP0000625,101027734997091,THOMAS,Antoine,2001-02-17,M,77
IPP0000626,298109599038748,MOREL,Sarah,1998-10-09,F,95
IPP0000627,173089591960106,MARTIN,Sarah,1973-08-22,M,95
IPP0000628,163029469471975,LEROY,Hugo,1963-02-13,M,94
IPP0000629,275097571885381,MOREAU,Julie,1975-09-18,F,75
IPP0000630,241077807856870,PETIT,Sarah,1941-07-22,F,78
IPP0000631,275047718897016,DURAND,Sarah,1975-04-19,F,77
IPP0000632,160127721223571,DURAND,Julie,1960-12-08,M,77
IPP0000633,249029269397950,ROUX,Ines,1949-02-04,F,92
IPP0000634,199019538163678,LAURENT,Sarah,1999-01-28,M,95
IPP0000635,292037740822802,MOREL,Luc,1992-03-25,F,77
IPP0000636,197077551535679,GARCIA,Emma,1997-07-16,M,75
IPP0000637,245129532470628,MARTIN,Jean,1945-12-17,F,95
IPP0000638,178107837162878,MOREAU,Emma,1978-10-04,M,78
IPP0000639,260057837518982,ROUX,Camille,1960-05-16,F,78
IPP0000640,183127837487513,GARCIA,Marc,1983-12-25,M,78
IPP0000641,253109483410366,MOREAU,Julie,1953-10-05,F,94
IPP0000642,278049348582680,MARTIN,Emma,1978-04-05,F,93
IPP0000643,293037880549964,SIMON,Marc,1993-03-28,F,78
IPP0000644,180029306222106,MOREAU,Sarah,1980-02-23,M,93
IPP0000645,187127737036982,FOURNIER,Manon,1987-12-11,M,77
IPP0000646,274019236088962,GIRARD,Paul,1974-01-14,F,92
IPP0000647,166069579475533,BERTRAND,Pierre,1966-06-11,M,95
IPP0000648,208059389017281,LAURENT,Camille,2008-05-15,F,93
IPP0000649,239027823432219,LAURENT,Lea,1939-02-06,F,78
IPP0000650,207117790945695,MICHEL,Louis,2007-11-13,F,77
IPP0000651,282037512974656,LEROY,Marc,1982-03-06,F,75
IPP0000652,156039209806609,ROUX,Manon,1956-03-13,M,92
IPP0000653,133079210726948,GIRARD,Luc,1933-07-17,M,92
IPP0000654,113079425475654,SIMON,Thomas,2013-07-10,M,94
IPP0000655,146099303003619,MICHEL,Hugo,1946-09-27,M,93
IPP0000656,289099513999380,FOURNIER,Emma,1989-09-09,F,95
IPP0000657,210129153765670,FOURNIER,Lea,2010-12-21,F,91
IPP0000658,291099245331650,MICHEL,Camille,1991-09-08,F,92
IPP0000659,249057553683576,ROBERT,Chloe,1949-05-01,F,75
IPP0000660,290099597077455,ROUX,Lea,1990-09-01,F,95
IPP0000661,185059481600873,FOURNIER,Chloe,1985-05-20,M,94
IPP0000662,182099125616830,GARCIA,Nicolas,1982-09-14,M,91
IPP0000663,163029453078381,GIRARD,Marc,1963-02-14,M,94
IPP0000664,213127742319313,DUBOIS,Emma,2013-12-18,F,77
IPP0000665,167029563346494,MOREAU,Ines,1967-02-21,M,95
IPP0000666,254069305199376,FOURNIER,Jean,1954-06-01,F,93
IPP0000667,143059373344936,MARTIN,Julie,1943-05-09,M,93
IPP0000668,149019435143171,SIMON,Sarah,1949-01-16,M,94
IPP0000669,289127533908340,ROBERT,Marie,1989-12-26,F,75
IPP0000670,280029518619786,MOREAU,Nicolas,1980-02-18,F,95
IPP0000671,145129179099975,BERTRAND,Julie,1945-12-08,M,91
IPP0000672,155089253468222,DURAND,Sarah,1955-08-24,M,92
IPP0000673,217059364574614,BERNARD,Manon,2017-05-11,F,93
IPP0000674,162087720437014,BERNARD,Paul,1962-08-21,M,77
IPP0000675,160117801617254,MOREAU,Louis,1960-11-14,M,78
IPP0000676,180047559680324,ROUX,Ines,1980-04-01,M,75
IPP0000677,177029351209469,GIRARD,Hugo,1977-02-08,M,93
IPP0000678,137069371955083,THOMAS,Luc,1937-06-21,M,93
IPP0000679,259067882591484,BERTRAND,Paul,1959-06-18,F,78
IPP0000680,118079325792166,BERNARD,Sarah,2018-07-12,M,93
IPP0000681,201059519558153,PETIT,Manon,2001-05-18,F,95
IPP0000682,271127788985289,GIRARD,Manon,1971-12-15,F,77
IPP0000683,138099530384093,MOREAU,Manon,1938-09-05,M,95
IPP0000684,288019175219079,MARTIN,Ines,1988-01-25,F,91
IPP0000685,209049267599148,FOURNIER,Nicolas,2009-04-11,F,92
IPP0000686,197119362829019,LAURENT,Camille,1997-11-16,M,93
IPP0000687,244029204585670,ROBERT,Emma,1944-02-17,F,92
IPP0000688,155029410203395,MOREL,Nicolas,1955-02-16,M,94
IPP0000689,297107705137652,LEROY,Ines,1997-10-23,F,77
IPP0000690,131049595191250,DUBOIS,Thomas,1931-04-21,M,95
IPP0000691,176099184237891,BERNARD,Ines,1976-09-24,M,91
IPP0000692,297019285531285,DUBOIS,Paul,1997-01-24,F,92
IPP0000693,142129119519855,VINCENT,Julie,1942-12-08,M,91
IPP0000694,101129176510988,MOREL,Chloe,2001-12-18,M,91
IPP0000695,219119217181231,PETIT,Manon,2019-11-14,F,92
IPP0000696,294069354761507,BERTRAND,Chloe,1994-06-22,F,93
IPP0000697,200067842378334,DAVID,Hugo,2000-06-28,F,78
IPP0000698,102099178556403,MOREAU,Chloe,2002-09-07,M,91
IPP0000699,287077529261167,MARTIN,Antoine,1987-07-01,F,75
IPP0000700,168019422087705,LAURENT,Jean,1968-01-10,M,94
IPP0000701,200099309703916,BERTRAND,Chloe,2000-09-18,F,93
IPP0000702,147059423926375,SIMON,Pierre,1947-05-12,M,94
IPP0000703,202049274133339,ROUX,Emma,2002-04-24,F,92
IPP0000704,218129261065878,SIMON,Marie,2018-12-19,F,92
IPP0000705,240017835790150,DAVID,Camille,1940-01-25,F,78
IPP0000706,159127565079752,GARCIA,Marie,1959-12-21,M,75
IPP0000707,297019333551532,LEROY,Luc,1997-01-11,F,93
IPP0000708,116129577161019,MOREL,Antoine,2016-12-13,M,95
IPP0000709,158079115213658,LAURENT,Pierre,1958-07-10,M,91
IPP0000710,203129126908897,GARCIA,Antoine,2003-12-02,F,91
IPP0000711,219039349357358,DURAND,Sarah,2019-03-25,F,93
IPP0000712,213109424907411,MOREAU,Camille,2013-10-07,F,94
IPP0000713,217109268842426,DAVID,Chloe,2017-10-03,F,92
IPP0000714,254067578931354,PETIT,Chloe,1954-06-12,F,75
IPP0000715,209037594783850,LEROY,Paul,2009-03-15,F,75
IPP0000716,249129211675887,BERNARD,Julie,1949-12-28,F,92
IPP0000717,166019231346114,ROUX,Jean,1966-01-11,M,92
IPP0000718,256129420956008,VINCENT,Marc,1956-12-18,F,94
IPP0000719,209127538659796,VINCENT,Marie,2009-12-05,F,75
IPP0000720,251019480971462,GIRARD,Marc,1951-01-10,F,94
IPP0000721,189119239867764,MOREAU,Chloe,1989-11-01,M,92
IPP0000722,132059123739048,VINCENT,Sophie,1932-05-28,M,91
IPP0000723,292109219120435,VINCENT,Thomas,1992-10-18,F,92
IPP0000724,135047734250208,GARCIA,Emma,1935-04-17,M,77
IPP0000725,174117864131074,LEROY,Antoine,1974-11-12,M,78
IPP0000726,237119191283509,MARTIN,Manon,1937-11-09,F,91
IPP0000727,258039167314123,DUBOIS,Nicolas,1958-03-11,F,91
IPP0000728,183049343799490,SIMON,Ines,1983-04-19,M,93
IPP0000729,287099466914294,MOREL,Manon,1987-09-05,F,94
IPP0000730,147059344193167,ROBERT,Louis,1947-05-23,M,93
IPP0000731,170029218932603,ROBERT,Jean,1970-02-18,M,92
IPP0000732,282079576495710,MOREAU,Luc,1982-07-10,F,95
IPP0000733,143037578162736,GIRARD,Marc,1943-03-06,M,75
IPP0000734,106047536808256,ROUX,Luc,2006-04-08,M,75
IPP0000735,213069150448617,ROBERT,Emma,2013-06-06,F,91
IPP0000736,158017594827741,DAVID,Julie,1958-01-14,M,75
IPP0000737,156029588863290,ROUX,Hugo,1956-02-06,M,95
IPP0000738,261077562375396,GARCIA,Hugo,1961-07-13,F,75
IPP0000739,208127553411270,BERTRAND,Thomas,2008-12-19,F,75
IPP0000740,161099175304150,FOURNIER,Nicolas,1961-09-18,M,91
IPP0000741,154059190631227,SIMON,Thomas,1954-05-15,M,91
IPP0000742,184057570753085,ROBERT,Thomas,1984-05-20,M,75
IPP0000743,241129218579818,MOREL,Manon,1941-12-17,F,92
IPP0000744,180079502618482,BERTRAND,Louis,1980-07-11,M,95
IPP0000745,188027870966550,PETIT,Sophie,1988-02-09,M,78
IPP0000746,144127808853775,GARCIA,Antoine,1944-12-15,M,78
IPP0000747,178097578717547,LAURENT,Louis,1978-09-13,M,75
IPP0000748,150037543031658,SIMON,Thomas,1950-03-06,M,75
IPP0000749,210039398420805,MARTIN,Ines,2010-03-04,F,93
IPP0000750,231089555782738,MARTIN,Ines,1931-08-16,F,95
IPP0000751,260049546542071,BERTRAND,Pierre,1960-04-19,F,95
IPP0000752,161099405119025,ROBERT,Marie,1961-09-09,M,94
IPP0000753,234037568459274,GIRARD,Lea,1934-03-28,F,75
IPP0000754,241019118316676,SIMON,Ines,1941-01-04,F,91
IPP0000755,188127895403784,DUBOIS,Lea,1988-12-19,M,78
IPP0000756,277079277743877,FOURNIER,Pierre,1977-07-27,F,92
IPP0000757,290037733854045,DAVID,Antoine,1990-03-04,F,77
IPP0000758,119047511258696,VINCENT,Pierre,2019-04-20,M,75
IPP0000759,218107743862419,LAURENT,Marc,2018-10-26,F,77
IPP0000760,246109553374738,ROUX,Sarah,1946-10-19,F,95
IPP0000761,108047719900210,THOMAS,Jean,2008-04-23,M,77
IPP0000762,210029481963127,DAVID,Camille,2010-02-24,F,94
IPP0000763,172069401265645,DURAND,Lea,1972-06-18,M,94
IPP0000764,238057878600770,THOMAS,Hugo,1938-05-10,F,78
IPP0000765,280127585318096,DURAND,Hugo,1980-12-19,F,75
IPP0000766,216087566214014,ROUX,Luc,2016-08-16,F,75
IPP0000767,298069195176115,BERNARD,Antoine,1998-06-15,F,91
IPP0000768,202127856954957,MARTIN,Paul,2002-12-22,F,78
IPP0000769,275027786103235,LAURENT,Nicolas,1975-02-05,F,77
IPP0000770,103109361012081,SIMON,Hugo,2003-10-13,M,93
IPP0000771,164079589924430,MICHEL,Thomas,1964-07-03,M,95
IPP0000772,257099311538424,BERNARD,Paul,1957-09-10,F,93
IPP0000773,186099592751309,ROBERT,Paul,1986-09-01,M,95
IPP0000774,291127779533620,ROBERT,Sophie,1991-12-28,F,77
IPP0000775,156129539773140,VINCENT,Sophie,1956-12-02,M,95
IPP0000776,169019234247946,BERNARD,Sophie,1969-01-22,M,92
IPP0000777,232107765591402,DURAND,Hugo,1932-10-25,F,77
IPP0000778,154057879245269,THOMAS,Marc,1954-05-09,M,78
IPP0000779,150057598263886,FOURNIER,Antoine,1950-05-04,M,75
IPP0000780,156097827814548,SIMON,Louis,1956-09-12,M,78
IPP0000781,151027855445530,BERNARD,Luc,1951-02-10,M,78
IPP0000782,190119239305610,DUBOIS,Camille,1990-11-02,M,92
IPP0000783,252129563236501,SIMON,Hugo,1952-12-20,F,95
IPP0000784,115099558213554,DUBOIS,Thomas,2015-09-03,M,95
IPP0000785,188059548223886,LEROY,Luc,1988-05-22,M,95
IPP0000786,276077880888203,LAURENT,Thomas,1976-07-06,F,78
IPP0000787,233029236049160,BERTRAND,Emma,1933-02-16,F,92
IPP0000788,274109352110612,GARCIA,Sophie,1974-10-19,F,93
IPP0000789,201117754647310,GARCIA,Louis,2001-11-03,F,77
IPP0000790,260109399849465,GARCIA,Pierre,1960-10-08,F,93
IPP0000791,256129180444607,MOREL,Hugo,1956-12-19,F,91
IPP0000792,152119275895415,MOREL,Sarah,1952-11-22,M,92
IPP0000793,105107856910086,BERTRAND,Emma,2005-10-15,M,78
IPP0000794,281029270283406,GIRARD,Nicolas,1981-02-20,F,92
IPP0000795,293117509322384,ROBERT,Louis,1993-11-22,F,75
IPP0000796,148119554529994,GARCIA,Ines,1948-11-05,M,95
IPP0000797,255047830758416,SIMON,Camille,1955-04-22,F,78
IPP0000798,241109186813175,SIMON,Marie,1941-10-01,F,91
IPP0000799,200017811388237,SIMON,Jean,2000-01-01,F,78
IPP0000800,185129164132657,GARCIA,Nicolas,1985-12-19,M,91
IPP0000801,285099348714352,DURAND,Manon,1985-09-07,F,93
IPP0000802,276077789468770,ROBERT,Luc,1976-07-05,F,77
IPP0000803,139119373990778,ROUX,Camille,1939-11-01,M,93
IPP0000804,140039188146715,GIRARD,Camille,1940-03-21,M,91
IPP0000805,188099539436445,LEROY,Emma,1988-09-14,M,95
IPP0000806,207019586874995,LEROY,Antoine,2007-01-19,F,95
IPP0000807,282097803503909,MOREL,Sarah,1982-09-19,F,78
IPP0000808,244109214674889,VINCENT,Marc,1944-10-16,F,92
IPP0000809,296029225248426,DUBOIS,Manon,1996-02-17,F,92
IPP0000810,208017548146564,VINCENT,Sarah,2008-01-11,F,75
IPP0000811,283067729717294,BERNARD,Ines,1983-06-26,F,77
IPP0000812,202059559317414,MOREL,Marie,2002-05-02,F,95
IPP0000813,209019508513050,VINCENT,Pierre,2009-01-10,F,95
IPP0000814,262037728287942,MOREAU,Jean,1962-03-20,F,77
IPP0000815,107039367545807,MICHEL,Emma,2007-03-19,M,93
IPP0000816,219049381954126,BERNARD,Hugo,2019-04-16,F,93
IPP0000817,148109385850839,DAVID,Nicolas,1948-10-27,M,93
IPP0000818,114089321659291,MICHEL,Marie,2014-08-24,M,93
IPP0000819,244019540948891,SIMON,Sarah,1944-01-06,F,95
IPP0000820,178119148626947,ROBERT,Antoine,1978-11-23,M,91
IPP0000821,231059539269528,LAURENT,Antoine,1931-05-26,F,95
IPP0000822,142097898086503,DAVID,Ines,1942-09-21,M,78
IPP0000823,272059226267184,MOREL,Nicolas,1972-05-09,F,92
IPP0000824,216129453334628,PETIT,Hugo,2016-12-08,F,94
IPP0000825,116019201342257,THOMAS,Antoine,2016-01-27,M,92
IPP0000826,117089474329125,MOREAU,Paul,2017-08-12,M,94
IPP0000827,133107596260976,DURAND,Ines,1933-10-03,M,75
IPP0000828,120029338567379,MOREL,Emma,2020-02-03,M,93
IPP0000829,119037747967780,DUBOIS,Thomas,2019-03-09,M,77
IPP0000830,284127826416643,DUBOIS,Marc,1984-12-22,F,78
IPP0000831,178077526597930,MOREAU,Emma,1978-07-11,M,75
IPP0000832,238089118366134,ROUX,Sophie,1938-08-07,F,91
IPP0000833,199079293545317,MOREAU,Sophie,1999-07-07,M,92
IPP0000834,139027779645776,MARTIN,Sarah,1939-02-19,M,77
IPP0000835,113117568140011,MOREAU,Luc,2013-11-01,M,75
IPP0000836,280109549044759,GARCIA,Pierre,1980-10-01,F,95
IPP0000837,130079512558138,FOURNIER,Chloe,1930-07-23,M,95
IPP0000838,217057564898277,DUBOIS,Chloe,2017-05-13,F,75
IPP0000839,240087766420814,PETIT,Manon,1940-08-25,F,77
IPP0000840,179117771340031,THOMAS,Chloe,1979-11-07,M,77
IPP0000841,240119414403748,DURAND,Jean,1940-11-15,F,94
IPP0000842,192077751254772,BERTRAND,Jean,1992-07-03,M,77
IPP0000843,173017541612295,DURAND,Antoine,1973-01-11,M,75
IPP0000844,216099494807424,BERNARD,Luc,2016-09-05,F,94
IPP0000845,213017524971926,ROBERT,Jean,2013-01-16,F,75
IPP0000846,110019246862677,PETIT,Louis,2010-01-10,M,92
IPP0000847,143029406582432,DURAND,Camille,1943-02-16,M,94
IPP0000848,216079270159053,FOURNIER,Luc,2016-07-11,F,92
IPP0000849,257019334406538,THOMAS,Marc,1957-01-19,F,93
IPP0000850,183037856716923,BERTRAND,Julie,1983-03-23,M,78
IPP0000851,147029179716256,MARTIN,Sarah,1947-02-26,M,91
IPP0000852,130019272466808,MOREL,Lea,1930-01-06,M,92
IPP0000853,218089321214722,MOREAU,Antoine,2018-08-23,F,93
IPP0000854,282047561118544,ROUX,Ines,1982-04-06,F,75
IPP0000855,110059100557247,LEROY,Paul,2010-05-12,M,91
IPP0000856,197027888478064,FOURNIER,Antoine,1997-02-20,M,78
IPP0000857,189119428405575,DURAND,Sophie,1989-11-22,M,94
IPP0000858,117089316468751,BERNARD,Marie,2017-08-16,M,93
IPP0000859,266047734363225,BERTRAND,Marie,1966-04-14,F,77
IPP0000860,136099380503060,ROUX,Antoine,1936-09-06,M,93
IPP0000861,139049560759414,LAURENT,Camille,1939-04-24,M,95
IPP0000862,116069233423407,THOMAS,Julie,2016-06-08,M,92
IPP0000863,255079248360016,ROUX,Marie,1955-07-08,F,92
IPP0000864,248049518339724,MICHEL,Luc,1948-04-20,F,95
IPP0000865,254117720834419,ROBERT,Marie,1954-11-12,F,77
IPP0000866,165039547042989,PETIT,Hugo,1965-03-04,M,95
IPP0000867,167109359299406,FOURNIER,Julie,1967-10-06,M,93
IPP0000868,182099460648593,BERTRAND,Marc,1982-09-16,M,94
IPP0000869,184129425433682,DAVID,Louis,1984-12-28,M,94
IPP0000870,105037542804671,BERNARD,Sarah,2005-03-19,M,75
IPP0000871,184099583081893,THOMAS,Thomas,1984-09-13,M,95
IPP0000872,260027571075077,DAVID,Paul,1960-02-18,F,75
IPP0000873,175059201749247,SIMON,Emma,1975-05-08,M,92
IPP0000874,203127546647552,ROBERT,Nicolas,2003-12-19,F,75
IPP0000875,177117588264311,DUBOIS,Nicolas,1977-11-15,M,75
IPP0000876,297019177127748,GIRARD,Manon,1997-01-10,F,91
IPP0000877,117027875495546,BERNARD,Antoine,2017-02-20,M,78
IPP0000878,236027847763433,BERNARD,Chloe,1936-02-13,F,78
IPP0000879,252119257572756,DURAND,Luc,1952-11-18,F,92
IPP0000880,260099575696294,MOREL,Paul,1960-09-04,F,95
IPP0000881,171069128405684,DUBOIS,Chloe,1971-06-09,M,91
IPP0000882,287089248272716,FOURNIER,Manon,1987-08-17,F,92
IPP0000883,287109219391492,BERTRAND,Pierre,1987-10-12,F,92
IPP0000884,180039211216956,MOREAU,Sophie,1980-03-10,M,92
IPP0000885,193039453497561,MARTIN,Lea,1993-03-28,M,94
IPP0000886,217099535643185,BERTRAND,Jean,2017-09-05,F,95
IPP0000887,254029485597140,VINCENT,Hugo,1954-02-01,F,94
IPP0000888,204067849860891,VINCENT,Manon,2004-06-21,F,78
IPP0000889,288059392080956,SIMON,Emma,1988-05-19,F,93
IPP0000890,259087778986610,BERNARD,Luc,1959-08-12,F,77
IPP0000891,266089372954991,SIMON,Emma,1966-08-06,F,93
IPP0000892,120129316624460,THOMAS,Marie,2020-12-22,M,93
IPP0000893,203037737918934,DURAND,Manon,2003-03-15,F,77
IPP0000894,115069338246012,FOURNIER,Emma,2015-06-12,M,93
IPP0000895,245019578714902,BERTRAND,Hugo,1945-01-13,F,95
IPP0000896,130127866372309,SIMON,Sarah,1930-12-18,M,78
IPP0000897,203119534770622,THOMAS,Sarah,2003-11-05,F,95
IPP0000898,147119231602692,GARCIA,Ines,1947-11-18,M,92
IPP0000899,187067805762374,DURAND,Louis,1987-06-03,M,78
IPP0000900,165049255287001,BERTRAND,Pierre,1965-04-01,M,92
IPP0000901,254087593168315,MICHEL,Nicolas,1954-08-11,F,75
IPP0000902,184067801329229,MICHEL,Chloe,1984-06-13,M,78
IPP0000903,287099474691023,BERTRAND,Camille,1987-09-03,F,94
IPP0000904,266039174791829,DAVID,Luc,1966-03-26,F,91
IPP0000905,148049588953893,LAURENT,Pierre,1948-04-10,M,95
IPP0000906,241017742518067,FOURNIER,Thomas,1941-01-14,F,77
IPP0000907,155039129756815,ROUX,Marie,1955-03-27,M,91
IPP0000908,204059523002888,MARTIN,Luc,2004-05-16,F,95
IPP0000909,268119512867048,SIMON,Camille,1968-11-27,F,95
IPP0000910,192129403012327,MOREAU,Sarah,1992-12-21,M,94
IPP0000911,106129558044797,MOREAU,Sarah,2006-12-12,M,95
IPP0000912,177097586626660,PETIT,Louis,1977-09-24,M,75
IPP0000913,148069336616840,BERNARD,Marc,1948-06-15,M,93
IPP0000914,283117529729904,VINCENT,Pierre,1983-11-12,F,75
IPP0000915,110039261477146,PETIT,Manon,2010-03-25,M,92
IPP0000916,270117727870275,MICHEL,Sophie,1970-11-26,F,77
IPP0000917,248017738279808,ROUX,Camille,1948-01-05,F,77
IPP0000918,250029351622722,DURAND,Manon,1950-02-07,F,93
IPP0000919,183089283913538,MARTIN,Sarah,1983-08-03,M,92
IPP0000920,269129383745365,GIRARD,Antoine,1969-12-12,F,93
IPP0000921,252127576383521,THOMAS,Julie,1952-12-10,F,75
IPP0000922,118039431512994,DURAND,Luc,2018-03-23,M,94
IPP0000923,184129208002046,ROUX,Camille,1984-12-25,M,92
IPP0000924,155027548112213,MOREAU,Marie,1955-02-02,M,75
IPP0000925,168119280212796,GIRARD,Paul,1968-11-01,M,92
IPP0000926,153117509315033,MOREAU,Louis,1953-11-12,M,75
IPP0000927,275039451858418,DUBOIS,Sophie,1975-03-28,F,94
IPP0000928,197049498828942,PETIT,Manon,1997-04-23,M,94
IPP0000929,142049537671580,MOREL,Emma,1942-04-17,M,95
IPP0000930,216027838943569,DURAND,Antoine,2016-02-06,F,78
IPP0000931,182027812747846,THOMAS,Antoine,1982-02-25,M,78
IPP0000932,193067757174081,BERNARD,Pierre,1993-06-23,M,77
IPP0000933,293027746861578,SIMON,Thomas,1993-02-13,F,77
IPP0000934,100079119487825,DUBOIS,Sarah,2000-07-10,M,91
IPP0000935,252019568910821,GARCIA,Thomas,1952-01-22,F,95
IPP0000936,145039171260546,THOMAS,Emma,1945-03-13,M,91
IPP0000937,176049461086501,GARCIA,Sophie,1976-04-11,M,94
IPP0000938,184127778473157,MOREL,Louis,1984-12-16,M,77
IPP0000939,212079568361801,GARCIA,Sarah,2012-07-12,F,95
IPP0000940,248089225750275,ROUX,Julie,1948-08-04,F,92
IPP0000941,133027585107034,ROUX,Jean,1933-02-24,M,75
IPP0000942,178107815731125,GIRARD,Ines,1978-10-22,M,78
IPP0000943,139119581247809,DURAND,Lea,1939-11-25,M,95
IPP0000944,292097882988177,FOURNIER,Manon,1992-09-09,F,78
IPP0000945,134079146132322,GARCIA,Thomas,1934-07-04,M,91
IPP0000946,234017790672483,PETIT,Sarah,1934-01-06,F,77
IPP0000947,247059150078301,THOMAS,Louis,1947-05-23,F,91
IPP0000948,214099548857607,PETIT,Antoine,2014-09-22,F,95
IPP0000949,180059163269393,MICHEL,Lea,1980-05-16,M,91
IPP0000950,237017513285887,MICHEL,Chloe,1937-01-19,F,75
IPP0000951,110069243935438,MICHEL,Camille,2010-06-13,M,92
IPP0000952,237119424166453,SIMON,Louis,1937-11-08,F,94
IPP0000953,118027711834622,PETIT,Jean,2018-02-28,M,77
IPP0000954,234089158252833,DAVID,Marc,1934-08-22,F,91
IPP0000955,119087532538780,MOREL,Nicolas,2019-08-19,M,75
IPP0000956,203029510370818,DURAND,Hugo,2003-02-26,F,95
IPP0000957,294119363030739,MICHEL,Camille,1994-11-11,F,93
IPP0000958,193119286187143,FOURNIER,Paul,1993-11-28,M,92
IPP0000959,263019182423272,GIRARD,Pierre,1963-01-10,F,91
IPP0000960,105069258182118,VINCENT,Sarah,2005-06-09,M,92
IPP0000961,256069266884474,SIMON,Antoine,1956-06-26,F,92
IPP0000962,285117820542534,GARCIA,Marc,1985-11-18,F,78
IPP0000963,215097564372168,VINCENT,Emma,2015-09-06,F,75
IPP0000964,257119527596058,FOURNIER,Ines,1957-11-27,F,95
IPP0000965,202127553520646,MICHEL,Thomas,2002-12-21,F,75
IPP0000966,160037786544611,DAVID,Hugo,1960-03-24,M,77
IPP0000967,111049127484479,SIMON,Emma,2011-04-28,M,91
IPP0000968,217109124511770,ROBERT,Paul,2017-10-08,F,91
IPP0000969,161059557444789,DAVID,Marie,1961-05-15,M,95
IPP0000970,150057526580985,MOREAU,Manon,1950-05-05,M,75
IPP0000971,112019580202186,BERNARD,Pierre,2012-01-24,M,95
IPP0000972,207059292397909,DAVID,Chloe,2007-05-28,F,92
IPP0000973,180129324211513,MOREL,Antoine,1980-12-27,M,93
IPP0000974,196117750990659,DUBOIS,Julie,1996-11-27,M,77
IPP0000975,170069182676740,LEROY,Camille,1970-06-27,M,91
IPP0000976,148029499428207,BERTRAND,Camille,1948-02-06,M,94
IPP0000977,205017871797212,THOMAS,Hugo,2005-01-16,F,78
IPP0000978,290117790180491,ROBERT,Chloe,1990-11-08,F,77
IPP0000979,277057586275859,BERNARD,Julie,1977-05-01,F,75
IPP0000980,200077892583273,THOMAS,Manon,2000-07-10,F,78
IPP0000981,186079195094035,MOREAU,Lea,1986-07-01,M,91
IPP0000982,160059393845036,LAURENT,Camille,1960-05-07,M,93
IPP0000983,165029548375536,DAVID,Hugo,1965-02-27,M,95
IPP0000984,242037751906858,MICHEL,Camille,1942-03-23,F,77
IPP0000985,288127565765763,PETIT,Thomas,1988-12-01,F,75
IPP0000986,130077732259037,DUBOIS,Sophie,1930-07-07,M,77
IPP0000987,161099386860952,DAVID,Hugo,1961-09-23,M,93
IPP0000988,291127717870423,MOREL,Hugo,1991-12-05,F,77
IPP0000989,255027818740379,GARCIA,Louis,1955-02-14,F,78
IPP0000990,132019492909205,BERTRAND,Paul,1932-01-18,M,94
IPP0000991,219039163344022,GIRARD,Marc,2019-03-02,F,91
IPP0000992,141069201573690,VINCENT,Camille,1941-06-06,M,92
IPP0000993,216089473120978,DURAND,Marc,2016-08-04,F,94
IPP0000994,293079187721238,GIRARD,Paul,1993-07-05,F,91
IPP0000995,216049341981268,ROBERT,Jean,2016-04-14,F,93
IPP0000996,263049593025510,MICHEL,Louis,1963-04-20,F,95
IPP0000997,240019389333242,GARCIA,Paul,1940-01-16,F,93
IPP0000998,220077707509837,FOURNIER,Marie,2020-07-24,F,77
IPP0000999,172047862196208,GIRARD,Marie,1972-04-16,M,78
IPP0001000,162099131040526,MICHEL,Luc,1962-09-20,M,91
IPP0001001,104039351650527,LAURENT,Thomas,2004-03-09,M,93
IPP0001002,141069114626751,THOMAS,Hugo,1941-06-23,M,91
IPP0001003,146087776637040,DAVID,Lea,1946-08-28,M,77
IPP0001004,208057844791535,PETIT,Hugo,2008-05-17,F,78
IPP0001005,249099505519424,ROBERT,Marie,1949-09-28,F,95
IPP0001006,153017716872303,BERTRAND,Camille,1953-01-16,M,77
IPP0001007,193017872757518,ROUX,Thomas,1993-01-15,M,78
IPP0001008,244129312735884,DUBOIS,Paul,1944-12-28,F,93
IPP0001009,253037757791338,MOREL,Paul,1953-03-24,F,77
IPP0001010,197109194307933,LEROY,Sarah,1997-10-06,M,91
IPP0001011,172019240438375,MOREL,Sophie,1972-01-10,M,92
IPP0001012,249019585172526,ROUX,Thomas,1949-01-03,F,95
IPP0001013,206117899404515,GIRARD,Thomas,2006-11-01,F,78
IPP0001014,202037582166083,SIMON,Hugo,2002-03-07,F,75
IPP0001015,139099109540933,MOREAU,Emma,1939-09-20,M,91
IPP0001016,181029416739895,GARCIA,Lea,1981-02-01,M,94
IPP0001017,145059175482652,SIMON,Ines,1945-05-16,M,91
IPP0001018,175117852520521,ROUX,Thomas,1975-11-04,M,78
IPP0001019,290059109377524,DAVID,Chloe,1990-05-19,F,91
IPP0001020,185119204252633,LAURENT,Thomas,1985-11-14,M,92
IPP0001021,112119395450806,VINCENT,Antoine,2012-11-23,M,93
IPP0001022,167089292982155,ROUX,Lea,1967-08-14,M,92
IPP0001023,146119453643859,SIMON,Louis,1946-11-10,M,94
IPP0001024,100029252343693,DAVID,Sophie,2000-02-02,M,92
IPP0001025,214127736426117,MOREL,Pierre,2014-12-19,F,77
IPP0001026,144129518480656,PETIT,Nicolas,1944-12-22,M,95
IPP0001027,140077732260220,BERTRAND,Thomas,1940-07-23,M,77
IPP0001028,273039308176574,GIRARD,Marc,1973-03-07,F,93
IPP0001029,185097540512064,MARTIN,Emma,1985-09-01,M,75
IPP0001030,288129531163432,GIRARD,Chloe,1988-12-13,F,95
IPP0001031,268029301519639,THOMAS,Jean,1968-02-05,F,93
IPP0001032,133049366624805,DAVID,Manon,1933-04-16,M,93
IPP0001033,141059515248613,DAVID,Jean,1941-05-25,M,95
IPP0001034,151039598749738,ROUX,Jean,1951-03-24,M,95
IPP0001035,204047758485077,GARCIA,Marie,2004-04-07,F,77
IPP0001036,231029142686958,ROUX,Louis,1931-02-21,F,91
IPP0001037,234089552660672,GIRARD,Sarah,1934-08-13,F,95
IPP0001038,137099159132480,FOURNIER,Pierre,1937-09-01,M,91
IPP0001039,212079250763807,MICHEL,Thomas,2012-07-16,F,92
IPP0001040,232039448135371,BERTRAND,Julie,1932-03-10,F,94
IPP0001041,105119513590524,SIMON,Nicolas,2005-11-11,M,95
IPP0001042,216117881648461,PETIT,Ines,2016-11-24,F,78
IPP0001043,166129268449584,ROBERT,Emma,1966-12-24,M,92
IPP0001044,150109281342642,ROUX,Lea,1950-10-16,M,92
IPP0001045,156097536890366,MOREAU,Chloe,1956-09-02,M,75
IPP0001046,152099234644152,THOMAS,Ines,1952-09-02,M,92
IPP0001047,145099526534923,MICHEL,Marie,1945-09-08,M,95
IPP0001048,249129272405213,BERTRAND,Thomas,1949-12-28,F,92
IPP0001049,143109284457681,BERNARD,Antoine,1943-10-20,M,92
IPP0001050,151119493337196,PETIT,Lea,1951-11-04,M,94
IPP0001051,294089215866348,MICHEL,Hugo,1994-08-24,F,92
IPP0001052,145049178878824,MARTIN,Julie,1945-04-15,M,91
IPP0001053,273059308827397,MICHEL,Camille,1973-05-17,F,93
IPP0001054,210119377277212,VINCENT,Camille,2010-11-08,F,93
IPP0001055,147079192047018,VINCENT,Chloe,1947-07-14,M,91
IPP0001056,186037573582680,VINCENT,Pierre,1986-03-25,M,75
IPP0001057,173069344506342,GARCIA,Marie,1973-06-13,M,93
IPP0001058,103017743041245,FOURNIER,Lea,2003-01-21,M,77
IPP0001059,274017792254157,GIRARD,Luc,1974-01-27,F,77
IPP0001060,287119571535459,GARCIA,Paul,1987-11-07,F,95
IPP0001061,240017840074382,ROBERT,Antoine,1940-01-18,F,78
IPP0001062,257027753434931,PETIT,Jean,1957-02-17,F,77
IPP0001063,199109485379394,SIMON,Camille,1999-10-09,M,94
IPP0001064,137067812704928,THOMAS,Thomas,1937-06-09,M,78
IPP0001065,203129534824284,MOREL,Louis,2003-12-01,F,95
IPP0001066,174059373238764,VINCENT,Julie,1974-05-10,M,93
IPP0001067,171099484379896,MICHEL,Thomas,1971-09-19,M,94
IPP0001068,148129108409590,BERNARD,Camille,1948-12-14,M,91
IPP0001069,190049237969468,VINCENT,Nicolas,1990-04-15,M,92
IPP0001070,263109145170668,ROUX,Camille,1963-10-16,F,91
IPP0001071,148099572946995,ROBERT,Antoine,1948-09-05,M,95
IPP0001072,118049503476520,PETIT,Manon,2018-04-15,M,95
IPP0001073,245109111312432,MICHEL,Louis,1945-10-28,F,91
IPP0001074,235099238131310,MICHEL,Lea,1935-09-05,F,92
IPP0001075,292019314680333,MOREL,Camille,1992-01-26,F,93
IPP0001076,169059383975826,ROUX,Jean,1969-05-07,M,93
IPP0001077,100067542849314,MOREL,Lea,2000-06-03,M,75
IPP0001078,273079378114234,VINCENT,Thomas,1973-07-16,F,93
IPP0001079,215087809282009,GIRARD,Ines,2015-08-05,F,78
IPP0001080,279047855404718,BERTRAND,Marc,1979-04-13,F,78
IPP0001081,151127757566160,THOMAS,Manon,1951-12-01,M,77
IPP0001082,154107598158454,VINCENT,Paul,1954-10-18,M,75
IPP0001083,294019398602059,MOREAU,Paul,1994-01-04,F,93
IPP0001084,120109282754701,GIRARD,Hugo,2020-10-15,M,92
IPP0001085,205017534944817,PETIT,Camille,2005-01-16,F,75
IPP0001086,197067709411873,THOMAS,Manon,1997-06-13,M,77
IPP0001087,166037778709283,ROBERT,Lea,1966-03-06,M,77
IPP0001088,216037818602883,BERNARD,Lea,2016-03-02,F,78
IPP0001089,242069191533297,MOREAU,Nicolas,1942-06-05,F,91
IPP0001090,136049450552123,VINCENT,Nicolas,1936-04-08,M,94
IPP0001091,164019556741721,DUBOIS,Sarah,1964-01-11,M,95
IPP0001092,182117527656876,MOREL,Sophie,1982-11-08,M,75
IPP0001093,101119331258240,DAVID,Thomas,2001-11-26,M,93
IPP0001094,111099338355435,PETIT,Julie,2011-09-07,M,93
IPP0001095,201087583347636,GIRARD,Lea,2001-08-02,F,75
IPP0001096,130017761325780,GARCIA,Chloe,1930-01-16,M,77
IPP0001097,104097516675790,FOURNIER,Louis,2004-09-10,M,75
IPP0001098,168029285114417,FOURNIER,Marc,1968-02-13,M,92
IPP0001099,256107890669920,LAURENT,Marc,1956-10-17,F,78
IPP0001100,264047835021611,BERTRAND,Ines,1964-04-22,F,78
IPP0001101,232127562448886,MARTIN,Jean,1932-12-05,F,75
IPP0001102,182099578140339,FOURNIER,Pierre,1982-09-23,M,95
IPP0001103,198019568912729,MICHEL,Nicolas,1998-01-27,M,95
IPP0001104,279037512847420,MICHEL,Paul,1979-03-27,F,75
IPP0001105,231047577728879,MICHEL,Paul,1931-04-24,F,75
IPP0001106,108119424050663,MICHEL,Marie,2008-11-10,M,94
IPP0001107,293129400820125,GARCIA,Sophie,1993-12-23,F,94
IPP0001108,202099356619944,MOREL,Ines,2002-09-16,F,93
IPP0001109,138109213126607,MOREL,Julie,1938-10-05,M,92
IPP0001110,254117769857427,BERTRAND,Jean,1954-11-01,F,77
IPP0001111,212117587596230,LAURENT,Camille,2012-11-21,F,75
IPP0001112,265029550837108,VINCENT,Marie,1965-02-22,F,95
IPP0001113,136059532400640,GARCIA,Paul,1936-05-14,M,95
IPP0001114,240107575623232,DAVID,Pierre,1940-10-26,F,75
IPP0001115,155037706564204,THOMAS,Jean,1955-03-11,M,77
IPP0001116,285017886125753,LEROY,Sophie,1985-01-19,F,78
IPP0001117,260067584234281,VINCENT,Julie,1960-06-27,F,75
IPP0001118,106109264145851,MOREL,Sophie,2006-10-15,M,92
IPP0001119,137017891286922,DUBOIS,Luc,1937-01-13,M,78
IPP0001120,186019106810574,BERNARD,Manon,1986-01-10,M,91
IPP0001121,167079263377145,DAVID,Julie,1967-07-13,M,92
IPP0001122,188079190263632,GIRARD,Sophie,1988-07-15,M,91
IPP0001123,213117546553006,LAURENT,Louis,2013-11-26,F,75
IPP0001124,143029260880910,DURAND,Louis,1943-02-01,M,92
IPP0001125,111097843249301,GIRARD,Thomas,2011-09-09,M,78
IPP0001126,161037506213174,SIMON,Louis,1961-03-26,M,75
IPP0001127,295117831959825,FOURNIER,Luc,1995-11-25,F,78
IPP0001128,190057829937874,MARTIN,Antoine,1990-05-20,M,78
IPP0001129,137047543335302,DURAND,Paul,1937-04-17,M,75
IPP0001130,138069571270931,BERTRAND,Ines,1938-06-07,M,95
IPP0001131,204107742933701,PETIT,Sophie,2004-10-11,F,77
IPP0001132,235087565522977,LEROY,Thomas,1935-08-08,F,75
IPP0001133,160087882775819,GARCIA,Paul,1960-08-24,M,78
IPP0001134,253017507636719,MARTIN,Manon,1953-01-12,F,75
IPP0001135,148059464760059,MICHEL,Marie,1948-05-15,M,94
IPP0001136,155049322590752,MOREAU,Emma,1955-04-10,M,93
IPP0001137,200049402318147,MOREAU,Sophie,2000-04-06,F,94
IPP0001138,116039234795908,DURAND,Lea,2016-03-13,M,92
IPP0001139,260067867717672,VINCENT,Ines,1960-06-26,F,78
IPP0001140,238029381419544,DURAND,Manon,1938-02-05,F,93
IPP0001141,218069165225129,BERNARD,Ines,2018-06-11,F,91
IPP0001142,198059333625437,BERNARD,Marc,1998-05-26,M,93
IPP0001143,195109474508468,ROUX,Ines,1995-10-16,M,94
IPP0001144,151097851153294,BERTRAND,Emma,1951-09-13,M,78
IPP0001145,277099573397931,ROUX,Sarah,1977-09-23,F,95
IPP0001146,204077521322503,DURAND,Thomas,2004-07-21,F,75
IPP0001147,180049191138764,MOREL,Emma,1980-04-10,M,91
IPP0001148,262099377008720,SIMON,Thomas,1962-09-03,F,93
IPP0001149,259109552563742,LAURENT,Camille,1959-10-02,F,95
IPP0001150,289077882451034,LAURENT,Marc,1989-07-14,F,78
IPP0001151,233039427266167,DUBOIS,Chloe,1933-03-15,F,94
IPP0001152,167099280528460,LEROY,Sophie,1967-09-17,M,92
IPP0001153,139069434220273,LAURENT,Marc,1939-06-02,M,94
IPP0001154,217059387677143,FOURNIER,Marc,2017-05-07,F,93
IPP0001155,168057880241491,GARCIA,Louis,1968-05-27,M,78
IPP0001156,190119388740840,LEROY,Julie,1990-11-17,M,93
IPP0001157,190049574083475,BERTRAND,Hugo,1990-04-17,M,95
IPP0001158,170049121545031,BERTRAND,Manon,1970-04-14,M,91
IPP0001159,177039331396642,MARTIN,Sarah,1977-03-19,M,93
IPP0001160,273049170377105,GARCIA,Manon,1973-04-14,F,91
IPP0001161,271107594514313,ROBERT,Hugo,1971-10-01,F,75
IPP0001162,278049254839605,DURAND,Sarah,1978-04-13,F,92
IPP0001163,172107709617680,THOMAS,Manon,1972-10-15,M,77
IPP0001164,134129502819220,DURAND,Pierre,1934-12-20,M,95
IPP0001165,266047767653724,DUBOIS,Thomas,1966-04-08,F,77
IPP0001166,177099333588148,DAVID,Nicolas,1977-09-01,M,93
IPP0001167,144039149076103,DUBOIS,Nicolas,1944-03-18,M,91
IPP0001168,146049183872788,ROUX,Emma,1946-04-10,M,91
IPP0001169,205049528320797,MARTIN,Luc,2005-04-17,F,95
IPP0001170,238079453933757,MOREL,Sarah,1938-07-20,F,94
IPP0001171,289109229566296,BERTRAND,Chloe,1989-10-02,F,92
IPP0001172,280109342625690,PETIT,Ines,1980-10-27,F,93
IPP0001173,288079371658332,THOMAS,Nicolas,1988-07-22,F,93
IPP0001174,160037768393931,DUBOIS,Paul,1960-03-09,M,77
IPP0001175,282097807977488,THOMAS,Antoine,1982-09-04,F,78
IPP0001176,282087721351920,BERNARD,Thomas,1982-08-06,F,77
IPP0001177,139119539135258,GARCIA,Paul,1939-11-23,M,95
IPP0001178,234019272794079,ROBERT,Hugo,1934-01-09,F,92
IPP0001179,292089256267344,LEROY,Thomas,1992-08-03,F,92
IPP0001180,190059317585995,MARTIN,Ines,1990-05-27,M,93
IPP0001181,152059117308037,MARTIN,Marc,1952-05-04,M,91
IPP0001182,186069473203610,FOURNIER,Paul,1986-06-06,M,94
IPP0001183,219019240070790,SIMON,Thomas,2019-01-27,F,92
IPP0001184,106019178620706,LEROY,Chloe,2006-01-02,M,91
IPP0001185,155029102901556,LAURENT,Paul,1955-02-01,M,91
IPP0001186,158029374217236,BERNARD,Camille,1958-02-26,M,93
IPP0001187,171069464021330,FOURNIER,Nicolas,1971-06-18,M,94
IPP0001188,245049236633265,PETIT,Jean,1945-04-07,F,92
IPP0001189,213069121847077,LEROY,Pierre,2013-06-01,F,91
IPP0001190,213107506990747,DURAND,Camille,2013-10-12,F,75
IPP0001191,206089325898343,THOMAS,Ines,2006-08-04,F,93
IPP0001192,210129334118067,LAURENT,Sarah,2010-12-13,F,93
IPP0001193,172019539252419,LEROY,Antoine,1972-01-20,M,95
IPP0001194,159019231724367,DAVID,Julie,1959-01-20,M,92
IPP0001195,137039530420767,ROBERT,Nicolas,1937-03-12,M,95
IPP0001196,112019575789973,LAURENT,Luc,2012-01-08,M,95
IPP0001197,270117553481103,DAVID,Lea,1970-11-26,F,75
IPP0001198,159127824921174,FOURNIER,Marie,1959-12-11,M,78
IPP0001199,117129462389479,GARCIA,Antoine,2017-12-24,M,94
IPP0001200,253087506789171,ROUX,Pierre,1953-08-21,F,75
IPP0001201,136119412909408,PETIT,Louis,1936-11-05,M,94
IPP0001202,160099174347958,SIMON,Emma,1960-09-03,M,91
IPP0001203,161079431129344,MOREL,Thomas,1961-07-06,M,94
IPP0001204,164087840838757,PETIT,Sarah,1964-08-03,M,78
IPP0001205,284099177916011,ROUX,Jean,1984-09-20,F,91
IPP0001206,284027761055109,ROBERT,Manon,1984-02-25,F,77
IPP0001207,162077746529107,GARCIA,Manon,1962-07-15,M,77
IPP0001208,239069520115901,DURAND,Jean,1939-06-05,F,95
IPP0001209,194127850441511,DAVID,Nicolas,1994-12-24,M,78
IPP0001210,279089241990781,BERNARD,Sophie,1979-08-10,F,92
IPP0001211,202039198126202,MICHEL,Antoine,2002-03-07,F,91
IPP0001212,211127566739515,DAVID,Julie,2011-12-12,F,75
IPP0001213,191017864772439,MARTIN,Luc,1991-01-27,M,78
IPP0001214,207089326125451,GIRARD,Louis,2007-08-22,F,93
IPP0001215,131029266072988,GARCIA,Nicolas,1931-02-25,M,92
IPP0001216,196049385043835,MOREAU,Lea,1996-04-14,M,93
IPP0001217,205059177189822,DUBOIS,Sophie,2005-05-24,F,91
IPP0001218,248059495376771,GARCIA,Lea,1948-05-24,F,94
IPP0001219,151089207279396,DAVID,Antoine,1951-08-01,M,92
IPP0001220,213059117518188,MICHEL,Emma,2013-05-24,F,91
IPP0001221,155089246258152,DURAND,Emma,1955-08-06,M,92
IPP0001222,137129426692479,DAVID,Thomas,1937-12-06,M,94
IPP0001223,111037708838776,THOMAS,Marc,2011-03-03,M,77
IPP0001224,173019449049791,THOMAS,Jean,1973-01-19,M,94
IPP0001225,164017510021727,VINCENT,Jean,1964-01-22,M,75
IPP0001226,207097795549896,ROUX,Hugo,2007-09-25,F,77
IPP0001227,273067832383782,LEROY,Chloe,1973-06-22,F,78
IPP0001228,278107889533920,THOMAS,Jean,1978-10-02,F,78
IPP0001229,219079302761790,THOMAS,Antoine,2019-07-24,F,93
IPP0001230,219049563470325,ROUX,Antoine,2019-04-12,F,95
IPP0001231,214047801864957,MICHEL,Marie,2014-04-01,F,78
IPP0001232,216089541075715,GIRARD,Pierre,2016-08-08,F,95
IPP0001233,284089275239558,SIMON,Ines,1984-08-22,F,92
IPP0001234,148097513151007,DUBOIS,Lea,1948-09-19,M,75
IPP0001235,251089567955436,LEROY,Julie,1951-08-04,F,95
IPP0001236,151119210944660,MARTIN,Emma,1951-11-23,M,92
IPP0001237,279057768248848,THOMAS,Luc,1979-05-08,F,77
IPP0001238,241129495559061,GIRARD,Pierre,1941-12-11,F,94
IPP0001239,278129167065821,FOURNIER,Camille,1978-12-24,F,91
IPP0001240,158057709011554,DUBOIS,Hugo,1958-05-04,M,77
IPP0001241,144109387432139,GARCIA,Louis,1944-10-12,M,93
IPP0001242,169019486839807,DAVID,Hugo,1969-01-19,M,94
IPP0001243,216039411040502,MARTIN,Manon,2016-03-17,F,94
IPP0001244,270037785822596,ROUX,Thomas,1970-03-27,F,77
IPP0001245,106057561432812,SIMON,Antoine,2006-05-05,M,75
IPP0001246,165129564784932,DURAND,Sarah,1965-12-19,M,95
IPP0001247,220077815784801,DURAND,Julie,2020-07-02,F,78
IPP0001248,152089130783563,PETIT,Jean,1952-08-24,M,91
IPP0001249,273079535777638,GARCIA,Nicolas,1973-07-22,F,95
IPP0001250,197127771494644,DURAND,Manon,1997-12-10,M,77
IPP0001251,242037587195811,SIMON,Thomas,1942-03-11,F,75
IPP0001252,103039529991907,ROBERT,Paul,2003-03-15,M,95
IPP0001253,155127537174438,MOREL,Sophie,1955-12-21,M,75
IPP0001254,178079394905824,THOMAS,Chloe,1978-07-22,M,93
IPP0001255,252017860844551,ROBERT,Nicolas,1952-01-04,F,78
IPP0001256,134029150131016,GIRARD,Emma,1934-02-08,M,91
IPP0001257,218119279747567,GARCIA,Marc,2018-11-22,F,92
IPP0001258,277019208512505,ROUX,Antoine,1977-01-04,F,92
IPP0001259,132109528171128,THOMAS,Louis,1932-10-19,M,95
IPP0001260,179089130658686,ROBERT,Sophie,1979-08-21,M,91
IPP0001261,238129341683360,MARTIN,Nicolas,1938-12-28,F,93
IPP0001262,238099277277290,DURAND,Sophie,1938-09-27,F,92
IPP0001263,106127556945883,LAURENT,Sophie,2006-12-06,M,75
IPP0001264,146109309057623,MOREAU,Marie,1946-10-07,M,93
IPP0001265,145097899055857,PETIT,Camille,1945-09-10,M,78
IPP0001266,161057767554764,BERTRAND,Luc,1961-05-02,M,77
IPP0001267,218067862155239,VINCENT,Paul,2018-06-17,F,78
IPP0001268,114017519314649,SIMON,Paul,2014-01-08,M,75
IPP0001269,107097828513221,GIRARD,Camille,2007-09-07,M,78
IPP0001270,100059166692644,PETIT,Nicolas,2000-05-09,M,91
IPP0001271,240059196371208,ROBERT,Manon,1940-05-22,F,91
IPP0001272,139117764971408,DURAND,Chloe,1939-11-24,M,77
IPP0001273,183039138902713,GIRARD,Julie,1983-03-11,M,91
IPP0001274,164029270156227,DAVID,Pierre,1964-02-18,M,92
IPP0001275,211027879728063,ROBERT,Julie,2011-02-12,F,78
IPP0001276,231029438897541,THOMAS,Sophie,1931-02-13,F,94
IPP0001277,197129509854212,MICHEL,Louis,1997-12-10,M,95
IPP0001278,200059291905043,PETIT,Hugo,2000-05-20,F,92
IPP0001279,253069148960735,ROBERT,Marc,1953-06-26,F,91
IPP0001280,117099367413068,ROBERT,Nicolas,2017-09-23,M,93
IPP0001281,236127872579759,LEROY,Ines,1936-12-21,F,78
IPP0001282,220089536381804,BERTRAND,Antoine,2020-08-06,F,95
IPP0001283,265079431365159,DUBOIS,Lea,1965-07-17,F,94
IPP0001284,270029207974818,LEROY,Pierre,1970-02-21,F,92
IPP0001285,103017756895221,ROUX,Jean,2003-01-03,M,77
IPP0001286,216099349251006,VINCENT,Manon,2016-09-24,F,93
IPP0001287,181019493385222,MARTIN,Camille,1981-01-20,M,94
IPP0001288,261127562246014,PETIT,Antoine,1961-12-22,F,75
IPP0001289,152029352736291,BERNARD,Camille,1952-02-12,M,93
IPP0001290,278039234793647,LEROY,Manon,1978-03-12,F,92
IPP0001291,167057727221963,MARTIN,Louis,1967-05-16,M,77
IPP0001292,257057595847591,GIRARD,Sarah,1957-05-21,F,75
IPP0001293,175019533730691,MICHEL,Sophie,1975-01-20,M,95
IPP0001294,174129136401007,THOMAS,Camille,1974-12-06,M,91
IPP0001295,255029342112711,ROUX,Jean,1955-02-17,F,93
IPP0001296,114059540538456,SIMON,Chloe,2014-05-08,M,95
IPP0001297,253097711245094,BERTRAND,Emma,1953-09-26,F,77
IPP0001298,175127536890554,DURAND,Sophie,1975-12-14,M,75
IPP0001299,166019143276250,LAURENT,Marie,1966-01-05,M,91
IPP0001300,115047712243292,ROUX,Manon,2015-04-16,M,77
IPP0001301,217127877078342,GARCIA,Antoine,2017-12-05,F,78
IPP0001302,246027513016032,MICHEL,Antoine,1946-02-04,F,75
IPP0001303,117047844061244,MARTIN,Camille,2017-04-02,M,78
IPP0001304,267059278044055,LEROY,Ines,1967-05-16,F,92
IPP0001305,195037778611824,MOREAU,Julie,1995-03-08,M,77
IPP0001306,255089271874812,VINCENT,Ines,1955-08-23,F,92
IPP0001307,154109323512401,ROBERT,Nicolas,1954-10-21,M,93
IPP0001308,165049101963257,DURAND,Pierre,1965-04-05,M,91
IPP0001309,178077771764935,LEROY,Julie,1978-07-17,M,77
IPP0001310,284089166005383,SIMON,Sophie,1984-08-02,F,91
IPP0001311,276059125332843,BERNARD,Emma,1976-05-12,F,91
IPP0001312,130017821829333,ROUX,Marc,1930-01-22,M,78
IPP0001313,185039537334368,SIMON,Sophie,1985-03-09,M,95
IPP0001314,115019334037021,MICHEL,Louis,2015-01-22,M,93
IPP0001315,260119459939496,DUBOIS,Sophie,1960-11-09,F,94
IPP0001316,110129204360130,DURAND,Paul,2010-12-20,M,92
IPP0001317,242027830974314,ROUX,Paul,1942-02-18,F,78
IPP0001318,135039156472902,MOREAU,Manon,1935-03-07,M,91
IPP0001319,276089293344712,DUBOIS,Sarah,1976-08-21,F,92
IPP0001320,297097517161435,MOREAU,Luc,1997-09-26,F,75
IPP0001321,235109475983541,GARCIA,Sarah,1935-10-02,F,94
IPP0001322,151089157679932,GARCIA,Nicolas,1951-08-25,M,91
IPP0001323,256039358622472,MOREL,Jean,1956-03-01,F,93
IPP0001324,294127731187382,LEROY,Lea,1994-12-24,F,77
IPP0001325,200029404754793,LEROY,Lea,2000-02-06,F,94
IPP0001326,111039327789562,BERNARD,Julie,2011-03-09,M,93
IPP0001327,198027864862077,MICHEL,Hugo,1998-02-01,M,78
IPP0001328,120099341992088,GIRARD,Lea,2020-09-09,M,93
IPP0001329,237117584436541,LEROY,Marc,1937-11-27,F,75
IPP0001330,162019274076495,GARCIA,Marc,1962-01-18,M,92
IPP0001331,186047720959647,GARCIA,Luc,1986-04-11,M,77
IPP0001332,259129137815233,ROUX,Pierre,1959-12-24,F,91
IPP0001333,253089319458459,ROUX,Emma,1953-08-06,F,93
IPP0001334,232059383840439,GIRARD,Paul,1932-05-06,F,93
IPP0001335,148029446693166,GARCIA,Sophie,1948-02-14,M,94
IPP0001336,131109139402206,THOMAS,Jean,1931-10-04,M,91
IPP0001337,146049227514771,GIRARD,Jean,1946-04-25,M,92
IPP0001338,143097887472573,DUBOIS,Paul,1943-09-24,M,78
IPP0001339,191109331534034,ROUX,Luc,1991-10-15,M,93
IPP0001340,137097764355723,THOMAS,Jean,1937-09-23,M,77
IPP0001341,143099252490821,DAVID,Luc,1943-09-10,M,92
IPP0001342,158019139515129,MICHEL,Lea,1958-01-08,M,91
IPP0001343,117079250417475,THOMAS,Julie,2017-07-22,M,92
IPP0001344,166067812237085,DUBOIS,Marie,1966-06-03,M,78
IPP0001345,152077861518652,DAVID,Luc,1952-07-17,M,78
IPP0001346,209059227893995,ROUX,Chloe,2009-05-12,F,92
IPP0001347,239019379767212,ROBERT,Hugo,1939-01-28,F,93
IPP0001348,179089583506948,THOMAS,Louis,1979-08-24,M,95
IPP0001349,265037813118746,GARCIA,Chloe,1965-03-03,F,78
IPP0001350,293079161781359,LAURENT,Luc,1993-07-16,F,91
IPP0001351,179079555254790,ROUX,Manon,1979-07-18,M,95
IPP0001352,179029154059245,LEROY,Pierre,1979-02-19,M,91
IPP0001353,176017537257242,ROUX,Luc,1976-01-07,M,75
IPP0001354,137069330247261,ROBERT,Manon,1937-06-12,M,93
IPP0001355,261049405876580,ROBERT,Sophie,1961-04-27,F,94
IPP0001356,178129138105631,THOMAS,Louis,1978-12-01,M,91
IPP0001357,191109303115113,MICHEL,Luc,1991-10-28,M,93
IPP0001358,161029115478493,PETIT,Sarah,1961-02-01,M,91
IPP0001359,197129542274085,LAURENT,Thomas,1997-12-10,M,95
IPP0001360,166027590365852,BERNARD,Ines,1966-02-05,M,75
IPP0001361,194039185343485,BERTRAND,Manon,1994-03-01,M,91
IPP0001362,203099443495469,PETIT,Marc,2003-09-10,F,94
IPP0001363,196079441163432,BERNARD,Julie,1996-07-05,M,94
IPP0001364,253129283771037,BERTRAND,Sarah,1953-12-18,F,92
IPP0001365,213119116905604,MICHEL,Camille,2013-11-13,F,91
IPP0001366,164029237261844,LAURENT,Jean,1964-02-04,M,92
IPP0001367,166039206721707,GIRARD,Jean,1966-03-18,M,92
IPP0001368,254097524727606,DUBOIS,Louis,1954-09-07,F,75
IPP0001369,102087532309603,SIMON,Jean,2002-08-02,M,75
IPP0001370,266079432377076,GARCIA,Chloe,1966-07-17,F,94
IPP0001371,119117841891923,VINCENT,Sophie,2019-11-04,M,78
IPP0001372,133109148960168,BERNARD,Lea,1933-10-26,M,91
IPP0001373,149119290764179,DUBOIS,Julie,1949-11-15,M,92
IPP0001374,117119398751426,VINCENT,Ines,2017-11-05,M,93
IPP0001375,287037736963936,DAVID,Marie,1987-03-11,F,77
IPP0001376,260049298215737,MOREL,Sarah,1960-04-20,F,92
IPP0001377,131037756188921,DUBOIS,Sarah,1931-03-25,M,77
IPP0001378,188067716607051,MOREAU,Louis,1988-06-06,M,77
IPP0001379,275029372879121,BERTRAND,Marc,1975-02-03,F,93
IPP0001380,262089396312791,MOREL,Sarah,1962-08-21,F,93
IPP0001381,176059187863548,ROBERT,Thomas,1976-05-13,M,91
IPP0001382,295107808669911,DAVID,Antoine,1995-10-11,F,78
IPP0001383,263117575981096,LEROY,Manon,1963-11-02,F,75
IPP0001384,149029116358429,GARCIA,Pierre,1949-02-10,M,91
IPP0001385,179089235847862,BERTRAND,Manon,1979-08-22,M,92
IPP0001386,243029294098311,GARCIA,Camille,1943-02-06,F,92
IPP0001387,181067835161988,ROUX,Paul,1981-06-03,M,78
IPP0001388,244057555916015,ROUX,Luc,1944-05-15,F,75
IPP0001389,170109106495974,MICHEL,Camille,1970-10-02,M,91
IPP0001390,257017597677758,DAVID,Marc,1957-01-07,F,75
IPP0001391,211039307128116,GARCIA,Pierre,2011-03-03,F,93
IPP0001392,287079468691540,MOREAU,Emma,1987-07-17,F,94
IPP0001393,141077716920412,MICHEL,Camille,1941-07-11,M,77
IPP0001394,290099398971484,DAVID,Chloe,1990-09-23,F,93
IPP0001395,231099408074124,MOREL,Ines,1931-09-26,F,94
IPP0001396,171117801515547,BERTRAND,Luc,1971-11-27,M,78
IPP0001397,270029127053458,MARTIN,Thomas,1970-02-26,F,91
IPP0001398,111089203822456,DURAND,Camille,2011-08-21,M,92
IPP0001399,106077821597633,DURAND,Louis,2006-07-07,M,78
IPP0001400,177067791931565,VINCENT,Sophie,1977-06-01,M,77
IPP0001401,213089136136102,FOURNIER,Camille,2013-08-14,F,91
IPP0001402,244039138318256,FOURNIER,Ines,1944-03-15,F,91
IPP0001403,199077786667638,DAVID,Lea,1999-07-13,M,77
IPP0001404,141027563295589,DAVID,Sophie,1941-02-03,M,75
IPP0001405,209099551659671,BERNARD,Lea,2009-09-04,F,95
IPP0001406,257049556539160,THOMAS,Paul,1957-04-25,F,95
IPP0001407,245069542393036,GARCIA,Jean,1945-06-26,F,95
IPP0001408,258097790167510,MOREAU,Lea,1958-09-10,F,77
IPP0001409,216049103401652,MARTIN,Luc,2016-04-01,F,91
IPP0001410,296127834417553,MOREL,Camille,1996-12-20,F,78
IPP0001411,101079184905366,MOREL,Camille,2001-07-07,M,91
IPP0001412,111079341392689,LAURENT,Antoine,2011-07-24,M,93
IPP0001413,185049351712216,MOREL,Nicolas,1985-04-04,M,93
IPP0001414,200039409609660,MARTIN,Camille,2000-03-11,F,94
IPP0001415,110107563372593,FOURNIER,Pierre,2010-10-05,M,75
IPP0001416,233129346565085,MICHEL,Emma,1933-12-24,F,93
IPP0001417,113049454986172,LEROY,Nicolas,2013-04-10,M,94
IPP0001418,214019295814862,MARTIN,Louis,2014-01-09,F,92
IPP0001419,144089211014643,SIMON,Marc,1944-08-20,M,92
IPP0001420,141027893585935,DURAND,Nicolas,1941-02-16,M,78
IPP0001421,192019249998310,DUBOIS,Paul,1992-01-14,M,92
IPP0001422,278069582816532,PETIT,Lea,1978-06-21,F,95
IPP0001423,152117512135210,MICHEL,Sarah,1952-11-19,M,75
IPP0001424,150097794912547,DURAND,Ines,1950-09-24,M,77
IPP0001425,198019322288843,MICHEL,Sophie,1998-01-17,M,93
IPP0001426,133069408674634,ROBERT,Marc,1933-06-05,M,94
IPP0001427,291047872656557,SIMON,Thomas,1991-04-03,F,78
IPP0001428,285099425717803,DURAND,Marc,1985-09-13,F,94
IPP0001429,243107717081448,DURAND,Sarah,1943-10-26,F,77
IPP0001430,287077783632779,GIRARD,Sophie,1987-07-20,F,77
IPP0001431,284047838392053,DUBOIS,Thomas,1984-04-19,F,78
IPP0001432,134099130161996,VINCENT,Chloe,1934-09-09,M,91
IPP0001433,233027844081047,PETIT,Chloe,1933-02-06,F,78
IPP0001434,139047838114935,LAURENT,Sophie,1939-04-22,M,78
IPP0001435,170127821947772,MOREL,Hugo,1970-12-01,M,78
IPP0001436,101027761721878,VINCENT,Paul,2001-02-13,M,77
IPP0001437,101059258891588,DAVID,Camille,2001-05-23,M,92
IPP0001438,270047582250692,ROUX,Marie,1970-04-07,F,75
IPP0001439,283029517661614,LAURENT,Louis,1983-02-04,F,95
IPP0001440,260107701966019,MOREL,Jean,1960-10-01,F,77
IPP0001441,266039103891856,FOURNIER,Antoine,1966-03-27,F,91
IPP0001442,173119248209871,DAVID,Lea,1973-11-01,M,92
IPP0001443,270069257079450,LAURENT,Sarah,1970-06-13,F,92
IPP0001444,180059550687096,THOMAS,Chloe,1980-05-23,M,95
IPP0001445,133047514310825,LAURENT,Camille,1933-04-02,M,75
IPP0001446,151027883692524,FOURNIER,Jean,1951-02-07,M,78
IPP0001447,163017597031271,DUBOIS,Marc,1963-01-04,M,75
IPP0001448,218109127771614,PETIT,Luc,2018-10-26,F,91
IPP0001449,245039377259988,DAVID,Thomas,1945-03-11,F,93
IPP0001450,196099567850216,MOREAU,Hugo,1996-09-08,M,95
IPP0001451,258027772908522,MICHEL,Manon,1958-02-09,F,77
IPP0001452,114119471208003,DUBOIS,Sarah,2014-11-24,M,94
IPP0001453,157019448083957,GARCIA,Paul,1957-01-22,M,94
IPP0001454,243067877996860,SIMON,Thomas,1943-06-07,F,78
IPP0001455,194029493937388,GARCIA,Thomas,1994-02-05,M,94
IPP0001456,181047743416980,SIMON,Louis,1981-04-03,M,77
IPP0001457,148089224701737,BERTRAND,Emma,1948-08-04,M,92
IPP0001458,233089536127270,THOMAS,Manon,1933-08-22,F,95
IPP0001459,175079340751566,DAVID,Antoine,1975-07-07,M,93
IPP0001460,236087810105161,GARCIA,Camille,1936-08-09,F,78
IPP0001461,167049360928314,VINCENT,Ines,1967-04-13,M,93
IPP0001462,296077566225537,THOMAS,Julie,1996-07-04,F,75
IPP0001463,136017724506854,FOURNIER,Sophie,1936-01-19,M,77
IPP0001464,258109140240349,THOMAS,Julie,1958-10-23,F,91
IPP0001465,293049435665363,SIMON,Ines,1993-04-06,F,94
IPP0001466,230029575731334,LEROY,Emma,1930-02-06,F,95
IPP0001467,217029334192283,BERTRAND,Luc,2017-02-06,F,93
IPP0001468,115087802218281,MOREAU,Pierre,2015-08-14,M,78
IPP0001469,116017899348671,MOREL,Jean,2016-01-20,M,78
IPP0001470,261087583901890,MOREL,Lea,1961-08-04,F,75
IPP0001471,197099379409750,THOMAS,Lea,1997-09-06,M,93
IPP0001472,287087855926402,ROUX,Marc,1987-08-24,F,78
IPP0001473,288017830972887,LAURENT,Antoine,1988-01-27,F,78
IPP0001474,244057515242133,LEROY,Luc,1944-05-22,F,75
IPP0001475,293019136921250,DUBOIS,Paul,1993-01-08,F,91
IPP0001476,211029598289832,VINCENT,Emma,2011-02-09,F,95
IPP0001477,216069160442832,MOREAU,Lea,2016-06-11,F,91
IPP0001478,135107885562881,THOMAS,Camille,1935-10-17,M,78
IPP0001479,202069299300913,ROUX,Luc,2002-06-10,F,92
IPP0001480,217037763957289,PETIT,Lea,2017-03-17,F,77
IPP0001481,266027701646576,BERNARD,Paul,1966-02-26,F,77
IPP0001482,205029531400615,DAVID,Chloe,2005-02-02,F,95
IPP0001483,136057890029106,VINCENT,Manon,1936-05-05,M,78
IPP0001484,141129375120250,DAVID,Louis,1941-12-09,M,93
IPP0001485,167049595636442,LEROY,Nicolas,1967-04-02,M,95
IPP0001486,281027761231937,PETIT,Louis,1981-02-09,F,77
IPP0001487,216069370078737,DURAND,Marc,2016-06-26,F,93
IPP0001488,183097731308887,SIMON,Louis,1983-09-07,M,77
IPP0001489,299039109914204,VINCENT,Thomas,1999-03-13,F,91
IPP0001490,294117848036338,DAVID,Thomas,1994-11-23,F,78
IPP0001491,282087598178647,DAVID,Pierre,1982-08-01,F,75
IPP0001492,108059459552565,MICHEL,Luc,2008-05-26,M,94
IPP0001493,236079168700706,BERTRAND,Antoine,1936-07-05,F,91
IPP0001494,236027785066690,THOMAS,Hugo,1936-02-02,F,77
IPP0001495,167107888606388,THOMAS,Louis,1967-10-16,M,78
IPP0001496,119049357675967,ROUX,Luc,2019-04-17,M,93
IPP0001497,116119330964412,SIMON,Jean,2016-11-28,M,93
IPP0001498,209129206900143,ROBERT,Ines,2009-12-07,F,92
IPP0001499,196029410748605,MARTIN,Antoine,1996-02-08,M,94
IPP0001500,280017741549680,PETIT,Julie,1980-01-04,F,77
IPP0001501,208119244315056,MARTIN,Emma,2008-11-15,F,92
IPP0001502,114049448849288,SIMON,Lea,2014-04-06,M,94
IPP0001503,105087740139672,THOMAS,Thomas,2005-08-12,M,77
IPP0001504,284037746912426,MOREL,Nicolas,1984-03-01,F,77
IPP0001505,104059504493063,MICHEL,Luc,2004-05-02,M,95
IPP0001506,288059336751364,VINCENT,Paul,1988-05-01,F,93
IPP0001507,220099217967244,ROBERT,Chloe,2020-09-13,F,92
IPP0001508,288129328680484,SIMON,Nicolas,1988-12-28,F,93
IPP0001509,112089562167527,PETIT,Louis,2012-08-13,M,95
IPP0001510,246127859963321,GARCIA,Pierre,1946-12-11,F,78
IPP0001511,133129409968295,THOMAS,Sarah,1933-12-06,M,94
IPP0001512,271049410892267,PETIT,Nicolas,1971-04-25,F,94
IPP0001513,238017711803959,DUBOIS,Thomas,1938-01-20,F,77
IPP0001514,207117594617992,LAURENT,Sophie,2007-11-27,F,75
IPP0001515,278039420125906,ROUX,Thomas,1978-03-21,F,94
IPP0001516,258049344583421,VINCENT,Paul,1958-04-24,F,93
IPP0001517,104019220903502,ROBERT,Jean,2004-01-21,M,92
IPP0001518,282109234919067,VINCENT,Sarah,1982-10-18,F,92
IPP0001519,156109551336102,MICHEL,Ines,1956-10-27,M,95
IPP0001520,138089189507370,MOREL,Pierre,1938-08-14,M,91
IPP0001521,196059251123770,BERNARD,Ines,1996-05-04,M,92
IPP0001522,232047794584901,MOREAU,Nicolas,1932-04-27,F,77
IPP0001523,238039254859009,LEROY,Antoine,1938-03-10,F,92
IPP0001524,281109259748346,MOREAU,Jean,1981-10-02,F,92
IPP0001525,173079434391013,BERNARD,Luc,1973-07-09,M,94
IPP0001526,100127524250651,DUBOIS,Louis,2000-12-11,M,75
IPP0001527,174029290956584,ROUX,Luc,1974-02-14,M,92
IPP0001528,235029552023194,MICHEL,Camille,1935-02-02,F,95
IPP0001529,268047502779385,DURAND,Manon,1968-04-01,F,75
IPP0001530,217117556649417,BERNARD,Nicolas,2017-11-24,F,75
IPP0001531,219039156314292,THOMAS,Thomas,2019-03-14,F,91
IPP0001532,108069435244876,BERNARD,Julie,2008-06-12,M,94
IPP0001533,141109442376652,FOURNIER,Louis,1941-10-01,M,94
IPP0001534,131127507905986,ROBERT,Thomas,1931-12-08,M,75
IPP0001535,166017861767183,LEROY,Lea,1966-01-11,M,78
IPP0001536,107079267307952,DUBOIS,Marc,2007-07-16,M,92
IPP0001537,193127892093855,LEROY,Thomas,1993-12-24,M,78
IPP0001538,276099454091544,MOREAU,Hugo,1976-09-10,F,94
IPP0001539,136069528708124,DURAND,Luc,1936-06-14,M,95
IPP0001540,169129412638252,ROBERT,Marie,1969-12-18,M,94
IPP0001541,119089597611768,MARTIN,Sarah,2019-08-21,M,95
IPP0001542,164059130884863,DUBOIS,Marie,1964-05-19,M,91
IPP0001543,208077588439274,GARCIA,Thomas,2008-07-16,F,75
IPP0001544,158049367644232,FOURNIER,Marie,1958-04-13,M,93
IPP0001545,234097896002737,GIRARD,Hugo,1934-09-25,F,78
IPP0001546,205047535074430,GIRARD,Camille,2005-04-25,F,75
IPP0001547,237029197673978,SIMON,Manon,1937-02-18,F,91
IPP0001548,284107716798493,GARCIA,Thomas,1984-10-24,F,77
IPP0001549,146017708825612,FOURNIER,Lea,1946-01-09,M,77
IPP0001550,203077737127657,MOREAU,Ines,2003-07-02,F,77
IPP0001551,145057885727102,PETIT,Thomas,1945-05-19,M,78
IPP0001552,232089503899070,MICHEL,Sarah,1932-08-01,F,95
IPP0001553,182019228491930,GIRARD,Manon,1982-01-19,M,92
IPP0001554,238087778580655,MOREAU,Marc,1938-08-06,F,77
IPP0001555,246049315189358,GIRARD,Marie,1946-04-21,F,93
IPP0001556,144119370151903,BERTRAND,Louis,1944-11-02,M,93
IPP0001557,235099406397507,MOREAU,Marc,1935-09-23,F,94
IPP0001558,116067561524180,MICHEL,Sophie,2016-06-18,M,75
IPP0001559,194089224320939,LAURENT,Louis,1994-08-04,M,92
IPP0001560,217079189729077,ROBERT,Jean,2017-07-03,F,91
IPP0001561,207069191966895,MICHEL,Sarah,2007-06-11,F,91
IPP0001562,209017804629856,ROBERT,Louis,2009-01-06,F,78
IPP0001563,143107852473308,VINCENT,Louis,1943-10-07,M,78
IPP0001564,257077567374462,ROBERT,Nicolas,1957-07-27,F,75
IPP0001565,139049155275163,THOMAS,Antoine,1939-04-19,M,91
IPP0001566,107089532527645,DURAND,Louis,2007-08-22,M,95
IPP0001567,261067823746731,LAURENT,Sophie,1961-06-08,F,78
IPP0001568,186127808236122,FOURNIER,Antoine,1986-12-14,M,78
IPP0001569,176119446080616,DAVID,Julie,1976-11-16,M,94
IPP0001570,198049169159941,ROBERT,Ines,1998-04-25,M,91
IPP0001571,266069208441969,DAVID,Antoine,1966-06-11,F,92
IPP0001572,103089492218506,BERTRAND,Jean,2003-08-21,M,94
IPP0001573,145079576110403,ROBERT,Marie,1945-07-09,M,95
IPP0001574,233129213652816,VINCENT,Nicolas,1933-12-06,F,92
IPP0001575,275039473030152,THOMAS,Hugo,1975-03-13,F,94
IPP0001576,205109274004713,DUBOIS,Chloe,2005-10-20,F,92
IPP0001577,282119129777617,ROUX,Luc,1982-11-15,F,91
IPP0001578,105099391800854,MOREL,Louis,2005-09-03,M,93
IPP0001579,216119132945095,PETIT,Antoine,2016-11-15,F,91
IPP0001580,242049535005020,MOREL,Antoine,1942-04-10,F,95
IPP0001581,266067877618302,ROBERT,Marie,1966-06-13,F,78
IPP0001582,185097810235610,SIMON,Emma,1985-09-09,M,78
IPP0001583,166059523090704,PETIT,Lea,1966-05-16,M,95
IPP0001584,207027714509945,DURAND,Manon,2007-02-08,F,77
IPP0001585,133109400750194,MARTIN,Chloe,1933-10-02,M,94
IPP0001586,166109553413083,BERTRAND,Lea,1966-10-14,M,95
IPP0001587,120029150627010,DUBOIS,Luc,2020-02-15,M,91
IPP0001588,215029276381373,LEROY,Pierre,2015-02-12,F,92
IPP0001589,250097746564628,VINCENT,Pierre,1950-09-11,F,77
IPP0001590,234077819586204,FOURNIER,Marie,1934-07-04,F,78
IPP0001591,161039189496637,LEROY,Paul,1961-03-19,M,91
IPP0001592,290039375250928,SIMON,Luc,1990-03-16,F,93
IPP0001593,111029400444526,DUBOIS,Sarah,2011-02-17,M,94
IPP0001594,120039170527070,GIRARD,Nicolas,2020-03-02,M,91
IPP0001595,111069389930879,LEROY,Lea,2011-06-16,M,93
IPP0001596,292117855749324,SIMON,Sophie,1992-11-13,F,78
IPP0001597,144059533425470,DAVID,Sophie,1944-05-14,M,95
IPP0001598,189069235671443,GARCIA,Luc,1989-06-22,M,92
IPP0001599,292109403029861,MOREAU,Antoine,1992-10-14,F,94
IPP0001600,182017826869248,LAURENT,Camille,1982-01-18,M,78
IPP0001601,286077793505648,MOREAU,Sarah,1986-07-13,F,77
IPP0001602,173117531645908,DAVID,Julie,1973-11-27,M,75
IPP0001603,198049297199248,GIRARD,Ines,1998-04-25,M,92
IPP0001604,246107597474062,MARTIN,Nicolas,1946-10-18,F,75
IPP0001605,120069267105169,VINCENT,Paul,2020-06-12,M,92
IPP0001606,298049188173671,LEROY,Lea,1998-04-06,F,91
IPP0001607,177069456775130,LEROY,Jean,1977-06-14,M,94
IPP0001608,132099181149751,BERNARD,Emma,1932-09-04,M,91
IPP0001609,268019403527989,THOMAS,Nicolas,1968-01-08,F,94
IPP0001610,246129207907686,VINCENT,Camille,1946-12-09,F,92
IPP0001611,131129309875481,MOREL,Nicolas,1931-12-27,M,93
IPP0001612,107057843652578,MARTIN,Lea,2007-05-26,M,78
IPP0001613,288047799367268,MOREL,Sarah,1988-04-04,F,77
IPP0001614,267079499141731,FOURNIER,Marc,1967-07-03,F,94
IPP0001615,266129439201802,ROUX,Nicolas,1966-12-18,F,94
IPP0001616,299129523059225,MARTIN,Nicolas,1999-12-04,F,95
IPP0001617,187069265931979,LAURENT,Luc,1987-06-16,M,92
IPP0001618,142099488696560,ROUX,Louis,1942-09-06,M,94
IPP0001619,140039553674189,MOREL,Julie,1940-03-13,M,95
IPP0001620,193057775934657,ROBERT,Marie,1993-05-14,M,77
IPP0001621,218109189300692,MOREAU,Paul,2018-10-20,F,91
IPP0001622,299089433047317,ROUX,Antoine,1999-08-11,F,94
IPP0001623,143079238513186,MARTIN,Emma,1943-07-23,M,92
IPP0001624,151049204090705,DAVID,Sarah,1951-04-15,M,92
IPP0001625,110099376789656,FOURNIER,Camille,2010-09-16,M,93
IPP0001626,231059130273877,MOREAU,Antoine,1931-05-04,F,91
IPP0001627,208069314529811,VINCENT,Paul,2008-06-19,F,93
IPP0001628,296109547421683,LAURENT,Luc,1996-10-09,F,95
IPP0001629,197129501132625,DAVID,Emma,1997-12-27,M,95
IPP0001630,190027771919354,DURAND,Sophie,1990-02-01,M,77
IPP0001631,272029560916146,DUBOIS,Chloe,1972-02-02,F,95
IPP0001632,174119428229251,DAVID,Louis,1974-11-01,M,94
IPP0001633,277109195726170,FOURNIER,Manon,1977-10-25,F,91
IPP0001634,139109274922286,MOREAU,Emma,1939-10-05,M,92
IPP0001635,202029133959003,MOREL,Ines,2002-02-05,F,91
IPP0001636,208119417300304,LEROY,Paul,2008-11-16,F,94
IPP0001637,108039348789619,MARTIN,Hugo,2008-03-05,M,93
IPP0001638,136039543668147,ROUX,Hugo,1936-03-17,M,95
IPP0001639,294029138779360,GARCIA,Sarah,1994-02-08,F,91
IPP0001640,269099290562068,DURAND,Emma,1969-09-11,F,92
IPP0001641,248079550271281,MOREAU,Sophie,1948-07-18,F,95
IPP0001642,213067588737531,BERTRAND,Chloe,2013-06-06,F,75
IPP0001643,257109439238445,PETIT,Jean,1957-10-18,F,94
IPP0001644,186069400660179,SIMON,Hugo,1986-06-17,M,94
IPP0001645,177057562228027,BERNARD,Marc,1977-05-17,M,75
IPP0001646,280017728164175,BERNARD,Louis,1980-01-23,F,77
IPP0001647,190109550317880,ROUX,Manon,1990-10-21,M,95
IPP0001648,134069372375403,PETIT,Luc,1934-06-01,M,93
IPP0001649,183029565372895,BERNARD,Hugo,1983-02-02,M,95
IPP0001650,199059467162912,MARTIN,Hugo,1999-05-28,M,94
IPP0001651,220037852901586,GARCIA,Camille,2020-03-19,F,78
IPP0001652,138049374727420,DUBOIS,Emma,1938-04-27,M,93
IPP0001653,235059470651825,DAVID,Emma,1935-05-20,F,94
IPP0001654,169057812135069,BERTRAND,Louis,1969-05-18,M,78
IPP0001655,102089294109319,PETIT,Pierre,2002-08-03,M,92
IPP0001656,170107578617401,MARTIN,Paul,1970-10-21,M,75
IPP0001657,288029431685810,DURAND,Luc,1988-02-24,F,94
IPP0001658,236077718328693,ROBERT,Louis,1936-07-23,F,77
IPP0001659,282049428090511,DURAND,Emma,1982-04-27,F,94
IPP0001660,263127709550213,MICHEL,Louis,1963-12-15,F,77
IPP0001661,274119585064739,PETIT,Marie,1974-11-17,F,95
IPP0001662,249099472044526,MICHEL,Lea,1949-09-19,F,94
IPP0001663,173127709352694,DURAND,Marc,1973-12-17,M,77
IPP0001664,189059253067584,PETIT,Sarah,1989-05-02,M,92
IPP0001665,189107857838769,MOREL,Marie,1989-10-11,M,78
IPP0001666,219027889192388,MARTIN,Emma,2019-02-21,F,78
IPP0001667,290069219293683,MICHEL,Lea,1990-06-11,F,92
IPP0001668,189097545082940,GIRARD,Thomas,1989-09-06,M,75
IPP0001669,281089425974145,MICHEL,Ines,1981-08-27,F,94
IPP0001670,291117704299513,LEROY,Antoine,1991-11-13,F,77
IPP0001671,183077797759201,GARCIA,Louis,1983-07-25,M,77
IPP0001672,150097790861214,VINCENT,Paul,1950-09-06,M,77
IPP0001673,146117599409378,SIMON,Luc,1946-11-11,M,75
IPP0001674,288079500167593,ROBERT,Paul,1988-07-06,F,95
IPP0001675,168059324287916,DURAND,Camille,1968-05-03,M,93
IPP0001676,161037800648954,PETIT,Chloe,1961-03-22,M,78
IPP0001677,190099171621847,ROUX,Nicolas,1990-09-22,M,91
IPP0001678,220049239713275,LAURENT,Luc,2020-04-25,F,92
IPP0001679,271059161240415,FOURNIER,Pierre,1971-05-27,F,91
IPP0001680,292117522890755,GIRARD,Emma,1992-11-24,F,75
IPP0001681,177067562661474,GARCIA,Pierre,1977-06-11,M,75
IPP0001682,147087521731085,DAVID,Pierre,1947-08-07,M,75
IPP0001683,279119115529258,SIMON,Nicolas,1979-11-06,F,91
IPP0001684,234059316840855,VINCENT,Sophie,1934-05-14,F,93
IPP0001685,240069267288419,GARCIA,Jean,1940-06-22,F,92
IPP0001686,170039170346606,MARTIN,Sarah,1970-03-19,M,91
IPP0001687,284019126576056,THOMAS,Ines,1984-01-10,F,91
IPP0001688,294069573034469,FOURNIER,Chloe,1994-06-25,F,95
IPP0001689,152079189269104,DUBOIS,Luc,1952-07-18,M,91
IPP0001690,173127720352890,GIRARD,Thomas,1973-12-19,M,77
IPP0001691,236087512588939,ROUX,Thomas,1936-08-10,F,75
IPP0001692,236107825943612,LAURENT,Lea,1936-10-22,F,78
IPP0001693,199057736642825,MARTIN,Thomas,1999-05-06,M,77
IPP0001694,268119236675087,BERNARD,Manon,1968-11-02,F,92
IPP0001695,261039213074515,ROBERT,Sarah,1961-03-03,F,92
IPP0001696,265069494184620,VINCENT,Louis,1965-06-15,F,94
IPP0001697,235027804015195,GIRARD,Sophie,1935-02-11,F,78
IPP0001698,295127895065368,SIMON,Camille,1995-12-03,F,78
IPP0001699,232037773966940,DUBOIS,Camille,1932-03-24,F,77
IPP0001700,154107763152781,FOURNIER,Julie,1954-10-09,M,77
IPP0001701,177109477995826,DAVID,Marc,1977-10-16,M,94
IPP0001702,165097562040928,PETIT,Lea,1965-09-22,M,75
IPP0001703,230077580142595,ROBERT,Marc,1930-07-07,F,75
IPP0001704,289107810022766,LEROY,Jean,1989-10-26,F,78
IPP0001705,258027774673031,GIRARD,Thomas,1958-02-20,F,77
IPP0001706,211109148895395,FOURNIER,Jean,2011-10-11,F,91
IPP0001707,273069515647449,ROUX,Paul,1973-06-12,F,95
IPP0001708,116079103467771,MOREL,Pierre,2016-07-09,M,91
IPP0001709,201069476654376,MICHEL,Lea,2001-06-03,F,94
IPP0001710,270089503116024,GIRARD,Louis,1970-08-22,F,95
IPP0001711,109069142678474,MARTIN,Lea,2009-06-19,M,91
IPP0001712,260079338862250,THOMAS,Sophie,1960-07-18,F,93
IPP0001713,257047718388665,PETIT,Nicolas,1957-04-04,F,77
IPP0001714,275047732878971,MICHEL,Sophie,1975-04-14,F,77
IPP0001715,294099123188012,GARCIA,Sarah,1994-09-18,F,91
IPP0001716,266089341029620,MARTIN,Manon,1966-08-06,F,93
IPP0001717,289119239359552,DAVID,Camille,1989-11-06,F,92
IPP0001718,254119414262595,GIRARD,Antoine,1954-11-01,F,94
IPP0001719,106109196902481,LAURENT,Ines,2006-10-24,M,91
IPP0001720,151109570109415,MICHEL,Jean,1951-10-21,M,95
IPP0001721,200099487193625,PETIT,Thomas,2000-09-28,F,94
IPP0001722,260039433113621,SIMON,Pierre,1960-03-16,F,94
IPP0001723,156109525170153,GIRARD,Thomas,1956-10-15,M,95
IPP0001724,152089282361901,LAURENT,Emma,1952-08-17,M,92
IPP0001725,189127576703406,DAVID,Antoine,1989-12-03,M,75
IPP0001726,279029198126788,FOURNIER,Sophie,1979-02-26,F,91
IPP0001727,186087530083212,GARCIA,Marie,1986-08-27,M,75
IPP0001728,281129543980748,THOMAS,Sophie,1981-12-17,F,95
IPP0001729,163109274017404,MICHEL,Camille,1963-10-25,M,92
IPP0001730,248049521627133,THOMAS,Hugo,1948-04-26,F,95
IPP0001731,188129477626709,LAURENT,Lea,1988-12-16,M,94
IPP0001732,272087758228256,GIRARD,Marie,1972-08-23,F,77
IPP0001733,148097522790233,MICHEL,Louis,1948-09-10,M,75
IPP0001734,267059358265035,SIMON,Sarah,1967-05-23,F,93
IPP0001735,216059315162368,SIMON,Nicolas,2016-05-05,F,93
IPP0001736,211049459831173,ROBERT,Louis,2011-04-01,F,94
IPP0001737,163069148963453,PETIT,Chloe,1963-06-24,M,91
IPP0001738,105097838888757,ROUX,Emma,2005-09-11,M,78
IPP0001739,252087568597028,DUBOIS,Hugo,1952-08-13,F,75
IPP0001740,169049328562480,THOMAS,Paul,1969-04-08,M,93
IPP0001741,293087586176525,VINCENT,Julie,1993-08-19,F,75
IPP0001742,176119164210294,LAURENT,Antoine,1976-11-02,M,91
IPP0001743,164099299481817,BERNARD,Thomas,1964-09-18,M,92
IPP0001744,161059370795906,LEROY,Julie,1961-05-26,M,93
IPP0001745,252017756628543,DUBOIS,Paul,1952-01-20,F,77
IPP0001746,146097521323455,LEROY,Louis,1946-09-10,M,75
IPP0001747,289027532780996,DUBOIS,Paul,1989-02-18,F,75
IPP0001748,244089520310375,FOURNIER,Louis,1944-08-03,F,95
IPP0001749,106087559644102,THOMAS,Thomas,2006-08-10,M,75
IPP0001750,105119500125835,DAVID,Ines,2005-11-20,M,95
IPP0001751,293117852049516,VINCENT,Lea,1993-11-06,F,78
IPP0001752,263097828269552,FOURNIER,Antoine,1963-09-08,F,78
IPP0001753,210089350000762,LAURENT,Antoine,2010-08-04,F,93
IPP0001754,293039277944337,SIMON,Sophie,1993-03-06,F,92
IPP0001755,273119319979824,THOMAS,Julie,1973-11-22,F,93
IPP0001756,169097878554401,ROUX,Sophie,1969-09-10,M,78
IPP0001757,208049333216135,DURAND,Nicolas,2008-04-19,F,93
IPP0001758,150109333498057,VINCENT,Sarah,1950-10-22,M,93
IPP0001759,264049595787781,SIMON,Chloe,1964-04-09,F,95
IPP0001760,169067885076414,LAURENT,Thomas,1969-06-24,M,78
IPP0001761,284109100678192,GARCIA,Marie,1984-10-13,F,91
IPP0001762,275119399946821,MOREAU,Jean,1975-11-26,F,93
IPP0001763,156117730285337,MICHEL,Jean,1956-11-23,M,77
IPP0001764,284079481722155,GIRARD,Antoine,1984-07-11,F,94
IPP0001765,265029416533480,ROUX,Louis,1965-02-03,F,94
IPP0001766,235119525628751,GIRARD,Louis,1935-11-13,F,95
IPP0001767,237027828355167,MICHEL,Thomas,1937-02-02,F,78
IPP0001768,244089233379427,DAVID,Luc,1944-08-05,F,92
IPP0001769,105059457609152,BERTRAND,Julie,2005-05-19,M,94
IPP0001770,203097757154429,SIMON,Jean,2003-09-25,F,77
IPP0001771,138127898187414,MICHEL,Thomas,1938-12-23,M,78
IPP0001772,153069447237171,LAURENT,Paul,1953-06-15,M,94
IPP0001773,262107514412360,DAVID,Camille,1962-10-24,F,75
IPP0001774,292017593552519,MICHEL,Jean,1992-01-27,F,75
IPP0001775,234097881055235,ROUX,Lea,1934-09-28,F,78
IPP0001776,211029257909508,FOURNIER,Sophie,2011-02-24,F,92
IPP0001777,195029562566621,DURAND,Pierre,1995-02-19,M,95
IPP0001778,265089366733976,DUBOIS,Emma,1965-08-15,F,93
IPP0001779,288099191102267,GARCIA,Louis,1988-09-25,F,91
IPP0001780,230109102000983,LEROY,Hugo,1930-10-27,F,91
IPP0001781,249059459969148,LAURENT,Manon,1949-05-28,F,94
IPP0001782,213117891590221,MOREL,Luc,2013-11-07,F,78
IPP0001783,148049310402755,FOURNIER,Ines,1948-04-10,M,93
IPP0001784,146099233689201,LAURENT,Julie,1946-09-12,M,92
IPP0001785,155059127823973,DURAND,Chloe,1955-05-06,M,91
IPP0001786,147089102745567,DURAND,Nicolas,1947-08-04,M,91
IPP0001787,187089421179028,GARCIA,Louis,1987-08-13,M,94
IPP0001788,141039216777502,DURAND,Sophie,1941-03-17,M,92
IPP0001789,207067842619691,DURAND,Pierre,2007-06-24,F,78
IPP0001790,291059296846801,MARTIN,Jean,1991-05-17,F,92
IPP0001791,283079236437019,SIMON,Pierre,1983-07-28,F,92
IPP0001792,213059266766051,GARCIA,Sarah,2013-05-08,F,92
IPP0001793,165127804714586,LEROY,Emma,1965-12-21,M,78
IPP0001794,146099371248265,BERNARD,Marie,1946-09-05,M,93
IPP0001795,114059184416220,DAVID,Emma,2014-05-12,M,91
IPP0001796,196039337490162,THOMAS,Emma,1996-03-24,M,93
IPP0001797,193049164138362,MOREAU,Ines,1993-04-10,M,91
IPP0001798,233017591148284,BERNARD,Luc,1933-01-11,F,75
IPP0001799,235099316210370,MARTIN,Chloe,1935-09-13,F,93
IPP0001800,141079299248847,BERTRAND,Camille,1941-07-03,M,92
IPP0001801,247107531948830,ROUX,Marc,1947-10-26,F,75
IPP0001802,171117898062914,THOMAS,Sarah,1971-11-18,M,78
IPP0001803,203049452813327,ROBERT,Julie,2003-04-05,F,94
IPP0001804,142127790963018,THOMAS,Julie,1942-12-13,M,77
IPP0001805,162037733772848,BERTRAND,Louis,1962-03-24,M,77
IPP0001806,246067867814976,MOREL,Marie,1946-06-14,F,78
IPP0001807,210019418701590,ROBERT,Marie,2010-01-26,F,94
IPP0001808,150077558649318,ROUX,Chloe,1950-07-11,M,75
IPP0001809,110109522046578,GIRARD,Marc,2010-10-13,M,95
IPP0001810,245127834691407,PETIT,Marc,1945-12-09,F,78
IPP0001811,292099268587746,LAURENT,Antoine,1992-09-15,F,92
IPP0001812,238067598855756,ROBERT,Sophie,1938-06-14,F,75
IPP0001813,188027713089548,MICHEL,Lea,1988-02-04,M,77
IPP0001814,285099340884076,VINCENT,Paul,1985-09-03,F,93
IPP0001815,117047520475281,MICHEL,Antoine,2017-04-25,M,75
IPP0001816,102097582054682,MICHEL,Manon,2002-09-17,M,75
IPP0001817,118097816310367,PETIT,Ines,2018-09-06,M,78
IPP0001818,149099187920886,MOREAU,Marie,1949-09-20,M,91
IPP0001819,267079191648860,BERTRAND,Hugo,1967-07-17,F,91
IPP0001820,168017772657044,SIMON,Paul,1968-01-03,M,77
IPP0001821,137079349384387,PETIT,Julie,1937-07-05,M,93
IPP0001822,250119160619970,LEROY,Chloe,1950-11-14,F,91
IPP0001823,158059112774471,MOREL,Luc,1958-05-05,M,91
IPP0001824,186037777933669,MARTIN,Sophie,1986-03-22,M,77
IPP0001825,297029523867726,BERTRAND,Lea,1997-02-25,F,95
IPP0001826,199129515807338,LAURENT,Marc,1999-12-20,M,95
IPP0001827,178059543760012,PETIT,Sarah,1978-05-04,M,95
IPP0001828,258099275061821,GIRARD,Chloe,1958-09-04,F,92
IPP0001829,115089143205966,THOMAS,Marc,2015-08-27,M,91
IPP0001830,262117843068370,MOREAU,Chloe,1962-11-17,F,78
IPP0001831,131029524960050,ROUX,Julie,1931-02-23,M,95
IPP0001832,215059557562251,MOREL,Nicolas,2015-05-04,F,95
IPP0001833,235109259009882,THOMAS,Julie,1935-10-04,F,92
IPP0001834,204119183540402,BERNARD,Chloe,2004-11-23,F,91
IPP0001835,288107596340923,DAVID,Jean,1988-10-28,F,75
IPP0001836,102037810230060,DAVID,Jean,2002-03-01,M,78
IPP0001837,262067836199797,LEROY,Marc,1962-06-27,F,78
IPP0001838,236067778881324,PETIT,Paul,1936-06-15,F,77
IPP0001839,281069386551234,DUBOIS,Hugo,1981-06-25,F,93
IPP0001840,208099432584995,SIMON,Sophie,2008-09-24,F,94
IPP0001841,111079565519109,GARCIA,Paul,2011-07-11,M,95
IPP0001842,220087882644937,MICHEL,Emma,2020-08-12,F,78
IPP0001843,171019459631801,VINCENT,Manon,1971-01-04,M,94
IPP0001844,201099163471318,DUBOIS,Paul,2001-09-06,F,91
IPP0001845,141129187327062,ROBERT,Hugo,1941-12-20,M,91
IPP0001846,280039286698049,SIMON,Ines,1980-03-13,F,92
IPP0001847,171047525256265,ROBERT,Marc,1971-04-15,M,75
IPP0001848,193049425289779,LEROY,Thomas,1993-04-27,M,94
IPP0001849,148019498802243,GIRARD,Sarah,1948-01-10,M,94
IPP0001850,283099442319155,VINCENT,Louis,1983-09-18,F,94
IPP0001851,210107772481678,MICHEL,Marc,2010-10-13,F,77
IPP0001852,277067855436623,DUBOIS,Luc,1977-06-08,F,78
IPP0001853,219049309994081,VINCENT,Sarah,2019-04-26,F,93
IPP0001854,243107873571944,FOURNIER,Julie,1943-10-08,F,78
IPP0001855,264107547263487,BERTRAND,Sarah,1964-10-27,F,75
IPP0001856,238039557366672,BERNARD,Chloe,1938-03-01,F,95
IPP0001857,220037806797882,MOREAU,Louis,2020-03-03,F,78
IPP0001858,233129544272267,ROBERT,Nicolas,1933-12-20,F,95
IPP0001859,114087733923996,MOREL,Antoine,2014-08-10,M,77
IPP0001860,248097888400702,GIRARD,Marie,1948-09-22,F,78
IPP0001861,205029262906692,VINCENT,Camille,2005-02-25,F,92
IPP0001862,154049385618631,MARTIN,Sarah,1954-04-20,M,93
IPP0001863,172029158871883,GARCIA,Camille,1972-02-04,M,91
IPP0001864,219087818809979,SIMON,Chloe,2019-08-05,F,78
IPP0001865,120079509318937,MOREAU,Nicolas,2020-07-09,M,95
IPP0001866,159069234846364,THOMAS,Antoine,1959-06-21,M,92
IPP0001867,232107570038313,THOMAS,Emma,1932-10-02,F,75
IPP0001868,197017839431482,MARTIN,Louis,1997-01-01,M,78
IPP0001869,238039518754932,DURAND,Chloe,1938-03-07,F,95
IPP0001870,117037858818292,BERTRAND,Emma,2017-03-20,M,78
IPP0001871,186017595855135,THOMAS,Lea,1986-01-20,M,75
IPP0001872,243069360553174,PETIT,Sophie,1943-06-22,F,93
IPP0001873,254107896146659,FOURNIER,Nicolas,1954-10-05,F,78
IPP0001874,244119234725302,MICHEL,Luc,1944-11-18,F,92
IPP0001875,192049104336725,BERNARD,Sarah,1992-04-26,M,91
IPP0001876,196027893454017,MOREL,Louis,1996-02-22,M,78
IPP0001877,299117732913915,BERTRAND,Paul,1999-11-07,F,77
IPP0001878,210079138708517,ROUX,Jean,2010-07-13,F,91
IPP0001879,243069562539937,SIMON,Sarah,1943-06-18,F,95
IPP0001880,217127519397077,DUBOIS,Lea,2017-12-02,F,75
IPP0001881,112067554802973,BERNARD,Lea,2012-06-24,M,75
IPP0001882,254067584484605,DAVID,Antoine,1954-06-18,F,75
IPP0001883,195067593322076,THOMAS,Thomas,1995-06-22,M,75
IPP0001884,158129273220901,ROUX,Paul,1958-12-11,M,92
IPP0001885,135079294729838,MARTIN,Julie,1935-07-07,M,92
IPP0001886,252079438194016,GARCIA,Marie,1952-07-27,F,94
IPP0001887,148107790494512,DAVID,Louis,1948-10-08,M,77
IPP0001888,256117742070785,MARTIN,Camille,1956-11-24,F,77
IPP0001889,278059483779813,ROUX,Marc,1978-05-27,F,94
IPP0001890,110127571378689,BERTRAND,Luc,2010-12-13,M,75
IPP0001891,139119216392405,ROUX,Pierre,1939-11-04,M,92
IPP0001892,198067797969854,GARCIA,Lea,1998-06-06,M,77
IPP0001893,266109278012316,GARCIA,Paul,1966-10-09,F,92
IPP0001894,101089353103778,ROUX,Sarah,2001-08-07,M,93
IPP0001895,144049118908624,DUBOIS,Julie,1944-04-02,M,91
IPP0001896,208069345361260,BERNARD,Antoine,2008-06-15,F,93
IPP0001897,156127558301581,ROBERT,Hugo,1956-12-11,M,75
IPP0001898,252069492466092,BERNARD,Nicolas,1952-06-15,F,94
IPP0001899,249059223118904,DURAND,Hugo,1949-05-17,F,92
IPP0001900,233089461754204,SIMON,Manon,1933-08-03,F,94
IPP0001901,148097511570204,DUBOIS,Camille,1948-09-11,M,75
IPP0001902,109127838004026,ROBERT,Sophie,2009-12-06,M,78
IPP0001903,130077583439756,MOREL,Sophie,1930-07-01,M,75
IPP0001904,110019202166562,ROUX,Louis,2010-01-19,M,92
IPP0001905,266119146193389,LEROY,Sarah,1966-11-20,F,91
IPP0001906,274119594292112,ROBERT,Thomas,1974-11-15,F,95
IPP0001907,258039398799178,GARCIA,Marc,1958-03-10,F,93
IPP0001908,177129182530888,ROBERT,Marie,1977-12-01,M,91
IPP0001909,282129441212959,MICHEL,Paul,1982-12-18,F,94
IPP0001910,283079545597694,GARCIA,Thomas,1983-07-15,F,95
IPP0001911,273069113774172,VINCENT,Paul,1973-06-22,F,91
IPP0001912,157129497189594,GIRARD,Chloe,1957-12-07,M,94
IPP0001913,200077721940378,ROBERT,Sarah,2000-07-12,F,77
IPP0001914,199117792785335,GIRARD,Camille,1999-11-15,M,77
IPP0001915,155049367639433,VINCENT,Camille,1955-04-11,M,93
IPP0001916,186019439658255,PETIT,Marc,1986-01-23,M,94
IPP0001917,112079415542212,LAURENT,Thomas,2012-07-19,M,94
IPP0001918,146087569310032,DUBOIS,Pierre,1946-08-11,M,75
IPP0001919,131019232195426,MICHEL,Paul,1931-01-11,M,92
IPP0001920,157059237263926,LAURENT,Louis,1957-05-27,M,92
IPP0001921,290069329731153,THOMAS,Manon,1990-06-23,F,93
IPP0001922,149039254693313,GIRARD,Camille,1949-03-14,M,92
IPP0001923,101099571728829,LEROY,Sophie,2001-09-21,M,95
IPP0001924,186027513990220,GARCIA,Sarah,1986-02-25,M,75
IPP0001925,291037560170546,MICHEL,Thomas,1991-03-25,F,75
IPP0001926,187017890734886,DUBOIS,Chloe,1987-01-16,M,78
IPP0001927,152037769440446,ROBERT,Sophie,1952-03-20,M,77
IPP0001928,111069236461835,ROUX,Jean,2011-06-10,M,92
IPP0001929,251067719752640,MOREAU,Antoine,1951-06-28,F,77
IPP0001930,192067566524590,SIMON,Marc,1992-06-06,M,75
IPP0001931,285067776877804,BERTRAND,Pierre,1985-06-02,F,77
IPP0001932,200017575358830,MARTIN,Lea,2000-01-05,F,75
IPP0001933,255089103771238,MOREAU,Nicolas,1955-08-13,F,91
IPP0001934,276099141772528,LAURENT,Luc,1976-09-28,F,91
IPP0001935,263099528927495,DUBOIS,Thomas,1963-09-07,F,95
IPP0001936,115069202483129,ROBERT,Sophie,2015-06-28,M,92
IPP0001937,139039215858674,LEROY,Pierre,1939-03-12,M,92
IPP0001938,131127889293160,GIRARD,Pierre,1931-12-01,M,78
IPP0001939,104119564789549,LAURENT,Sophie,2004-11-28,M,95
IPP0001940,137129494176468,DUBOIS,Emma,1937-12-05,M,94
IPP0001941,141019421605242,DUBOIS,Nicolas,1941-01-14,M,94
IPP0001942,210099583820367,ROUX,Ines,2010-09-07,F,95
IPP0001943,190057545419058,VINCENT,Jean,1990-05-24,M,75
IPP0001944,152049390055688,MOREL,Paul,1952-04-09,M,93
IPP0001945,119029386933016,LEROY,Emma,2019-02-07,M,93
IPP0001946,211109151965644,SIMON,Paul,2011-10-10,F,91
IPP0001947,262069454400814,MOREAU,Lea,1962-06-24,F,94
IPP0001948,138019535392529,BERNARD,Ines,1938-01-03,M,95
IPP0001949,240119501376324,DUBOIS,Hugo,1940-11-25,F,95
IPP0001950,219119258326948,LAURENT,Thomas,2019-11-20,F,92
IPP0001951,291067778250152,LAURENT,Manon,1991-06-16,F,77
IPP0001952,159107570836273,DAVID,Thomas,1959-10-06,M,75
IPP0001953,271079546415767,ROBERT,Nicolas,1971-07-15,F,95
IPP0001954,233037839189293,ROBERT,Nicolas,1933-03-26,F,78
IPP0001955,231079315560836,PETIT,Paul,1931-07-26,F,93
IPP0001956,132079327834604,DURAND,Jean,1932-07-16,M,93
IPP0001957,280037723419523,ROUX,Ines,1980-03-10,F,77
IPP0001958,285079350099341,BERNARD,Chloe,1985-07-28,F,93
IPP0001959,138069562329709,ROBERT,Julie,1938-06-23,M,95
IPP0001960,257077598031610,PETIT,Hugo,1957-07-16,F,75
IPP0001961,217109261413315,VINCENT,Lea,2017-10-14,F,92
IPP0001962,277129337957995,ROUX,Pierre,1977-12-28,F,93
IPP0001963,187069421596886,LAURENT,Julie,1987-06-14,M,94
IPP0001964,211087756934970,MOREL,Hugo,2011-08-26,F,77
IPP0001965,146069472660826,GIRARD,Julie,1946-06-26,M,94
IPP0001966,192107532152410,THOMAS,Nicolas,1992-10-16,M,75
IPP0001967,109069547461850,MOREAU,Pierre,2009-06-03,M,95
IPP0001968,279047772914730,MICHEL,Marie,1979-04-26,F,77
IPP0001969,261047533636525,GIRARD,Sarah,1961-04-21,F,75
IPP0001970,164067862090534,FOURNIER,Paul,1964-06-16,M,78
IPP0001971,106107775206343,DURAND,Antoine,2006-10-04,M,77
IPP0001972,261077530626803,DURAND,Luc,1961-07-14,F,75
IPP0001973,233019108137818,BERTRAND,Luc,1933-01-21,F,91
IPP0001974,210079360945514,LAURENT,Sophie,2010-07-18,F,93
IPP0001975,288059529216784,MOREL,Luc,1988-05-07,F,95
IPP0001976,232027856648932,MICHEL,Luc,1932-02-02,F,78
IPP0001977,278099166233254,GARCIA,Emma,1978-09-01,F,91
IPP0001978,208017733258097,MOREL,Marie,2008-01-21,F,77
IPP0001979,146089214415679,THOMAS,Antoine,1946-08-03,M,92
IPP0001980,160027899636695,LAURENT,Pierre,1960-02-25,M,78
IPP0001981,273029155906453,VINCENT,Camille,1973-02-16,F,91
IPP0001982,218039283421361,BERTRAND,Emma,2018-03-18,F,92
IPP0001983,163047566170077,FOURNIER,Jean,1963-04-08,M,75
IPP0001984,112129504404487,LEROY,Julie,2012-12-08,M,95
IPP0001985,147097839777572,GARCIA,Jean,1947-09-11,M,78
IPP0001986,293019156407065,BERNARD,Paul,1993-01-22,F,91
IPP0001987,156049500835824,DUBOIS,Louis,1956-04-19,M,95
IPP0001988,295039415655038,MARTIN,Ines,1995-03-13,F,94
IPP0001989,264099116485525,DURAND,Ines,1964-09-12,F,91
IPP0001990,272047740312389,SIMON,Thomas,1972-04-11,F,77
IPP0001991,187109121019092,THOMAS,Marie,1987-10-21,M,91
IPP0001992,243129420577862,MOREL,Lea,1943-12-28,F,94
IPP0001993,105059505666417,LEROY,Louis,2005-05-12,M,95
IPP0001994,257097701322289,PETIT,Hugo,1957-09-01,F,77
IPP0001995,193127846940157,GIRARD,Emma,1993-12-13,M,78
IPP0001996,291097781568491,LEROY,Pierre,1991-09-20,F,77
IPP0001997,130017587801292,MOREAU,Jean,1930-01-20,M,75
IPP0001998,286079310005529,MICHEL,Paul,1986-07-24,F,93
IPP0001999,184129228742824,MARTIN,Lea,1984-12-12,M,92
IPP0002000,145057746895356,DURAND,Sophie,1945-05-05,M,77
IPP0002001,190039208974370,LEROY,Thomas,1990-03-01,M,92
IPP0002002,264019506574952,ROBERT,Paul,1964-01-23,F,95
IPP0002003,180117503951067,DAVID,Thomas,1980-11-13,M,75
IPP0002004,252017567306517,MOREAU,Lea,1952-01-19,F,75
IPP0002005,255057798789311,DURAND,Julie,1955-05-01,F,77
IPP0002006,230119157397503,ROUX,Julie,1930-11-02,F,91
IPP0002007,166067846884101,ROUX,Manon,1966-06-03,M,78
IPP0002008,177119332975397,MICHEL,Camille,1977-11-12,M,93
IPP0002009,104079535678694,SIMON,Luc,2004-07-12,M,95
IPP0002010,216097898544344,DUBOIS,Ines,2016-09-14,F,78
IPP0002011,247069546277290,FOURNIER,Emma,1947-06-12,F,95
IPP0002012,173099361435068,FOURNIER,Emma,1973-09-28,M,93
IPP0002013,156129284443010,THOMAS,Antoine,1956-12-13,M,92
IPP0002014,196027526195783,FOURNIER,Emma,1996-02-19,M,75
IPP0002015,117127850112095,LAURENT,Chloe,2017-12-26,M,78
IPP0002016,296119122559127,MICHEL,Camille,1996-11-27,F,91
IPP0002017,158119516085525,DURAND,Jean,1958-11-21,M,95
IPP0002018,193037724877486,GARCIA,Lea,1993-03-03,M,77
IPP0002019,199119402501721,MARTIN,Lea,1999-11-04,M,94
IPP0002020,156039206926006,BERTRAND,Sophie,1956-03-27,M,92
IPP0002021,275117571561256,SIMON,Hugo,1975-11-13,F,75
IPP0002022,277049163560476,ROUX,Ines,1977-04-10,F,91
IPP0002023,116089532836012,MARTIN,Marc,2016-08-02,M,95
IPP0002024,279099243370672,MOREL,Ines,1979-09-25,F,92
IPP0002025,217089104098681,ROUX,Pierre,2017-08-01,F,91
IPP0002026,262099225274291,THOMAS,Thomas,1962-09-03,F,92
IPP0002027,273049503633174,SIMON,Manon,1973-04-20,F,95
IPP0002028,257109201170157,ROBERT,Louis,1957-10-14,F,92
IPP0002029,194089347528260,MOREL,Nicolas,1994-08-03,M,93
IPP0002030,162109517992447,BERTRAND,Lea,1962-10-04,M,95
IPP0002031,135057843711358,ROBERT,Pierre,1935-05-20,M,78
IPP0002032,191087539779595,PETIT,Nicolas,1991-08-08,M,75
IPP0002033,168037888770036,MOREL,Sarah,1968-03-08,M,78
IPP0002034,186129216914365,ROBERT,Ines,1986-12-04,M,92
IPP0002035,186089102272672,VINCENT,Chloe,1986-08-12,M,91
IPP0002036,183087744757130,DAVID,Pierre,1983-08-02,M,77
IPP0002037,141057848741103,VINCENT,Julie,1941-05-22,M,78
IPP0002038,145019258519239,DURAND,Thomas,1945-01-06,M,92
IPP0002039,201059299580959,PETIT,Louis,2001-05-16,F,92
IPP0002040,244099420815117,SIMON,Luc,1944-09-02,F,94
IPP0002041,231067511653897,MOREAU,Louis,1931-06-02,F,75
IPP0002042,168039488249259,DURAND,Paul,1968-03-11,M,94
IPP0002043,291089217739884,FOURNIER,Manon,1991-08-07,F,92
IPP0002044,148119388277934,DUBOIS,Sarah,1948-11-05,M,93
IPP0002045,102039186064105,MICHEL,Julie,2002-03-08,M,91
IPP0002046,282019104489256,LAURENT,Nicolas,1982-01-25,F,91
IPP0002047,154117840146152,GIRARD,Julie,1954-11-24,M,78
IPP0002048,191109166289386,PETIT,Julie,1991-10-26,M,91
IPP0002049,293027542806836,FOURNIER,Pierre,1993-02-14,F,75
IPP0002050,112017740328853,BERTRAND,Hugo,2012-01-12,M,77
IPP0002051,298107787697271,ROUX,Antoine,1998-10-11,F,77
IPP0002052,279129348134680,DUBOIS,Sarah,1979-12-19,F,93
IPP0002053,298099225864587,MOREAU,Marc,1998-09-20,F,92
IPP0002054,206097895092832,LAURENT,Julie,2006-09-08,F,78
IPP0002055,174057853169382,DAVID,Marc,1974-05-07,M,78
IPP0002056,206079478762805,ROBERT,Lea,2006-07-22,F,94
IPP0002057,117117821081860,BERTRAND,Louis,2017-11-12,M,78
IPP0002058,145127765425341,DURAND,Ines,1945-12-24,M,77
IPP0002059,253119538425220,GARCIA,Sarah,1953-11-26,F,95
IPP0002060,202087815026147,GIRARD,Pierre,2002-08-18,F,78
IPP0002061,245079100406911,DURAND,Marc,1945-07-27,F,91
IPP0002062,288097752458249,DAVID,Paul,1988-09-19,F,77
IPP0002063,236079561011167,ROUX,Camille,1936-07-21,F,95
IPP0002064,270029312637125,BERNARD,Marie,1970-02-05,F,93
IPP0002065,165027713180373,THOMAS,Camille,1965-02-18,M,77
IPP0002066,135117501111515,LAURENT,Ines,1935-11-19,M,75
IPP0002067,266079422663418,GIRARD,Louis,1966-07-08,F,94
IPP0002068,200069415602429,FOURNIER,Louis,2000-06-27,F,94
IPP0002069,258039120955546,GIRARD,Jean,1958-03-26,F,91
IPP0002070,141107782949845,THOMAS,Sophie,1941-10-24,M,77
IPP0002071,182049562517022,PETIT,Julie,1982-04-08,M,95
IPP0002072,243017744659489,GIRARD,Nicolas,1943-01-08,F,77
IPP0002073,257049241973011,BERTRAND,Thomas,1957-04-04,F,92
IPP0002074,179109102455573,MOREAU,Paul,1979-10-25,M,91
IPP0002075,285097802251270,VINCENT,Ines,1985-09-11,F,78
IPP0002076,286107814872125,DUBOIS,Ines,1986-10-07,F,78
IPP0002077,251079432236285,GARCIA,Marc,1951-07-07,F,94
IPP0002078,167049598402526,MOREL,Julie,1967-04-13,M,95
IPP0002079,187127539958619,MICHEL,Chloe,1987-12-26,M,75
IPP0002080,232089593243592,DUBOIS,Camille,1932-08-14,F,95
IPP0002081,274047893426789,ROUX,Emma,1974-04-09,F,78
IPP0002082,158109486703813,GARCIA,Chloe,1958-10-21,M,94
IPP0002083,159029309563123,FOURNIER,Marie,1959-02-23,M,93
IPP0002084,240099515330137,ROBERT,Camille,1940-09-09,F,95
IPP0002085,253047717153403,DUBOIS,Julie,1953-04-14,F,77
IPP0002086,109019329656285,ROUX,Camille,2009-01-19,M,93
IPP0002087,160019461873050,DUBOIS,Pierre,1960-01-26,M,94
IPP0002088,164039279847434,FOURNIER,Chloe,1964-03-18,M,92
IPP0002089,149099480600966,LAURENT,Emma,1949-09-06,M,94
IPP0002090,295017540413986,PETIT,Marie,1995-01-17,F,75
IPP0002091,249037858880285,MOREAU,Thomas,1949-03-08,F,78
IPP0002092,188039273125520,PETIT,Ines,1988-03-23,M,92
IPP0002093,138077529547245,VINCENT,Sarah,1938-07-05,M,75
IPP0002094,200099191153880,BERTRAND,Antoine,2000-09-24,F,91
IPP0002095,207109177025892,VINCENT,Camille,2007-10-23,F,91
IPP0002096,194087521207609,GIRARD,Chloe,1994-08-05,M,75
IPP0002097,244109138530780,MICHEL,Jean,1944-10-14,F,91
IPP0002098,292047522144632,ROBERT,Thomas,1992-04-25,F,75
IPP0002099,113059414601724,LEROY,Thomas,2013-05-13,M,94
IPP0002100,292079538190405,DURAND,Thomas,1992-07-15,F,95
IPP0002101,183019391965682,THOMAS,Lea,1983-01-08,M,93
IPP0002102,236069190967039,DAVID,Pierre,1936-06-15,F,91
IPP0002103,275099504295726,ROUX,Pierre,1975-09-18,F,95
IPP0002104,272049301210457,ROBERT,Manon,1972-04-10,F,93
IPP0002105,237019464653495,MICHEL,Jean,1937-01-17,F,94
IPP0002106,281069535663790,LAURENT,Lea,1981-06-26,F,95
IPP0002107,236099290544913,ROUX,Camille,1936-09-19,F,92
IPP0002108,115099299215834,GARCIA,Hugo,2015-09-24,M,92
IPP0002109,211059378193714,DURAND,Pierre,2011-05-05,F,93
IPP0002110,265077504631195,MARTIN,Luc,1965-07-08,F,75
IPP0002111,183109181984683,ROBERT,Camille,1983-10-07,M,91
IPP0002112,256019388003938,MOREAU,Sarah,1956-01-03,F,93
IPP0002113,158089511708203,BERTRAND,Hugo,1958-08-06,M,95
IPP0002114,290057864768148,LAURENT,Antoine,1990-05-19,F,78
IPP0002115,115117782660953,LEROY,Julie,2015-11-27,M,77
IPP0002116,185087896352291,SIMON,Sarah,1985-08-09,M,78
IPP0002117,236107711084427,ROBERT,Manon,1936-10-10,F,77
IPP0002118,158049394910140,FOURNIER,Antoine,1958-04-15,M,93
IPP0002119,282129158134097,SIMON,Pierre,1982-12-13,F,91
IPP0002120,150109279432237,BERNARD,Camille,1950-10-16,M,92
IPP0002121,285039503234264,MICHEL,Sophie,1985-03-14,F,95
IPP0002122,260089160322086,GARCIA,Camille,1960-08-16,F,91
IPP0002123,166049334516451,GIRARD,Hugo,1966-04-20,M,93
IPP0002124,240029281675631,MARTIN,Luc,1940-02-03,F,92
IPP0002125,293029305300301,ROUX,Emma,1993-02-26,F,93
IPP0002126,147057869670334,MICHEL,Louis,1947-05-27,M,78
IPP0002127,135037810304031,MOREL,Pierre,1935-03-10,M,78
IPP0002128,108019480917542,GARCIA,Sarah,2008-01-27,M,94
IPP0002129,164109285262821,SIMON,Luc,1964-10-10,M,92
IPP0002130,189107716265982,VINCENT,Sophie,1989-10-28,M,77
IPP0002131,207047703340329,LAURENT,Emma,2007-04-23,F,77
IPP0002132,287067730167056,GARCIA,Camille,1987-06-17,F,77
IPP0002133,169119424747301,ROBERT,Luc,1969-11-11,M,94
IPP0002134,140019215211166,BERTRAND,Luc,1940-01-19,M,92
IPP0002135,139057870532846,MOREL,Julie,1939-05-25,M,78
IPP0002136,285077796072734,DURAND,Sarah,1985-07-04,F,77
IPP0002137,176039435406823,BERNARD,Marie,1976-03-13,M,94
IPP0002138,279039547567524,GARCIA,Hugo,1979-03-27,F,95
IPP0002139,247069167532377,MOREL,Emma,1947-06-24,F,91
IPP0002140,151059249989735,LAURENT,Luc,1951-05-14,M,92
IPP0002141,147049598128560,DURAND,Emma,1947-04-17,M,95
IPP0002142,234017872935215,GIRARD,Chloe,1934-01-21,F,78
IPP0002143,230029421715229,LAURENT,Antoine,1930-02-16,F,94
IPP0002144,297079444678986,BERNARD,Thomas,1997-07-17,F,94
IPP0002145,298087734101967,DAVID,Louis,1998-08-02,F,77
IPP0002146,190079494632310,MOREL,Julie,1990-07-15,M,94
IPP0002147,263057583723578,MOREL,Marc,1963-05-21,F,75
IPP0002148,263019404222878,BERTRAND,Julie,1963-01-17,F,94
IPP0002149,230079282282363,MOREAU,Manon,1930-07-02,F,92
IPP0002150,232097778861578,BERNARD,Sarah,1932-09-28,F,77
IPP0002151,198117779911902,LEROY,Nicolas,1998-11-18,M,77
IPP0002152,252099401570214,DAVID,Pierre,1952-09-21,F,94
IPP0002153,212047510213375,MOREAU,Emma,2012-04-16,F,75
IPP0002154,215059392843779,DURAND,Emma,2015-05-14,F,93
IPP0002155,242059207916086,THOMAS,Jean,1942-05-10,F,92
IPP0002156,138059278446325,LAURENT,Sophie,1938-05-06,M,92
IPP0002157,295027780508602,MICHEL,Pierre,1995-02-16,F,77
IPP0002158,252079455996880,MOREAU,Jean,1952-07-26,F,94
IPP0002159,138037816553551,FOURNIER,Paul,1938-03-05,M,78
IPP0002160,210067887439975,DAVID,Sophie,2010-06-01,F,78
IPP0002161,257039579360175,DUBOIS,Julie,1957-03-07,F,95
IPP0002162,201087865837865,DURAND,Marie,2001-08-13,F,78
IPP0002163,187047801868187,MICHEL,Hugo,1987-04-01,M,78
IPP0002164,230069508813870,THOMAS,Ines,1930-06-28,F,95
IPP0002165,105039556756580,LAURENT,Sophie,2005-03-16,M,95
IPP0002166,111067755084268,DAVID,Lea,2011-06-08,M,77
IPP0002167,143019371326577,GARCIA,Luc,1943-01-10,M,93
IPP0002168,273077807751144,SIMON,Lea,1973-07-03,F,78
IPP0002169,232017819072995,DUBOIS,Luc,1932-01-10,F,78
IPP0002170,176027778734206,LAURENT,Sophie,1976-02-04,M,77
IPP0002171,103049223805186,MOREAU,Lea,2003-04-19,M,92
IPP0002172,100107792956653,SIMON,Sophie,2000-10-28,M,77
IPP0002173,235059267434251,MOREAU,Marie,1935-05-14,F,92
IPP0002174,138027511091330,ROUX,Marie,1938-02-19,M,75
IPP0002175,276079227116361,MOREL,Manon,1976-07-18,F,92
IPP0002176,140069366594101,MOREL,Sophie,1940-06-06,M,93
IPP0002177,190049317475618,VINCENT,Julie,1990-04-24,M,93
IPP0002178,230117759181402,DURAND,Sarah,1930-11-17,F,77
IPP0002179,137079119884565,VINCENT,Lea,1937-07-07,M,91
IPP0002180,247079193359337,SIMON,Marc,1947-07-19,F,91
IPP0002181,108029126266455,GIRARD,Sarah,2008-02-23,M,91
IPP0002182,144079476526094,ROBERT,Louis,1944-07-19,M,94
IPP0002183,112109413672932,BERNARD,Julie,2012-10-04,M,94
IPP0002184,135129113798986,DURAND,Marc,1935-12-03,M,91
IPP0002185,103019473511446,MARTIN,Camille,2003-01-21,M,94
IPP0002186,173049315174203,THOMAS,Chloe,1973-04-15,M,93
IPP0002187,282077745568052,DURAND,Luc,1982-07-22,F,77
IPP0002188,179069450250195,MOREAU,Camille,1979-06-07,M,94
IPP0002189,162019516306380,BERNARD,Thomas,1962-01-14,M,95
IPP0002190,256077714529154,MOREAU,Emma,1956-07-04,F,77
IPP0002191,231089260146633,MICHEL,Lea,1931-08-26,F,92
IPP0002192,187047786048972,GARCIA,Marc,1987-04-23,M,77
IPP0002193,191049301880046,LEROY,Sarah,1991-04-15,M,93
IPP0002194,258099311327547,MICHEL,Antoine,1958-09-17,F,93
IPP0002195,218027776541488,MARTIN,Pierre,2018-02-09,F,77
IPP0002196,160059477698170,FOURNIER,Ines,1960-05-09,M,94
IPP0002197,110087515398242,MARTIN,Hugo,2010-08-17,M,75
IPP0002198,202069519919295,THOMAS,Lea,2002-06-01,F,95
IPP0002199,262127760120520,GARCIA,Ines,1962-12-26,F,77
IPP0002200,242079491225109,LAURENT,Marie,1942-07-16,F,94
IPP0002201,275089454634282,ROUX,Julie,1975-08-25,F,94
IPP0002202,201019210657926,ROBERT,Julie,2001-01-23,F,92
IPP0002203,235049154875732,DUBOIS,Sophie,1935-04-15,F,91
IPP0002204,247049422438051,THOMAS,Marie,1947-04-24,F,94
IPP0002205,231109228865947,MOREL,Thomas,1931-10-14,F,92
IPP0002206,141069209682593,MOREAU,Ines,1941-06-08,M,92
IPP0002207,135087755517226,MARTIN,Sarah,1935-08-23,M,77
IPP0002208,182069251659768,LEROY,Louis,1982-06-04,M,92
IPP0002209,230077895836619,BERTRAND,Manon,1930-07-23,F,78
IPP0002210,133127568428245,DURAND,Emma,1933-12-04,M,75
IPP0002211,159129320184884,DURAND,Paul,1959-12-02,M,93
IPP0002212,167089523263422,ROBERT,Marie,1967-08-02,M,95
IPP0002213,156067785570406,DAVID,Luc,1956-06-21,M,77
IPP0002214,150087517638427,BERNARD,Manon,1950-08-13,M,75
IPP0002215,117079278316259,DURAND,Pierre,2017-07-04,M,92
IPP0002216,183029471783337,PETIT,Marc,1983-02-14,M,94
IPP0002217,287039497746043,DAVID,Emma,1987-03-27,F,94
IPP0002218,265069494975268,MARTIN,Paul,1965-06-09,F,94
IPP0002219,267079595009405,MOREL,Sophie,1967-07-25,F,95
IPP0002220,136049257449174,GARCIA,Louis,1936-04-24,M,92
IPP0002221,136099481913095,LEROY,Marie,1936-09-06,M,94
IPP0002222,160099234853885,FOURNIER,Pierre,1960-09-18,M,92
IPP0002223,263069384818309,BERNARD,Camille,1963-06-18,F,93
IPP0002224,256039471665282,DUBOIS,Antoine,1956-03-26,F,94
IPP0002225,109089173965065,FOURNIER,Pierre,2009-08-03,M,91
IPP0002226,288037786834654,MARTIN,Marie,1988-03-22,F,77
IPP0002227,133117588483077,MARTIN,Pierre,1933-11-23,M,75
IPP0002228,251129208570502,DURAND,Sarah,1951-12-26,F,92
IPP0002229,186097805980724,GIRARD,Jean,1986-09-21,M,78
IPP0002230,175069281493755,VINCENT,Lea,1975-06-13,M,92
IPP0002231,263039361568547,MOREL,Manon,1963-03-03,F,93
IPP0002232,266089215518053,SIMON,Antoine,1966-08-17,F,92
IPP0002233,170077552044695,BERTRAND,Jean,1970-07-16,M,75
IPP0002234,106017790825274,GARCIA,Chloe,2006-01-01,M,77
IPP0002235,241067754315428,GARCIA,Nicolas,1941-06-24,F,77
IPP0002236,160077752423441,LAURENT,Chloe,1960-07-05,M,77
IPP0002237,176059380459127,GARCIA,Marie,1976-05-27,M,93
IPP0002238,110089121324797,DAVID,Ines,2010-08-02,M,91
IPP0002239,209067579164029,VINCENT,Emma,2009-06-26,F,75
IPP0002240,138017595112615,GARCIA,Marc,1938-01-09,M,75
IPP0002241,101097526864109,MOREAU,Emma,2001-09-24,M,75
IPP0002242,293049438873687,DURAND,Antoine,1993-04-17,F,94
IPP0002243,181059369006839,ROBERT,Nicolas,1981-05-08,M,93
IPP0002244,251097741830581,PETIT,Jean,1951-09-19,F,77
IPP0002245,183127874074329,VINCENT,Camille,1983-12-05,M,78
IPP0002246,143057708547495,BERNARD,Nicolas,1943-05-25,M,77
IPP0002247,210077896976972,MICHEL,Lea,2010-07-06,F,78
IPP0002248,153079473969201,MICHEL,Hugo,1953-07-26,M,94
IPP0002249,167047568508765,ROUX,Nicolas,1967-04-28,M,75
IPP0002250,282057752659017,VINCENT,Antoine,1982-05-28,F,77
IPP0002251,158127824857085,VINCENT,Antoine,1958-12-04,M,78
IPP0002252,165069347762576,BERNARD,Hugo,1965-06-24,M,93
IPP0002253,167117587429918,LEROY,Paul,1967-11-21,M,75
IPP0002254,156067760232323,THOMAS,Nicolas,1956-06-07,M,77
IPP0002255,148029272961515,BERTRAND,Antoine,1948-02-03,M,92
IPP0002256,245099424760887,DUBOIS,Paul,1945-09-02,F,94
IPP0002257,257037823204176,DAVID,Marie,1957-03-13,F,78
IPP0002258,140109577798502,LAURENT,Nicolas,1940-10-25,M,95
IPP0002259,189099179856604,VINCENT,Jean,1989-09-28,M,91
IPP0002260,153047583103116,MOREL,Sophie,1953-04-27,M,75
IPP0002261,283029385861279,VINCENT,Jean,1983-02-18,F,93
IPP0002262,118079565372070,ROUX,Marc,2018-07-11,M,95
IPP0002263,206029193900447,GIRARD,Paul,2006-02-24,F,91
IPP0002264,277107813890894,BERNARD,Pierre,1977-10-26,F,78
IPP0002265,207029289253970,MOREL,Lea,2007-02-26,F,92
IPP0002266,199059440754364,ROUX,Hugo,1999-05-08,M,94
IPP0002267,105039120017545,PETIT,Paul,2005-03-25,M,91
IPP0002268,139047734434605,DAVID,Pierre,1939-04-15,M,77
IPP0002269,162017713453393,FOURNIER,Camille,1962-01-23,M,77
IPP0002270,176117824450551,GARCIA,Camille,1976-11-01,M,78
IPP0002271,235099212076516,ROBERT,Camille,1935-09-23,F,92
IPP0002272,135047553390738,DURAND,Chloe,1935-04-28,M,75
IPP0002273,280107539615822,BERTRAND,Pierre,1980-10-03,F,75
IPP0002274,257029426192013,LAURENT,Chloe,1957-02-06,F,94
IPP0002275,185099344758683,THOMAS,Sarah,1985-09-18,M,93
IPP0002276,284099363721687,VINCENT,Marc,1984-09-21,F,93
IPP0002277,235027791856840,MARTIN,Antoine,1935-02-08,F,77
IPP0002278,254069448988416,FOURNIER,Antoine,1954-06-10,F,94
IPP0002279,182019466138465,GIRARD,Sophie,1982-01-07,M,94
IPP0002280,143119570871181,MARTIN,Ines,1943-11-12,M,95
IPP0002281,194069282329776,SIMON,Louis,1994-06-19,M,92
IPP0002282,132127759782768,PETIT,Nicolas,1932-12-15,M,77
IPP0002283,209109189180090,SIMON,Manon,2009-10-26,F,91
IPP0002284,241099354980376,MICHEL,Louis,1941-09-10,F,93
IPP0002285,211109333957935,THOMAS,Lea,2011-10-08,F,93
IPP0002286,194059497718062,DURAND,Sophie,1994-05-19,M,94
IPP0002287,158059379599301,DAVID,Nicolas,1958-05-25,M,93
IPP0002288,182107557248590,ROBERT,Nicolas,1982-10-23,M,75
IPP0002289,188079517976845,DURAND,Lea,1988-07-01,M,95
IPP0002290,196107868767944,GIRARD,Chloe,1996-10-08,M,78
IPP0002291,196037585783988,SIMON,Jean,1996-03-22,M,75
IPP0002292,282119392471235,MOREL,Ines,1982-11-04,F,93
IPP0002293,273019341660546,MICHEL,Manon,1973-01-18,F,93
IPP0002294,185119280356457,GARCIA,Louis,1985-11-09,M,92
IPP0002295,274079294685077,DURAND,Jean,1974-07-21,F,92
IPP0002296,284029378519518,VINCENT,Hugo,1984-02-22,F,93
IPP0002297,245059479627486,GARCIA,Manon,1945-05-27,F,94
IPP0002298,160107787152261,MOREAU,Marie,1960-10-26,M,77
IPP0002299,151089400200718,VINCENT,Camille,1951-08-25,M,94
IPP0002300,279029285478258,GARCIA,Antoine,1979-02-02,F,92
IPP0002301,139029483462753,LAURENT,Jean,1939-02-22,M,94
IPP0002302,138077562766478,MOREAU,Pierre,1938-07-17,M,75
IPP0002303,210107805646572,DAVID,Emma,2010-10-03,F,78
IPP0002304,104089164314806,BERNARD,Chloe,2004-08-21,M,91
IPP0002305,111057591850870,BERTRAND,Thomas,2011-05-09,M,75
IPP0002306,280039590714459,GARCIA,Camille,1980-03-02,F,95
IPP0002307,106037556981864,DUBOIS,Sarah,2006-03-12,M,75
IPP0002308,279019278879767,MOREAU,Jean,1979-01-06,F,92
IPP0002309,297117706999474,DURAND,Paul,1997-11-18,F,77
IPP0002310,188049397895448,LAURENT,Chloe,1988-04-03,M,93
IPP0002311,155069247955818,DUBOIS,Thomas,1955-06-13,M,92
IPP0002312,156039208161864,PETIT,Jean,1956-03-22,M,92
IPP0002313,244049124484587,VINCENT,Hugo,1944-04-25,F,91
IPP0002314,189087838612545,DURAND,Paul,1989-08-18,M,78
IPP0002315,239117731527142,MOREL,Marie,1939-11-18,F,77
IPP0002316,104069388540665,SIMON,Antoine,2004-06-02,M,93
IPP0002317,142077705524346,BERTRAND,Paul,1942-07-09,M,77
IPP0002318,243079295014646,BERTRAND,Sarah,1943-07-16,F,92
IPP0002319,153029365509558,ROUX,Louis,1953-02-01,M,93
IPP0002320,143117753295376,DAVID,Emma,1943-11-07,M,77
IPP0002321,292129524077777,DAVID,Julie,1992-12-22,F,95
IPP0002322,144097841903013,LAURENT,Julie,1944-09-06,M,78
IPP0002323,232089141369884,THOMAS,Thomas,1932-08-26,F,91
IPP0002324,219019524292272,GARCIA,Antoine,2019-01-13,F,95
IPP0002325,131067538655482,ROBERT,Pierre,1931-06-25,M,75
IPP0002326,153047833669160,PETIT,Pierre,1953-04-21,M,78
IPP0002327,216117579634409,FOURNIER,Thomas,2016-11-12,F,75
IPP0002328,117059375107577,VINCENT,Emma,2017-05-13,M,93
IPP0002329,103039199346819,GIRARD,Marie,2003-03-11,M,91
IPP0002330,260077780356025,MARTIN,Emma,1960-07-20,F,77
IPP0002331,134067597562047,LEROY,Manon,1934-06-26,M,75
IPP0002332,206127752099341,SIMON,Luc,2006-12-23,F,77
IPP0002333,207069266308784,SIMON,Chloe,2007-06-28,F,92
IPP0002334,210099598683044,BERNARD,Thomas,2010-09-17,F,95
IPP0002335,175039145940066,ROUX,Paul,1975-03-08,M,91
IPP0002336,133107739079917,DUBOIS,Ines,1933-10-15,M,77
IPP0002337,110119562654556,ROUX,Nicolas,2010-11-15,M,95
IPP0002338,109109573686657,ROBERT,Luc,2009-10-14,M,95
IPP0002339,296109576804072,FOURNIER,Hugo,1996-10-07,F,95
IPP0002340,181119437805473,MOREAU,Jean,1981-11-06,M,94
IPP0002341,279077870346825,MOREL,Marie,1979-07-24,F,78
IPP0002342,116027792255541,PETIT,Hugo,2016-02-06,M,77
IPP0002343,264059147260886,GARCIA,Paul,1964-05-06,F,91
IPP0002344,175109365425347,ROBERT,Manon,1975-10-10,M,93
IPP0002345,280049456098469,MOREL,Sophie,1980-04-28,F,94
IPP0002346,281039270169792,LAURENT,Emma,1981-03-09,F,92
IPP0002347,291039117299272,MOREL,Emma,1991-03-11,F,91
IPP0002348,205049435254346,GIRARD,Chloe,2005-04-28,F,94
IPP0002349,158099137937525,MARTIN,Sarah,1958-09-04,M,91
IPP0002350,279097562532995,ROUX,Lea,1979-09-11,F,75
IPP0002351,258017764463962,THOMAS,Antoine,1958-01-07,F,77
IPP0002352,144089516904935,DURAND,Antoine,1944-08-20,M,95
IPP0002353,204047508985934,MICHEL,Paul,2004-04-09,F,75
IPP0002354,269027746511105,LAURENT,Hugo,1969-02-11,F,77
IPP0002355,143049337563501,DURAND,Camille,1943-04-24,M,93
IPP0002356,297029145987202,LAURENT,Marie,1997-02-08,F,91
IPP0002357,109059371488689,THOMAS,Lea,2009-05-28,M,93
IPP0002358,134069539363178,VINCENT,Sophie,1934-06-06,M,95
IPP0002359,201019377649067,MARTIN,Marc,2001-01-20,F,93
IPP0002360,246047841216752,ROBERT,Hugo,1946-04-28,F,78
IPP0002361,283019181277375,BERTRAND,Manon,1983-01-11,F,91
IPP0002362,265059314250592,LAURENT,Antoine,1965-05-28,F,93
IPP0002363,215057875160302,DAVID,Chloe,2015-05-18,F,78
IPP0002364,208059331298125,GIRARD,Sophie,2008-05-06,F,93
IPP0002365,118077514095551,MARTIN,Marie,2018-07-11,M,75
IPP0002366,149059460166366,LEROY,Pierre,1949-05-12,M,94
IPP0002367,146119281933469,LAURENT,Pierre,1946-11-27,M,92
IPP0002368,130069503553552,DURAND,Camille,1930-06-11,M,95
IPP0002369,117027729287248,VINCENT,Antoine,2017-02-10,M,77
IPP0002370,279109514851221,LEROY,Camille,1979-10-20,F,95
IPP0002371,211087765942411,ROBERT,Jean,2011-08-24,F,77
IPP0002372,176099394237844,SIMON,Paul,1976-09-24,M,93
IPP0002373,197049372555728,THOMAS,Luc,1997-04-26,M,93
IPP0002374,138039390086264,MARTIN,Lea,1938-03-07,M,93
IPP0002375,137077590709358,VINCENT,Julie,1937-07-24,M,75
IPP0002376,263089473556713,BERTRAND,Chloe,1963-08-06,F,94
IPP0002377,198039541453249,DUBOIS,Thomas,1998-03-25,M,95
IPP0002378,153069532926773,MICHEL,Manon,1953-06-16,M,95
IPP0002379,291039388458517,BERNARD,Hugo,1991-03-13,F,93
IPP0002380,109029539292208,FOURNIER,Julie,2009-02-17,M,95
IPP0002381,180019373645107,THOMAS,Sarah,1980-01-18,M,93
IPP0002382,138089420445465,DURAND,Louis,1938-08-22,M,94
IPP0002383,133069315959163,MOREL,Ines,1933-06-06,M,93
IPP0002384,182039181933546,MOREL,Pierre,1982-03-04,M,91
IPP0002385,260099324391961,PETIT,Hugo,1960-09-18,F,93
IPP0002386,219049432857053,SIMON,Marc,2019-04-26,F,94
IPP0002387,245089575576273,ROUX,Julie,1945-08-24,F,95
IPP0002388,180057558534156,MOREAU,Marc,1980-05-08,M,75
IPP0002389,208129218591563,BERTRAND,Ines,2008-12-24,F,92
IPP0002390,230039345107219,PETIT,Marie,1930-03-19,F,93
IPP0002391,261119577854033,ROUX,Sophie,1961-11-20,F,95
IPP0002392,192127814259423,FOURNIER,Antoine,1992-12-27,M,78
IPP0002393,146039213881307,MICHEL,Nicolas,1946-03-01,M,92
IPP0002394,100047590504687,MOREAU,Manon,2000-04-06,M,75
IPP0002395,207119535870183,DURAND,Chloe,2007-11-15,F,95
IPP0002396,253049194706396,BERNARD,Paul,1953-04-21,F,91
IPP0002397,165059166108482,MOREL,Louis,1965-05-08,M,91
IPP0002398,244087885689339,PETIT,Paul,1944-08-03,F,78
IPP0002399,132039379895032,MOREL,Chloe,1932-03-21,M,93
IPP0002400,141059528467040,VINCENT,Paul,1941-05-07,M,95
IPP0002401,108049148208580,DURAND,Louis,2008-04-01,M,91
IPP0002402,241109340805031,ROBERT,Luc,1941-10-04,F,93
IPP0002403,156039542047841,ROBERT,Marie,1956-03-04,M,95
IPP0002404,107129211911631,GARCIA,Nicolas,2007-12-22,M,92
IPP0002405,146039263373972,BERNARD,Thomas,1946-03-02,M,92
IPP0002406,173119595525596,DURAND,Ines,1973-11-24,M,95
IPP0002407,134059444239024,LAURENT,Paul,1934-05-19,M,94
IPP0002408,114037779653476,THOMAS,Luc,2014-03-15,M,77
IPP0002409,252027702480981,FOURNIER,Nicolas,1952-02-03,F,77
IPP0002410,173017813815477,GIRARD,Lea,1973-01-19,M,78
IPP0002411,246019471886870,MICHEL,Chloe,1946-01-27,F,94
IPP0002412,238127582595486,DURAND,Louis,1938-12-24,F,75
IPP0002413,246129584401805,THOMAS,Julie,1946-12-19,F,95
IPP0002414,245039443595815,MICHEL,Manon,1945-03-09,F,94
IPP0002415,299067778194720,ROBERT,Paul,1999-06-13,F,77
IPP0002416,163029302714525,ROUX,Marie,1963-02-24,M,93
IPP0002417,245069349123704,FOURNIER,Sarah,1945-06-20,F,93
IPP0002418,237037545473786,DUBOIS,Camille,1937-03-20,F,75
IPP0002419,205019413413064,SIMON,Antoine,2005-01-14,F,94
IPP0002420,173069384890016,MARTIN,Julie,1973-06-09,M,93
IPP0002421,234049201863175,MICHEL,Nicolas,1934-04-02,F,92
IPP0002422,202117843491539,SIMON,Ines,2002-11-15,F,78
IPP0002423,177087838129234,DAVID,Emma,1977-08-19,M,78
IPP0002424,162089214185742,MOREAU,Thomas,1962-08-27,M,92
IPP0002425,230027578812229,VINCENT,Sophie,1930-02-02,F,75
IPP0002426,156019156823690,THOMAS,Thomas,1956-01-26,M,91
IPP0002427,265029343452987,BERNARD,Manon,1965-02-16,F,93
IPP0002428,196027845911050,ROBERT,Louis,1996-02-26,M,78
IPP0002429,143067547508707,DURAND,Antoine,1943-06-23,M,75
IPP0002430,182089405647401,LEROY,Hugo,1982-08-04,M,94
IPP0002431,136057750430862,DURAND,Nicolas,1936-05-12,M,77
IPP0002432,144127501857980,DAVID,Emma,1944-12-07,M,75
IPP0002433,298097845843708,DAVID,Ines,1998-09-22,F,78
IPP0002434,293019257500663,LAURENT,Paul,1993-01-07,F,92
IPP0002435,107079594526168,DAVID,Nicolas,2007-07-06,M,95
IPP0002436,249029253824797,ROBERT,Sarah,1949-02-12,F,92
IPP0002437,134019142543620,THOMAS,Lea,1934-01-09,M,91
IPP0002438,210109281512064,BERNARD,Thomas,2010-10-01,F,92
IPP0002439,215087703902197,MOREAU,Louis,2015-08-04,F,77
IPP0002440,199097758800461,LAURENT,Julie,1999-09-03,M,77
IPP0002441,170037762662414,VINCENT,Marie,1970-03-02,M,77
IPP0002442,212109595293504,GARCIA,Ines,2012-10-27,F,95
IPP0002443,211049220447546,MOREL,Thomas,2011-04-21,F,92
IPP0002444,183077710542145,GARCIA,Sophie,1983-07-20,M,77
IPP0002445,157087549749234,MOREL,Marc,1957-08-10,M,75
IPP0002446,159037844818894,DURAND,Antoine,1959-03-25,M,78
IPP0002447,204109582701621,DUBOIS,Marc,2004-10-04,F,95
IPP0002448,185117522047949,BERNARD,Antoine,1985-11-05,M,75
IPP0002449,299039242105705,PETIT,Jean,1999-03-04,F,92
IPP0002450,242099224137918,GIRARD,Louis,1942-09-26,F,92
IPP0002451,248029598602341,FOURNIER,Antoine,1948-02-03,F,95
IPP0002452,214099299456056,GARCIA,Marc,2014-09-01,F,92
IPP0002453,298039246397015,MICHEL,Antoine,1998-03-06,F,92
IPP0002454,103087844995584,MARTIN,Manon,2003-08-17,M,78
IPP0002455,137017542948638,LAURENT,Sarah,1937-01-09,M,75
IPP0002456,153049230761051,GARCIA,Pierre,1953-04-13,M,92
IPP0002457,150097781117068,GIRARD,Camille,1950-09-16,M,77
IPP0002458,189129159396679,ROUX,Marie,1989-12-25,M,91
IPP0002459,235109473112143,MOREAU,Pierre,1935-10-12,F,94
IPP0002460,244067550792253,FOURNIER,Julie,1944-06-14,F,75
IPP0002461,192059434274125,GARCIA,Chloe,1992-05-22,M,94
IPP0002462,188109118730041,BERNARD,Ines,1988-10-26,M,91
IPP0002463,219119139356052,LEROY,Marc,2019-11-10,F,91
IPP0002464,233057715606773,BERTRAND,Jean,1933-05-15,F,77
IPP0002465,101069114616477,MICHEL,Louis,2001-06-04,M,91
IPP0002466,110079300151508,MOREL,Julie,2010-07-09,M,93
IPP0002467,298079462904346,DAVID,Luc,1998-07-18,F,94
IPP0002468,280089561759051,DUBOIS,Camille,1980-08-05,F,95
IPP0002469,109027707622006,THOMAS,Louis,2009-02-03,M,77
IPP0002470,175119384189519,DURAND,Camille,1975-11-25,M,93
IPP0002471,159049191600168,LAURENT,Emma,1959-04-16,M,91
IPP0002472,135059241134138,MARTIN,Emma,1935-05-11,M,92
IPP0002473,265059326912854,GIRARD,Sophie,1965-05-16,F,93
IPP0002474,270119471429736,MOREAU,Jean,1970-11-02,F,94
IPP0002475,281029591993408,DUBOIS,Antoine,1981-02-16,F,95
IPP0002476,119057556055589,MARTIN,Nicolas,2019-05-20,M,75
IPP0002477,200037708245496,MOREAU,Camille,2000-03-04,F,77
IPP0002478,158069394240476,GARCIA,Marc,1958-06-20,M,93
IPP0002479,208119471699981,MOREL,Nicolas,2008-11-18,F,94
IPP0002480,269097770691438,DUBOIS,Hugo,1969-09-13,F,77
IPP0002481,205057511412879,GIRARD,Luc,2005-05-11,F,75
IPP0002482,137119537025312,GARCIA,Marie,1937-11-25,M,95
IPP0002483,244029243370032,BERNARD,Julie,1944-02-16,F,92
IPP0002484,256079442172794,ROBERT,Sophie,1956-07-11,F,94
IPP0002485,271067538949875,MARTIN,Marie,1971-06-20,F,75
IPP0002486,106117782714060,SIMON,Antoine,2006-11-21,M,77
IPP0002487,252019138569925,MOREAU,Manon,1952-01-10,F,91
IPP0002488,285087533580951,DAVID,Marc,1985-08-14,F,75
IPP0002489,131059188637344,ROUX,Thomas,1931-05-11,M,91
IPP0002490,298019580297608,SIMON,Hugo,1998-01-19,F,95
IPP0002491,154097543613457,LEROY,Chloe,1954-09-26,M,75
IPP0002492,281079387564901,PETIT,Camille,1981-07-26,F,93
IPP0002493,219059240764803,LAURENT,Ines,2019-05-02,F,92
IPP0002494,259019116587790,PETIT,Sophie,1959-01-01,F,91
IPP0002495,149059543998815,ROUX,Sarah,1949-05-06,M,95
IPP0002496,281037862806987,GARCIA,Jean,1981-03-25,F,78
IPP0002497,140039209538282,VINCENT,Marc,1940-03-09,M,92
IPP0002498,237017511148622,MOREL,Antoine,1937-01-25,F,75
IPP0002499,291129320189667,DUBOIS,Emma,1991-12-16,F,93
IPP0002500,286017745713947,DAVID,Marc,1986-01-26,F,77
IPP0002501,111079374811466,PETIT,Marie,2011-07-03,M,93
IPP0002502,197059535123487,DAVID,Chloe,1997-05-08,M,95
IPP0002503,298017899883959,PETIT,Chloe,1998-01-15,F,78
IPP0002504,295039312768821,FOURNIER,Julie,1995-03-10,F,93
IPP0002505,262067704903369,DAVID,Marc,1962-06-26,F,77
IPP0002506,213069534775879,ROBERT,Paul,2013-06-10,F,95
IPP0002507,144039395873104,BERTRAND,Lea,1944-03-07,M,93
IPP0002508,217109246244988,GARCIA,Paul,2017-10-24,F,92
IPP0002509,115059350217477,MARTIN,Paul,2015-05-21,M,93
IPP0002510,217039292048769,MICHEL,Jean,2017-03-27,F,92
IPP0002511,138109198625305,BERNARD,Marc,1938-10-26,M,91
IPP0002512,211049162481237,LEROY,Hugo,2011-04-02,F,91
IPP0002513,164107886923687,SIMON,Jean,1964-10-08,M,78
IPP0002514,119119252807106,GARCIA,Thomas,2019-11-24,M,92
IPP0002515,294059286343629,MICHEL,Emma,1994-05-17,F,92
IPP0002516,262057826826910,DAVID,Marie,1962-05-22,F,78
IPP0002517,198069248761836,GIRARD,Paul,1998-06-23,M,92
IPP0002518,220097565870370,LAURENT,Julie,2020-09-04,F,75
IPP0002519,148097789655247,GARCIA,Ines,1948-09-15,M,77
IPP0002520,205099390790915,GIRARD,Marie,2005-09-17,F,93
IPP0002521,270089385849160,THOMAS,Marc,1970-08-19,F,93
IPP0002522,217039123903823,DUBOIS,Ines,2017-03-09,F,91
IPP0002523,220057713692762,DURAND,Manon,2020-05-06,F,77
IPP0002524,105089424458263,THOMAS,Luc,2005-08-06,M,94
IPP0002525,112119503140206,PETIT,Louis,2012-11-18,M,95
IPP0002526,152097572959225,FOURNIER,Paul,1952-09-28,M,75
IPP0002527,148029201619005,LEROY,Emma,1948-02-02,M,92
IPP0002528,132029147344543,GARCIA,Sophie,1932-02-23,M,91
IPP0002529,133099573339607,THOMAS,Jean,1933-09-27,M,95
IPP0002530,167049181609659,SIMON,Marie,1967-04-12,M,91
IPP0002531,100059465796795,DUBOIS,Louis,2000-05-11,M,94
IPP0002532,191059320032326,SIMON,Camille,1991-05-14,M,93
IPP0002533,216027520475149,MARTIN,Thomas,2016-02-02,F,75
IPP0002534,253017796733836,MOREL,Nicolas,1953-01-12,F,77
IPP0002535,239067544744454,GARCIA,Camille,1939-06-01,F,75
IPP0002536,241029193938090,SIMON,Pierre,1941-02-01,F,91
IPP0002537,120047582845835,FOURNIER,Hugo,2020-04-10,M,75
IPP0002538,181107779163459,ROUX,Marie,1981-10-27,M,77
IPP0002539,177099444143008,FOURNIER,Paul,1977-09-25,M,94
IPP0002540,200039116439830,GIRARD,Thomas,2000-03-13,F,91
IPP0002541,197049157256904,VINCENT,Louis,1997-04-18,M,91
IPP0002542,190099580163081,DUBOIS,Chloe,1990-09-22,M,95
IPP0002543,177109337246549,DUBOIS,Louis,1977-10-14,M,93
IPP0002544,278019413002312,DUBOIS,Luc,1978-01-23,F,94
IPP0002545,219069339001667,SIMON,Pierre,2019-06-15,F,93
IPP0002546,103069280347312,MICHEL,Hugo,2003-06-05,M,92
IPP0002547,245089529872447,DUBOIS,Luc,1945-08-16,F,95
IPP0002548,267079380307724,THOMAS,Manon,1967-07-20,F,93
IPP0002549,165029196314234,DAVID,Marc,1965-02-20,M,91
IPP0002550,150039534352576,MOREL,Pierre,1950-03-20,M,95
IPP0002551,236127827393991,ROBERT,Sophie,1936-12-09,F,78
IPP0002552,217059585485679,BERNARD,Hugo,2017-05-12,F,95
IPP0002553,294039313086594,MICHEL,Sarah,1994-03-01,F,93
IPP0002554,120107506564836,GARCIA,Julie,2020-10-01,M,75
IPP0002555,282059517621725,ROBERT,Marc,1982-05-02,F,95
IPP0002556,252097890973970,MOREAU,Jean,1952-09-06,F,78
IPP0002557,141089316570687,MOREAU,Thomas,1941-08-17,M,93
IPP0002558,141039239996530,FOURNIER,Chloe,1941-03-14,M,92
IPP0002559,191027896657642,BERNARD,Pierre,1991-02-02,M,78
IPP0002560,103069386547563,THOMAS,Pierre,2003-06-01,M,93
IPP0002561,253077576237294,LEROY,Thomas,1953-07-03,F,75
IPP0002562,102037503447467,DUBOIS,Camille,2002-03-07,M,75
IPP0002563,217019526392819,DUBOIS,Antoine,2017-01-01,F,95
IPP0002564,201127723383137,ROBERT,Louis,2001-12-11,F,77
IPP0002565,282109488687992,DAVID,Chloe,1982-10-18,F,94
IPP0002566,106059578511980,DAVID,Pierre,2006-05-09,M,95
IPP0002567,190047783155253,DUBOIS,Paul,1990-04-26,M,77
IPP0002568,134057515836165,FOURNIER,Ines,1934-05-11,M,75
IPP0002569,258119248091497,SIMON,Paul,1958-11-06,F,92
IPP0002570,286059434689394,ROBERT,Camille,1986-05-17,F,94
IPP0002571,181059104076479,DAVID,Thomas,1981-05-18,M,91
IPP0002572,105097791330746,FOURNIER,Antoine,2005-09-08,M,77
IPP0002573,100057882023456,GARCIA,Lea,2000-05-06,M,78
IPP0002574,247097834305534,BERTRAND,Thomas,1947-09-02,F,78
IPP0002575,220017846063549,LAURENT,Chloe,2020-01-13,F,78
IPP0002576,176079457918807,MARTIN,Ines,1976-07-06,M,94
IPP0002577,199067811004427,ROUX,Lea,1999-06-25,M,78
IPP0002578,115109410397448,DUBOIS,Sophie,2015-10-04,M,94
IPP0002579,294077514633713,SIMON,Thomas,1994-07-04,F,75
IPP0002580,236119317365049,MARTIN,Nicolas,1936-11-23,F,93
IPP0002581,259067771696433,DUBOIS,Emma,1959-06-27,F,77
IPP0002582,140119344992380,LAURENT,Louis,1940-11-05,M,93
IPP0002583,237019177883289,BERNARD,Pierre,1937-01-06,F,91
IPP0002584,244069392990024,MICHEL,Louis,1944-06-07,F,93
IPP0002585,286117803344977,SIMON,Marie,1986-11-20,F,78
IPP0002586,242089486513301,BERTRAND,Ines,1942-08-23,F,94
IPP0002587,175127866002943,LEROY,Pierre,1975-12-24,M,78
IPP0002588,131079499431217,MARTIN,Paul,1931-07-10,M,94
IPP0002589,130059396103369,DURAND,Camille,1930-05-12,M,93
IPP0002590,194107706607404,FOURNIER,Lea,1994-10-23,M,77
IPP0002591,158119398355932,MICHEL,Chloe,1958-11-11,M,93
IPP0002592,177117815104749,MICHEL,Nicolas,1977-11-19,M,78
IPP0002593,134019558496446,MOREL,Jean,1934-01-14,M,95
IPP0002594,180107507656055,GARCIA,Thomas,1980-10-14,M,75
IPP0002595,263019449151397,MOREAU,Luc,1963-01-25,F,94
IPP0002596,114047731559508,MICHEL,Julie,2014-04-19,M,77
IPP0002597,130079538777733,PETIT,Hugo,1930-07-16,M,95
IPP0002598,231047884901254,DUBOIS,Sarah,1931-04-06,F,78
IPP0002599,178069392140120,PETIT,Lea,1978-06-09,M,93
IPP0002600,188099359706333,PETIT,Louis,1988-09-09,M,93
IPP0002601,158047887709886,DUBOIS,Jean,1958-04-10,M,78
IPP0002602,103019186069465,BERNARD,Chloe,2003-01-21,M,91
IPP0002603,130119152326037,LEROY,Jean,1930-11-25,M,91
IPP0002604,144029145522620,ROBERT,Ines,1944-02-13,M,91
IPP0002605,166119534377345,MOREL,Manon,1966-11-11,M,95
IPP0002606,271109309017621,MOREL,Louis,1971-10-28,F,93
IPP0002607,269037523797735,LEROY,Camille,1969-03-13,F,75
IPP0002608,131129537936339,VINCENT,Emma,1931-12-05,M,95
IPP0002609,162087571261110,ROBERT,Jean,1962-08-15,M,75
IPP0002610,244027886316672,LEROY,Manon,1944-02-26,F,78
IPP0002611,153049310266310,GIRARD,Emma,1953-04-14,M,93
IPP0002612,175099253558793,ROUX,Jean,1975-09-26,M,92
IPP0002613,202029279211553,VINCENT,Camille,2002-02-14,F,92
IPP0002614,198069274860378,LAURENT,Louis,1998-06-11,M,92
IPP0002615,218089239157076,VINCENT,Marie,2018-08-06,F,92
IPP0002616,173049406956195,GARCIA,Ines,1973-04-16,M,94
IPP0002617,195109382352233,MOREAU,Hugo,1995-10-16,M,93
IPP0002618,236119317374056,ROUX,Emma,1936-11-04,F,93
IPP0002619,136039463030265,FOURNIER,Luc,1936-03-18,M,94
IPP0002620,147117525909162,MOREAU,Marc,1947-11-05,M,75
IPP0002621,265119394776825,VINCENT,Sophie,1965-11-07,F,93
IPP0002622,183069471801120,ROBERT,Jean,1983-06-19,M,94
IPP0002623,134117528496050,ROBERT,Julie,1934-11-07,M,75
IPP0002624,146129536887196,ROBERT,Sophie,1946-12-15,M,95
IPP0002625,177127592179662,ROBERT,Antoine,1977-12-07,M,75
IPP0002626,183069126040660,DURAND,Jean,1983-06-02,M,91
IPP0002627,174129495884985,BERTRAND,Thomas,1974-12-26,M,94
IPP0002628,275079262655133,LEROY,Luc,1975-07-19,F,92
IPP0002629,117019361309262,DAVID,Pierre,2017-01-21,M,93
IPP0002630,268077588296813,PETIT,Louis,1968-07-28,F,75
IPP0002631,145019486398963,FOURNIER,Marc,1945-01-09,M,94
IPP0002632,109079315558226,DUBOIS,Paul,2009-07-13,M,93
IPP0002633,183087537641641,FOURNIER,Chloe,1983-08-01,M,75
IPP0002634,280087539324095,GARCIA,Luc,1980-08-25,F,75
IPP0002635,103099137137154,BERNARD,Lea,2003-09-26,M,91
IPP0002636,262057545298959,DAVID,Nicolas,1962-05-21,F,75
IPP0002637,117059473523183,MOREL,Camille,2017-05-20,M,94
IPP0002638,231059117246579,DURAND,Luc,1931-05-21,F,91
IPP0002639,179039209130319,ROBERT,Marc,1979-03-14,M,92
IPP0002640,182117896467110,FOURNIER,Hugo,1982-11-05,M,78
IPP0002641,216037554775355,ROUX,Ines,2016-03-04,F,75
IPP0002642,109079474231915,DUBOIS,Ines,2009-07-05,M,94
IPP0002643,263047882524639,ROBERT,Lea,1963-04-07,F,78
IPP0002644,253067537454502,LEROY,Julie,1953-06-22,F,75
IPP0002645,163047582970774,LEROY,Pierre,1963-04-27,M,75
IPP0002646,120069541602994,MICHEL,Marc,2020-06-28,M,95
IPP0002647,289127751233969,BERTRAND,Nicolas,1989-12-13,F,77
IPP0002648,211067899124664,DAVID,Chloe,2011-06-07,F,78
IPP0002649,264079198682796,DUBOIS,Camille,1964-07-13,F,91
IPP0002650,165039335229336,MICHEL,Jean,1965-03-03,M,93
IPP0002651,103067752109045,LAURENT,Emma,2003-06-27,M,77
IPP0002652,206037859039121,GARCIA,Lea,2006-03-11,F,78
IPP0002653,253029401446523,MOREAU,Luc,1953-02-28,F,94
IPP0002654,177129227318659,GARCIA,Sophie,1977-12-19,M,92
IPP0002655,236119425481249,PETIT,Camille,1936-11-09,F,94
IPP0002656,168069473683075,BERNARD,Thomas,1968-06-10,M,94
IPP0002657,258119523210718,MARTIN,Jean,1958-11-25,F,95
IPP0002658,193097894217216,ROBERT,Sophie,1993-09-27,M,78
IPP0002659,177129509593906,FOURNIER,Marc,1977-12-18,M,95
IPP0002660,250047775791834,PETIT,Camille,1950-04-12,F,77
IPP0002661,263059505011684,ROUX,Paul,1963-05-28,F,95
IPP0002662,112119181635090,ROBERT,Julie,2012-11-01,M,91
IPP0002663,289089141069996,LAURENT,Camille,1989-08-05,F,91
IPP0002664,154089228693382,BERNARD,Marie,1954-08-01,M,92
IPP0002665,249089202695009,MICHEL,Hugo,1949-08-18,F,92
IPP0002666,134019587769957,PETIT,Luc,1934-01-05,M,95
IPP0002667,169039567986871,DURAND,Sophie,1969-03-11,M,95
IPP0002668,233109499158822,THOMAS,Paul,1933-10-10,F,94
IPP0002669,297119250716961,BERNARD,Paul,1997-11-23,F,92
IPP0002670,155077836072730,ROBERT,Antoine,1955-07-20,M,78
IPP0002671,252129359074463,ROUX,Julie,1952-12-01,F,93
IPP0002672,246127884891529,DURAND,Julie,1946-12-12,F,78
IPP0002673,151039523371731,GIRARD,Paul,1951-03-21,M,95
IPP0002674,130059570871140,LEROY,Chloe,1930-05-12,M,95
IPP0002675,146049109052037,MICHEL,Marie,1946-04-14,M,91
IPP0002676,280029504752449,PETIT,Nicolas,1980-02-02,F,95
IPP0002677,245099385087590,DURAND,Nicolas,1945-09-26,F,93
IPP0002678,142019216040615,THOMAS,Chloe,1942-01-16,M,92
IPP0002679,101119372409204,ROUX,Camille,2001-11-18,M,93
IPP0002680,298059149020628,LAURENT,Thomas,1998-05-25,F,91
IPP0002681,246039470815746,ROBERT,Emma,1946-03-07,F,94
IPP0002682,111027726015876,MICHEL,Manon,2011-02-25,M,77
IPP0002683,115119318375247,MICHEL,Nicolas,2015-11-21,M,93
IPP0002684,178037821738180,BERNARD,Nicolas,1978-03-27,M,78
IPP0002685,111129406987636,THOMAS,Manon,2011-12-16,M,94
IPP0002686,164079528310822,LEROY,Jean,1964-07-22,M,95
IPP0002687,215067779112502,FOURNIER,Hugo,2015-06-08,F,77
IPP0002688,131119479439581,PETIT,Nicolas,1931-11-03,M,94
IPP0002689,195059123558527,ROUX,Chloe,1995-05-22,M,91
IPP0002690,238067781048876,BERNARD,Chloe,1938-06-24,F,77
IPP0002691,262109396064286,DUBOIS,Chloe,1962-10-03,F,93
IPP0002692,184129208058068,LAURENT,Hugo,1984-12-09,M,92
IPP0002693,264019259173977,GARCIA,Louis,1964-01-19,F,92
IPP0002694,105069536782548,PETIT,Marie,2005-06-15,M,95
IPP0002695,230037717344675,PETIT,Jean,1930-03-01,F,77
IPP0002696,109119214074714,DUBOIS,Luc,2009-11-16,M,92
IPP0002697,239049477073405,DAVID,Ines,1939-04-19,F,94
IPP0002698,289099541603897,MOREL,Antoine,1989-09-19,F,95
IPP0002699,257029150391517,ROUX,Julie,1957-02-06,F,91
IPP0002700,107039566839928,MARTIN,Thomas,2007-03-05,M,95
IPP0002701,219109566555815,DAVID,Chloe,2019-10-17,F,95
IPP0002702,111047720811958,GIRARD,Pierre,2011-04-21,M,77
IPP0002703,272057597752594,MOREL,Hugo,1972-05-07,F,75
IPP0002704,159027516312443,MOREL,Pierre,1959-02-05,M,75
IPP0002705,233069127929066,MOREL,Thomas,1933-06-16,F,91
IPP0002706,291017500214418,DAVID,Manon,1991-01-23,F,75
IPP0002707,280059150941138,SIMON,Louis,1980-05-10,F,91
IPP0002708,205089243083653,DURAND,Nicolas,2005-08-10,F,92
IPP0002709,284127787933971,BERNARD,Jean,1984-12-02,F,77
IPP0002710,261069448220478,BERNARD,Louis,1961-06-11,F,94
IPP0002711,264109398647653,BERTRAND,Pierre,1964-10-14,F,93
IPP0002712,111107814158324,GARCIA,Julie,2011-10-21,M,78
IPP0002713,256017860847816,MARTIN,Emma,1956-01-23,F,78
IPP0002714,274029347442406,DURAND,Camille,1974-02-06,F,93
IPP0002715,260027862929766,VINCENT,Ines,1960-02-28,F,78
IPP0002716,208077742467455,DAVID,Julie,2008-07-12,F,77
IPP0002717,272057776422735,SIMON,Marc,1972-05-28,F,77
IPP0002718,169109158495151,GIRARD,Louis,1969-10-04,M,91
IPP0002719,107047728359352,BERTRAND,Lea,2007-04-27,M,77
IPP0002720,103057701853923,FOURNIER,Emma,2003-05-14,M,77
IPP0002721,158017851343152,ROBERT,Ines,1958-01-19,M,78
IPP0002722,257107710325687,PETIT,Sophie,1957-10-22,F,77
IPP0002723,103087570817859,THOMAS,Sarah,2003-08-05,M,75
IPP0002724,191067819829451,DAVID,Chloe,1991-06-10,M,78
IPP0002725,290109303925160,MARTIN,Marie,1990-10-05,F,93
IPP0002726,265107739195259,DUBOIS,Luc,1965-10-14,F,77
IPP0002727,102017514591943,MICHEL,Sophie,2002-01-27,M,75
IPP0002728,144049534288061,GARCIA,Chloe,1944-04-24,M,95
IPP0002729,254067864469462,ROUX,Jean,1954-06-19,F,78
IPP0002730,240109496807113,MOREAU,Chloe,1940-10-20,F,94
IPP0002731,254057840739880,LEROY,Pierre,1954-05-23,F,78
IPP0002732,158097805090714,DURAND,Lea,1958-09-18,M,78
IPP0002733,154079303587957,LEROY,Paul,1954-07-06,M,93
IPP0002734,288057741721372,THOMAS,Jean,1988-05-06,F,77
IPP0002735,259119151776089,GARCIA,Manon,1959-11-15,F,91
IPP0002736,134097872872544,ROBERT,Louis,1934-09-26,M,78
IPP0002737,278109390882597,DUBOIS,Sarah,1978-10-02,F,93
IPP0002738,266027719303942,SIMON,Paul,1966-02-15,F,77
IPP0002739,237037897004954,PETIT,Emma,1937-03-08,F,78
IPP0002740,284079346077058,LAURENT,Emma,1984-07-11,F,93
IPP0002741,155039363981329,LEROY,Jean,1955-03-17,M,93
IPP0002742,132039158811147,DURAND,Paul,1932-03-11,M,91
IPP0002743,159019426041992,BERTRAND,Thomas,1959-01-08,M,94
IPP0002744,118029180346821,MICHEL,Jean,2018-02-22,M,91
IPP0002745,284039562562582,MICHEL,Hugo,1984-03-25,F,95
IPP0002746,137037821605817,DUBOIS,Emma,1937-03-09,M,78
IPP0002747,104097783650078,PETIT,Julie,2004-09-25,M,77
IPP0002748,157059304813142,FOURNIER,Lea,1957-05-23,M,93
IPP0002749,238107509446665,PETIT,Emma,1938-10-26,F,75
IPP0002750,167017545083415,DAVID,Marc,1967-01-12,M,75
IPP0002751,243089532984564,MOREAU,Camille,1943-08-21,F,95
IPP0002752,109109394827169,BERNARD,Nicolas,2009-10-28,M,93
IPP0002753,211099515880825,ROUX,Luc,2011-09-08,F,95
IPP0002754,294029332561408,BERNARD,Louis,1994-02-06,F,93
IPP0002755,279077773026131,VINCENT,Luc,1979-07-25,F,77
IPP0002756,192049446358824,DUBOIS,Emma,1992-04-21,M,94
IPP0002757,146027512354405,BERTRAND,Antoine,1946-02-03,M,75
IPP0002758,160129182794134,GIRARD,Marie,1960-12-12,M,91
IPP0002759,188019529971192,BERNARD,Julie,1988-01-28,M,95
IPP0002760,175027771236452,PETIT,Ines,1975-02-19,M,77
IPP0002761,244089318014697,ROUX,Nicolas,1944-08-04,F,93
IPP0002762,261049518716878,MARTIN,Chloe,1961-04-18,F,95
IPP0002763,249039118138641,LAURENT,Marc,1949-03-04,F,91
IPP0002764,254047570955348,DURAND,Paul,1954-04-24,F,75
IPP0002765,267057531351593,VINCENT,Sarah,1967-05-15,F,75
IPP0002766,231057582417163,MARTIN,Chloe,1931-05-15,F,75
IPP0002767,294119262778566,LAURENT,Paul,1994-11-12,F,92
IPP0002768,293059340743852,DURAND,Emma,1993-05-20,F,93
IPP0002769,283049346494456,ROUX,Sarah,1983-04-09,F,93
IPP0002770,251039301842980,DUBOIS,Nicolas,1951-03-12,F,93
IPP0002771,299029302967051,MICHEL,Louis,1999-02-05,F,93
IPP0002772,149109207433146,DAVID,Paul,1949-10-10,M,92
IPP0002773,149107877668163,MOREL,Nicolas,1949-10-11,M,78
IPP0002774,185049366241925,PETIT,Ines,1985-04-15,M,93
IPP0002775,215039138707806,LAURENT,Marc,2015-03-02,F,91
IPP0002776,112117810020052,DURAND,Sophie,2012-11-18,M,78
IPP0002777,113097504528070,MOREL,Manon,2013-09-25,M,75
IPP0002778,120039218287197,ROBERT,Sophie,2020-03-03,M,92
IPP0002779,139067752467927,THOMAS,Chloe,1939-06-24,M,77
IPP0002780,185099541230601,MARTIN,Sophie,1985-09-14,M,95
IPP0002781,197067539931790,SIMON,Luc,1997-06-09,M,75
IPP0002782,135079545365465,VINCENT,Sarah,1935-07-06,M,95
IPP0002783,170099165441274,SIMON,Nicolas,1970-09-11,M,91
IPP0002784,245109322330487,PETIT,Sophie,1945-10-14,F,93
IPP0002785,185039219818825,MARTIN,Lea,1985-03-06,M,92
IPP0002786,135057754522333,THOMAS,Lea,1935-05-06,M,77
IPP0002787,295109209348327,GIRARD,Thomas,1995-10-25,F,92
IPP0002788,182107759070849,VINCENT,Sophie,1982-10-20,M,77
IPP0002789,195129275456384,MARTIN,Marie,1995-12-07,M,92
IPP0002790,185077575670572,PETIT,Jean,1985-07-14,M,75
IPP0002791,130069355334582,DURAND,Manon,1930-06-07,M,93
IPP0002792,254027864704869,LAURENT,Emma,1954-02-01,F,78
IPP0002793,261097595836470,FOURNIER,Emma,1961-09-08,F,75
IPP0002794,208037506246259,GARCIA,Manon,2008-03-22,F,75
IPP0002795,250089195625044,LEROY,Emma,1950-08-25,F,91
IPP0002796,194109422083581,ROUX,Camille,1994-10-13,M,94
IPP0002797,194069290564779,FOURNIER,Nicolas,1994-06-21,M,92
IPP0002798,180089444556674,SIMON,Sophie,1980-08-04,M,94
IPP0002799,139049320692233,LEROY,Ines,1939-04-05,M,93
IPP0002800,142119435892069,PETIT,Thomas,1942-11-18,M,94
IPP0002801,197087541697620,ROUX,Sarah,1997-08-11,M,75
IPP0002802,242119177464520,MICHEL,Louis,1942-11-02,F,91
IPP0002803,130119287767038,MOREAU,Julie,1930-11-18,M,92
IPP0002804,109039598042055,THOMAS,Thomas,2009-03-15,M,95
IPP0002805,175109455571011,SIMON,Chloe,1975-10-14,M,94
IPP0002806,252127573484211,ROBERT,Nicolas,1952-12-22,F,75
IPP0002807,277129154739447,PETIT,Ines,1977-12-27,F,91
IPP0002808,203027845921092,SIMON,Ines,2003-02-05,F,78
IPP0002809,173067768844676,MARTIN,Thomas,1973-06-08,M,77
IPP0002810,247107545627513,ROUX,Luc,1947-10-28,F,75
IPP0002811,284109278344976,MOREL,Ines,1984-10-10,F,92
IPP0002812,292017556780116,GIRARD,Thomas,1992-01-18,F,75
IPP0002813,217117757336180,GIRARD,Louis,2017-11-16,F,77
IPP0002814,281059482262306,VINCENT,Lea,1981-05-03,F,94
IPP0002815,182087786047012,VINCENT,Hugo,1982-08-08,M,77
IPP0002816,181129239030022,MOREL,Manon,1981-12-19,M,92
IPP0002817,163057581262008,PETIT,Antoine,1963-05-11,M,75
IPP0002818,231069285690956,BERNARD,Emma,1931-06-06,F,92
IPP0002819,247089141029734,FOURNIER,Ines,1947-08-02,F,91
IPP0002820,132097754885408,MOREAU,Chloe,1932-09-06,M,77
IPP0002821,158019489668204,BERNARD,Hugo,1958-01-18,M,94
IPP0002822,269119463461038,ROUX,Marc,1969-11-27,F,94
IPP0002823,100069401515309,BERTRAND,Chloe,2000-06-14,M,94
IPP0002824,136017569635466,GARCIA,Nicolas,1936-01-07,M,75
IPP0002825,105109401893424,MICHEL,Nicolas,2005-10-12,M,94
IPP0002826,242099484644977,FOURNIER,Lea,1942-09-09,F,94
IPP0002827,287109593673912,MARTIN,Sophie,1987-10-02,F,95
IPP0002828,250077503211687,DURAND,Camille,1950-07-21,F,75
IPP0002829,218029427894135,SIMON,Lea,2018-02-02,F,94
IPP0002830,246107540349673,MOREAU,Hugo,1946-10-20,F,75
IPP0002831,201077816930944,BERNARD,Nicolas,2001-07-27,F,78
IPP0002832,146027862661292,DAVID,Sarah,1946-02-11,M,78
IPP0002833,170079318996202,PETIT,Sophie,1970-07-25,M,93
IPP0002834,172047745181346,MARTIN,Marc,1972-04-07,M,77
IPP0002835,269087755529629,LAURENT,Chloe,1969-08-13,F,77
IPP0002836,106079309986914,LEROY,Manon,2006-07-11,M,93
IPP0002837,170019299314111,SIMON,Hugo,1970-01-16,M,92
IPP0002838,257027500475955,LEROY,Nicolas,1957-02-06,F,75
IPP0002839,114039295273528,ROUX,Julie,2014-03-03,M,92
IPP0002840,111089343679135,MOREAU,Manon,2011-08-16,M,93
IPP0002841,109067873069230,LAURENT,Manon,2009-06-18,M,78
IPP0002842,251037717569892,MICHEL,Luc,1951-03-19,F,77
IPP0002843,242077850137834,GIRARD,Pierre,1942-07-04,F,78
IPP0002844,238017554287342,BERNARD,Chloe,1938-01-11,F,75
IPP0002845,206029546631544,MOREAU,Sarah,2006-02-09,F,95
IPP0002846,176117879114506,SIMON,Thomas,1976-11-07,M,78
IPP0002847,244087859530815,MOREL,Thomas,1944-08-04,F,78
IPP0002848,163059403834204,LEROY,Sarah,1963-05-28,M,94
IPP0002849,158049443208618,DUBOIS,Paul,1958-04-04,M,94
IPP0002850,112099343895965,BERNARD,Antoine,2012-09-20,M,93
IPP0002851,294099236281401,PETIT,Sarah,1994-09-06,F,92
IPP0002852,255019118932422,DUBOIS,Hugo,1955-01-10,F,91
IPP0002853,145087741933558,DURAND,Hugo,1945-08-23,M,77
IPP0002854,191099252557905,THOMAS,Chloe,1991-09-02,M,92
IPP0002855,217087728689161,GARCIA,Sarah,2017-08-07,F,77
IPP0002856,191089195616711,MOREL,Nicolas,1991-08-24,M,91
IPP0002857,169049114060244,GIRARD,Louis,1969-04-07,M,91
IPP0002858,278119126999558,LAURENT,Marie,1978-11-26,F,91
IPP0002859,118017554661051,FOURNIER,Hugo,2018-01-04,M,75
IPP0002860,259109485395497,LAURENT,Emma,1959-10-01,F,94
IPP0002861,120029168053554,SIMON,Lea,2020-02-18,M,91
IPP0002862,113057775496120,VINCENT,Antoine,2013-05-13,M,77
IPP0002863,209119559738023,BERTRAND,Emma,2009-11-20,F,95
IPP0002864,292067877353320,ROBERT,Antoine,1992-06-21,F,78
IPP0002865,105019307445267,MOREL,Thomas,2005-01-06,M,93
IPP0002866,147059465562438,BERTRAND,Pierre,1947-05-17,M,94
IPP0002867,231067793898955,MOREAU,Hugo,1931-06-25,F,77
IPP0002868,164049577989521,PETIT,Antoine,1964-04-14,M,95
IPP0002869,296029374422350,MARTIN,Paul,1996-02-03,F,93
IPP0002870,285099259225221,GIRARD,Sarah,1985-09-04,F,92
IPP0002871,165067590984193,MARTIN,Ines,1965-06-19,M,75
IPP0002872,143087538032433,ROBERT,Manon,1943-08-15,M,75
IPP0002873,284109484380993,MICHEL,Pierre,1984-10-07,F,94
IPP0002874,294097577374038,BERTRAND,Jean,1994-09-25,F,75
IPP0002875,254039102176546,THOMAS,Sophie,1954-03-22,F,91
IPP0002876,104029498287983,FOURNIER,Luc,2004-02-01,M,94
IPP0002877,269037835812586,LEROY,Camille,1969-03-21,F,78
IPP0002878,103017884754879,THOMAS,Antoine,2003-01-23,M,78
IPP0002879,135057590113964,SIMON,Paul,1935-05-11,M,75
IPP0002880,256077895671409,VINCENT,Sarah,1956-07-03,F,78
IPP0002881,178079508122343,MICHEL,Antoine,1978-07-05,M,95
IPP0002882,202047824881875,GIRARD,Marie,2002-04-07,F,78
IPP0002883,110067899989550,DAVID,Pierre,2010-06-18,M,78
IPP0002884,211059408966765,LAURENT,Nicolas,2011-05-15,F,94
IPP0002885,260109336635654,THOMAS,Sophie,1960-10-16,F,93
IPP0002886,267047567613840,VINCENT,Julie,1967-04-13,F,75
IPP0002887,292037587616349,FOURNIER,Ines,1992-03-15,F,75
IPP0002888,213077535293715,LEROY,Lea,2013-07-14,F,75
IPP0002889,196027726307179,DAVID,Pierre,1996-02-13,M,77
IPP0002890,143109598297223,LAURENT,Paul,1943-10-23,M,95
IPP0002891,298119184927255,BERNARD,Chloe,1998-11-10,F,91
IPP0002892,134047513950389,DURAND,Jean,1934-04-22,M,75
IPP0002893,248089443313852,VINCENT,Sophie,1948-08-14,F,94
IPP0002894,211057746511974,VINCENT,Louis,2011-05-22,F,77
IPP0002895,105069494902304,MOREL,Camille,2005-06-26,M,94
IPP0002896,183087771277524,GIRARD,Jean,1983-08-13,M,77
IPP0002897,152097796262925,VINCENT,Thomas,1952-09-18,M,77
IPP0002898,270069485285214,LAURENT,Manon,1970-06-04,F,94
IPP0002899,247089527391028,DURAND,Jean,1947-08-04,F,95
IPP0002900,200099277639377,MOREAU,Marie,2000-09-04,F,92
IPP0002901,169049252050662,DURAND,Manon,1969-04-19,M,92
IPP0002902,286117898552556,LEROY,Julie,1986-11-24,F,78
IPP0002903,181059546101521,MOREAU,Sophie,1981-05-25,M,95
IPP0002904,131109296597535,MICHEL,Paul,1931-10-01,M,92
IPP0002905,232039340613742,MICHEL,Marc,1932-03-18,F,93
IPP0002906,135059388489115,LEROY,Pierre,1935-05-03,M,93
IPP0002907,113069513800868,MOREAU,Marc,2013-06-15,M,95
IPP0002908,132019570760613,MOREAU,Sophie,1932-01-23,M,95
IPP0002909,150059486156575,DUBOIS,Marie,1950-05-12,M,94
IPP0002910,208059314876916,MOREAU,Manon,2008-05-04,F,93
IPP0002911,233109515576368,GARCIA,Marc,1933-10-24,F,95
IPP0002912,256037808150817,SIMON,Luc,1956-03-06,F,78
IPP0002913,167019417743045,THOMAS,Sophie,1967-01-09,M,94
IPP0002914,134049153944237,THOMAS,Nicolas,1934-04-10,M,91
IPP0002915,136089356040931,BERTRAND,Emma,1936-08-01,M,93
IPP0002916,149017879981268,LEROY,Nicolas,1949-01-02,M,78
IPP0002917,247027820242004,FOURNIER,Louis,1947-02-19,F,78
IPP0002918,131069562032130,MARTIN,Marie,1931-06-15,M,95
IPP0002919,193047897981823,MOREL,Jean,1993-04-05,M,78
IPP0002920,189049509219527,BERNARD,Thomas,1989-04-20,M,95
IPP0002921,150029455483345,GARCIA,Louis,1950-02-04,M,94
IPP0002922,195089150814684,PETIT,Sophie,1995-08-03,M,91
IPP0002923,162067776241872,THOMAS,Sarah,1962-06-28,M,77
IPP0002924,102039248685523,MARTIN,Thomas,2002-03-18,M,92
IPP0002925,269047514984510,LEROY,Lea,1969-04-14,F,75
IPP0002926,246039309666478,GARCIA,Jean,1946-03-12,F,93
IPP0002927,173037777408540,ROBERT,Jean,1973-03-07,M,77
IPP0002928,269129581786307,ROUX,Emma,1969-12-27,F,95
IPP0002929,208019343165713,MICHEL,Hugo,2008-01-07,F,93
IPP0002930,158039108166840,BERTRAND,Ines,1958-03-16,M,91
IPP0002931,201019327797106,MICHEL,Chloe,2001-01-22,F,93
IPP0002932,244079310910917,MOREL,Sophie,1944-07-02,F,93
IPP0002933,298109217582585,DAVID,Manon,1998-10-27,F,92
IPP0002934,219059126249175,FOURNIER,Camille,2019-05-24,F,91
IPP0002935,246049106193059,MARTIN,Antoine,1946-04-15,F,91
IPP0002936,269087552476856,LEROY,Thomas,1969-08-09,F,75
IPP0002937,102027550329927,GIRARD,Louis,2002-02-19,M,75
IPP0002938,140077505241420,MOREL,Antoine,1940-07-10,M,75
IPP0002939,180109385420360,LAURENT,Julie,1980-10-24,M,93
IPP0002940,299059127746004,BERNARD,Antoine,1999-05-17,F,91
IPP0002941,145049132728105,DAVID,Emma,1945-04-19,M,91
IPP0002942,131039320576217,ROUX,Luc,1931-03-03,M,93
IPP0002943,175069478022485,MARTIN,Marie,1975-06-01,M,94
IPP0002944,132099125581322,SIMON,Nicolas,1932-09-17,M,91
IPP0002945,260107500452972,VINCENT,Louis,1960-10-04,F,75
IPP0002946,145059181800322,MARTIN,Louis,1945-05-04,M,91
IPP0002947,179109384124173,ROBERT,Sarah,1979-10-25,M,93
IPP0002948,188129575873455,GIRARD,Marie,1988-12-27,M,95
IPP0002949,231097830855708,DUBOIS,Manon,1931-09-26,F,78
IPP0002950,291059404205213,MARTIN,Ines,1991-05-13,F,94
IPP0002951,217049112291256,THOMAS,Julie,2017-04-08,F,91
IPP0002952,240029232609566,GIRARD,Manon,1940-02-17,F,92
IPP0002953,218059377858813,SIMON,Luc,2018-05-11,F,93
IPP0002954,154117507137234,DURAND,Hugo,1954-11-09,M,75
IPP0002955,165077545833085,GARCIA,Louis,1965-07-14,M,75
IPP0002956,266107788441516,DAVID,Thomas,1966-10-23,F,77
IPP0002957,136029327490367,MARTIN,Luc,1936-02-02,M,93
IPP0002958,118099366922871,VINCENT,Thomas,2018-09-05,M,93
IPP0002959,230039303554496,MICHEL,Antoine,1930-03-13,F,93
IPP0002960,193057892714046,BERTRAND,Julie,1993-05-23,M,78
IPP0002961,211047716497485,LEROY,Chloe,2011-04-14,F,77
IPP0002962,232019216463509,THOMAS,Manon,1932-01-10,F,92
IPP0002963,100129256311949,DAVID,Pierre,2000-12-11,M,92
IPP0002964,110067529468257,GARCIA,Sophie,2010-06-12,M,75
IPP0002965,137089322505705,MOREAU,Camille,1937-08-20,M,93
IPP0002966,233019357624984,VINCENT,Luc,1933-01-03,F,93
IPP0002967,241019320692627,ROBERT,Louis,1941-01-03,F,93
IPP0002968,238069303167136,MOREAU,Manon,1938-06-03,F,93
IPP0002969,231089144677041,LAURENT,Julie,1931-08-24,F,91
IPP0002970,269077599489770,SIMON,Emma,1969-07-24,F,75
IPP0002971,186077739384648,MARTIN,Sophie,1986-07-08,M,77
IPP0002972,172047851273711,DURAND,Lea,1972-04-01,M,78
IPP0002973,249057857298526,DAVID,Pierre,1949-05-08,F,78
IPP0002974,282099396332692,THOMAS,Luc,1982-09-06,F,93
IPP0002975,215039500452280,GARCIA,Camille,2015-03-13,F,95
IPP0002976,274129197615774,ROBERT,Marc,1974-12-26,F,91
IPP0002977,109089552387702,MOREAU,Ines,2009-08-14,M,95
IPP0002978,290089267916451,MOREL,Marie,1990-08-27,F,92
IPP0002979,176019199995610,THOMAS,Antoine,1976-01-02,M,91
IPP0002980,294107799715078,ROBERT,Julie,1994-10-16,F,77
IPP0002981,264047531574432,DAVID,Nicolas,1964-04-10,F,75
IPP0002982,144037881065377,DAVID,Marc,1944-03-03,M,78
IPP0002983,250069301899497,GARCIA,Marc,1950-06-09,F,93
IPP0002984,212029210468737,GIRARD,Sarah,2012-02-25,F,92
IPP0002985,199099347525651,MARTIN,Camille,1999-09-03,M,93
IPP0002986,169047751389693,VINCENT,Emma,1969-04-11,M,77
IPP0002987,197099155002428,GARCIA,Nicolas,1997-09-09,M,91
IPP0002988,232069283710424,BERNARD,Emma,1932-06-28,F,92
IPP0002989,150069467376896,MOREAU,Pierre,1950-06-10,M,94
IPP0002990,161019105331980,GIRARD,Antoine,1961-01-04,M,91
IPP0002991,230049310373119,VINCENT,Nicolas,1930-04-16,F,93
IPP0002992,137047571620797,THOMAS,Ines,1937-04-06,M,75
IPP0002993,200107508309212,MOREAU,Marie,2000-10-20,F,75
IPP0002994,156059224711086,ROUX,Sophie,1956-05-16,M,92
IPP0002995,213097580076865,THOMAS,Nicolas,2013-09-14,F,75
IPP0002996,175117574052030,MOREAU,Sophie,1975-11-23,M,75
IPP0002997,211087888937421,MARTIN,Sophie,2011-08-27,F,78
IPP0002998,156089434654372,PETIT,Sophie,1956-08-11,M,94
IPP0002999,190039553676342,MARTIN,Sarah,1990-03-18,M,95
IPP0003000,189107573323319,BERTRAND,Sophie,1989-10-25,M,75
IPP0003001,243079279863147,ROUX,Luc,1943-07-01,F,92
IPP0003002,155119125849330,ROUX,Sophie,1955-11-20,M,91
IPP0003003,192069404245911,DAVID,Manon,1992-06-27,M,94
IPP0003004,130037756101670,FOURNIER,Chloe,1930-03-26,M,77
IPP0003005,289097517466790,MOREAU,Lea,1989-09-02,F,75
IPP0003006,147049316799460,THOMAS,Nicolas,1947-04-13,M,93
IPP0003007,179109156536142,BERTRAND,Marc,1979-10-22,M,91
IPP0003008,215089182145476,MICHEL,Pierre,2015-08-01,F,91
IPP0003009,209129459287116,MICHEL,Luc,2009-12-04,F,94
IPP0003010,171019285941720,SIMON,Luc,1971-01-24,M,92
IPP0003011,239017522320348,MICHEL,Marie,1939-01-16,F,75
IPP0003012,250059472076776,THOMAS,Ines,1950-05-28,F,94
IPP0003013,103037751606872,LEROY,Jean,2003-03-10,M,77
IPP0003014,168029161682907,DUBOIS,Jean,1968-02-24,M,91
IPP0003015,259019237893418,DUBOIS,Nicolas,1959-01-05,F,92
IPP0003016,276129171629869,GARCIA,Julie,1976-12-18,F,91
IPP0003017,115107823931863,FOURNIER,Pierre,2015-10-28,M,78
IPP0003018,130069290278068,MOREAU,Sarah,1930-06-01,M,92
IPP0003019,263039187798391,THOMAS,Hugo,1963-03-16,F,91
IPP0003020,261097876378484,THOMAS,Luc,1961-09-11,F,78
IPP0003021,187089213824009,MOREL,Chloe,1987-08-11,M,92
IPP0003022,294027826615919,GARCIA,Marie,1994-02-11,F,78
IPP0003023,250049102015822,SIMON,Lea,1950-04-24,F,91
IPP0003024,277059548014549,BERNARD,Chloe,1977-05-14,F,95
IPP0003025,186029520906362,VINCENT,Thomas,1986-02-01,M,95
IPP0003026,176077777366883,ROUX,Manon,1976-07-26,M,77
IPP0003027,191117522210173,ROUX,Hugo,1991-11-24,M,75
IPP0003028,259099391045363,SIMON,Pierre,1959-09-01,F,93
IPP0003029,294069568818632,GARCIA,Marie,1994-06-23,F,95
IPP0003030,102037779077026,GARCIA,Antoine,2002-03-11,M,77
IPP0003031,248087704746032,DAVID,Camille,1948-08-06,F,77
IPP0003032,247019170021237,ROBERT,Sarah,1947-01-15,F,91
IPP0003033,120049474556265,GARCIA,Sarah,2020-04-11,M,94
IPP0003034,218039322491575,VINCENT,Camille,2018-03-12,F,93
IPP0003035,207017581727025,VINCENT,Antoine,2007-01-14,F,75
IPP0003036,205119305971177,LAURENT,Chloe,2005-11-08,F,93
IPP0003037,163017570453865,GIRARD,Luc,1963-01-12,M,75
IPP0003038,255109298092756,LAURENT,Ines,1955-10-14,F,92
IPP0003039,284057532219784,LAURENT,Camille,1984-05-25,F,75
IPP0003040,237129551272893,LAURENT,Chloe,1937-12-16,F,95
IPP0003041,250079260172291,MARTIN,Julie,1950-07-28,F,92
IPP0003042,248039488141331,ROBERT,Thomas,1948-03-16,F,94
IPP0003043,153019318096734,ROBERT,Sarah,1953-01-23,M,93
IPP0003044,143029585138052,ROUX,Camille,1943-02-27,M,95
IPP0003045,192029305979994,SIMON,Emma,1992-02-14,M,93
IPP0003046,244059159156759,LEROY,Marie,1944-05-09,F,91
IPP0003047,252029197959378,MARTIN,Paul,1952-02-27,F,91
IPP0003048,153019198558387,FOURNIER,Jean,1953-01-06,M,91
IPP0003049,164039127650870,DUBOIS,Marie,1964-03-22,M,91
IPP0003050,299019246247670,MARTIN,Paul,1999-01-28,F,92
IPP0003051,181047591035128,MARTIN,Marie,1981-04-15,M,75
IPP0003052,204049342485674,BERTRAND,Emma,2004-04-07,F,93
IPP0003053,265079487411660,BERTRAND,Emma,1965-07-19,F,94
IPP0003054,286077555322841,MOREL,Marie,1986-07-08,F,75
IPP0003055,271059390335906,GIRARD,Ines,1971-05-02,F,93
IPP0003056,243129475662083,LEROY,Luc,1943-12-20,F,94
IPP0003057,219039518555448,DUBOIS,Emma,2019-03-25,F,95
IPP0003058,179047530699941,MOREL,Camille,1979-04-12,M,75
IPP0003059,146079146440538,LAURENT,Emma,1946-07-23,M,91
IPP0003060,251097736521119,MOREL,Sarah,1951-09-21,F,77
IPP0003061,209127802446447,MARTIN,Antoine,2009-12-21,F,78
IPP0003062,268019537377202,DAVID,Jean,1968-01-14,F,95
IPP0003063,135099257998346,PETIT,Ines,1935-09-01,M,92
IPP0003064,151039292638128,SIMON,Julie,1951-03-25,M,92
IPP0003065,165057559923193,PETIT,Emma,1965-05-18,M,75
IPP0003066,254049300798118,PETIT,Julie,1954-04-07,F,93
IPP0003067,238017892866832,LAURENT,Chloe,1938-01-05,F,78
IPP0003068,144109434629171,LAURENT,Marie,1944-10-24,M,94
IPP0003069,181107771280329,DURAND,Ines,1981-10-17,M,77
IPP0003070,161047787125388,GARCIA,Emma,1961-04-06,M,77
IPP0003071,246017535657893,FOURNIER,Julie,1946-01-26,F,75
IPP0003072,146057709316616,MOREL,Marie,1946-05-25,M,77
IPP0003073,272107893089665,GIRARD,Ines,1972-10-13,F,78
IPP0003074,137029499150921,GARCIA,Paul,1937-02-05,M,94
IPP0003075,191087828516428,DUBOIS,Jean,1991-08-10,M,78
IPP0003076,253107765709622,MOREL,Paul,1953-10-25,F,77
IPP0003077,273109260113683,PETIT,Nicolas,1973-10-26,F,92
IPP0003078,239129249438289,LEROY,Nicolas,1939-12-08,F,92
IPP0003079,184057815568417,VINCENT,Nicolas,1984-05-16,M,78
IPP0003080,279027591263687,DAVID,Sophie,1979-02-05,F,75
IPP0003081,259019367676052,FOURNIER,Marc,1959-01-01,F,93
IPP0003082,247059417172353,THOMAS,Pierre,1947-05-02,F,94
IPP0003083,218047836401113,LAURENT,Sophie,2018-04-28,F,78
IPP0003084,256129310359675,THOMAS,Lea,1956-12-25,F,93
IPP0003085,115019549794022,MOREL,Thomas,2015-01-17,M,95
IPP0003086,163089338471001,MOREAU,Luc,1963-08-20,M,93
IPP0003087,141099472683988,MOREAU,Hugo,1941-09-18,M,94
IPP0003088,105037531079153,FOURNIER,Sarah,2005-03-24,M,75
IPP0003089,235079185058915,DURAND,Paul,1935-07-16,F,91
IPP0003090,151109136309874,MICHEL,Ines,1951-10-19,M,91
IPP0003091,151067798444436,MOREAU,Marie,1951-06-15,M,77
IPP0003092,211097875354071,VINCENT,Paul,2011-09-26,F,78
IPP0003093,171129513941586,PETIT,Jean,1971-12-14,M,95
IPP0003094,280089337231369,DURAND,Hugo,1980-08-05,F,93
IPP0003095,240109356916384,PETIT,Emma,1940-10-13,F,93
IPP0003096,231029336274709,GARCIA,Emma,1931-02-18,F,93
IPP0003097,287039119460493,MOREAU,Emma,1987-03-18,F,91
IPP0003098,141039325294568,MOREAU,Pierre,1941-03-26,M,93
IPP0003099,202107580701497,GIRARD,Camille,2002-10-06,F,75
IPP0003100,251127513842029,GARCIA,Jean,1951-12-15,F,75
IPP0003101,273017844119910,PETIT,Pierre,1973-01-19,F,78
IPP0003102,266117573523877,GIRARD,Pierre,1966-11-02,F,75
IPP0003103,140109438078217,DURAND,Manon,1940-10-08,M,94
IPP0003104,147039509608918,MOREL,Julie,1947-03-10,M,95
IPP0003105,230129198902235,VINCENT,Luc,1930-12-02,F,91
IPP0003106,292117841028880,GARCIA,Sophie,1992-11-02,F,78
IPP0003107,237089340128969,DURAND,Antoine,1937-08-14,F,93
IPP0003108,231017823447548,PETIT,Paul,1931-01-19,F,78
IPP0003109,284029167515121,LEROY,Sophie,1984-02-15,F,91
IPP0003110,155077565996026,GIRARD,Marc,1955-07-04,M,75
IPP0003111,241079396220586,THOMAS,Nicolas,1941-07-10,F,93
IPP0003112,265059447118323,BERTRAND,Sarah,1965-05-04,F,94
IPP0003113,296069191694113,BERNARD,Camille,1996-06-16,F,91
IPP0003114,162109363999997,BERNARD,Marc,1962-10-10,M,93
IPP0003115,238087810352412,FOURNIER,Thomas,1938-08-11,F,78
IPP0003116,141089417730702,PETIT,Marie,1941-08-20,M,94
IPP0003117,166099531627461,MOREAU,Pierre,1966-09-08,M,95
IPP0003118,251047843980013,LAURENT,Paul,1951-04-09,F,78
IPP0003119,203057517036803,SIMON,Manon,2003-05-15,F,75
IPP0003120,258079342957334,MOREL,Marie,1958-07-27,F,93
IPP0003121,218089452944581,MOREAU,Pierre,2018-08-06,F,94
IPP0003122,130109451389689,LAURENT,Hugo,1930-10-11,M,94
IPP0003123,264039174428673,LEROY,Hugo,1964-03-03,F,91
IPP0003124,134109448954789,DUBOIS,Marc,1934-10-25,M,94
IPP0003125,236059175509775,SIMON,Julie,1936-05-16,F,91
IPP0003126,294097721846927,BERNARD,Nicolas,1994-09-09,F,77
IPP0003127,240099586466868,MICHEL,Camille,1940-09-25,F,95
IPP0003128,283089177424017,GARCIA,Manon,1983-08-05,F,91
IPP0003129,177119253238231,VINCENT,Ines,1977-11-10,M,92
IPP0003130,137039594771359,PETIT,Louis,1937-03-15,M,95
IPP0003131,131097804271523,BERTRAND,Manon,1931-09-10,M,78
IPP0003132,232057842277144,DAVID,Marie,1932-05-08,F,78
IPP0003133,234049445527472,DAVID,Louis,1934-04-23,F,94
IPP0003134,157019566145132,DURAND,Jean,1957-01-13,M,95
IPP0003135,290129256295620,ROBERT,Emma,1990-12-26,F,92
IPP0003136,183079593458932,MOREAU,Pierre,1983-07-28,M,95
IPP0003137,195089133722492,VINCENT,Hugo,1995-08-17,M,91
IPP0003138,179089458742578,DURAND,Lea,1979-08-25,M,94
IPP0003139,119099541002584,LAURENT,Hugo,2019-09-23,M,95
IPP0003140,115119314384983,THOMAS,Thomas,2015-11-10,M,93
IPP0003141,163119178471727,DUBOIS,Manon,1963-11-28,M,91
IPP0003142,217127541740137,DURAND,Emma,2017-12-15,F,75
IPP0003143,138079359295461,MARTIN,Sarah,1938-07-25,M,93
IPP0003144,104109269058111,FOURNIER,Emma,2004-10-06,M,92
IPP0003145,245099172033129,DURAND,Julie,1945-09-05,F,91
IPP0003146,241087554743405,SIMON,Ines,1941-08-24,F,75
IPP0003147,251077716203149,DURAND,Louis,1951-07-19,F,77
IPP0003148,141119498133555,SIMON,Ines,1941-11-25,M,94
IPP0003149,144059146102886,GARCIA,Ines,1944-05-12,M,91
IPP0003150,138109519500315,MICHEL,Marc,1938-10-11,M,95
IPP0003151,164047767580630,LEROY,Marie,1964-04-18,M,77
IPP0003152,118119247874310,FOURNIER,Sophie,2018-11-27,M,92
IPP0003153,290097539665091,GARCIA,Marc,1990-09-28,F,75
IPP0003154,116027510638906,MOREAU,Louis,2016-02-11,M,75
IPP0003155,113097800220593,BERTRAND,Marie,2013-09-03,M,78
IPP0003156,190019342364679,SIMON,Marie,1990-01-20,M,93
IPP0003157,236047553165656,DUBOIS,Thomas,1936-04-01,F,75
IPP0003158,181039361696965,DAVID,Manon,1981-03-17,M,93
IPP0003159,113057786354081,LAURENT,Jean,2013-05-27,M,77
IPP0003160,188037897557929,PETIT,Thomas,1988-03-17,M,78
IPP0003161,241027543496057,MOREL,Sophie,1941-02-14,F,75
IPP0003162,244039541640296,ROBERT,Jean,1944-03-26,F,95
IPP0003163,197037524664041,THOMAS,Thomas,1997-03-27,M,75
IPP0003164,111039468992363,MOREAU,Marc,2011-03-14,M,94
IPP0003165,257069164666716,PETIT,Marc,1957-06-26,F,91
IPP0003166,296119592200760,DUBOIS,Emma,1996-11-27,F,95
IPP0003167,167119330616720,MICHEL,Paul,1967-11-22,M,93
IPP0003168,206019296294918,ROBERT,Julie,2006-01-19,F,92
IPP0003169,276049356593297,MOREAU,Louis,1976-04-01,F,93
IPP0003170,281129462538657,BERTRAND,Jean,1981-12-02,F,94
IPP0003171,167047813786529,SIMON,Marie,1967-04-13,M,78
IPP0003172,275049126251408,DUBOIS,Manon,1975-04-23,F,91
IPP0003173,277057599524970,GARCIA,Marc,1977-05-22,F,75
IPP0003174,145069551125561,VINCENT,Chloe,1945-06-28,M,95
IPP0003175,281079498413135,LEROY,Camille,1981-07-05,F,94
IPP0003176,178079561979515,GIRARD,Antoine,1978-07-26,M,95
IPP0003177,266109338259610,SIMON,Louis,1966-10-03,F,93
IPP0003178,215037597526373,PETIT,Ines,2015-03-05,F,75
IPP0003179,253039301239403,DAVID,Nicolas,1953-03-14,F,93
IPP0003180,188109118219406,MICHEL,Nicolas,1988-10-19,M,91
IPP0003181,105129422132903,FOURNIER,Sarah,2005-12-20,M,94
IPP0003182,201099546262616,PETIT,Chloe,2001-09-15,F,95
IPP0003183,231059426153868,PETIT,Marie,1931-05-04,F,94
IPP0003184,207047820561859,VINCENT,Paul,2007-04-04,F,78
IPP0003185,149037503100569,DUBOIS,Lea,1949-03-13,M,75
IPP0003186,236119595340919,ROBERT,Ines,1936-11-22,F,95
IPP0003187,169129487403575,SIMON,Louis,1969-12-21,M,94
IPP0003188,157057521052923,MOREL,Sarah,1957-05-04,M,75
IPP0003189,249119513603417,MOREL,Ines,1949-11-27,F,95
IPP0003190,212069130516453,ROBERT,Lea,2012-06-27,F,91
IPP0003191,172109305753274,PETIT,Julie,1972-10-23,M,93
IPP0003192,259019543743920,GIRARD,Sophie,1959-01-19,F,95
IPP0003193,201109393896121,MOREL,Manon,2001-10-13,F,93
IPP0003194,113069390100530,DUBOIS,Sarah,2013-06-13,M,93
IPP0003195,261119563141905,DAVID,Sophie,1961-11-01,F,95
IPP0003196,203069377678347,SIMON,Jean,2003-06-16,F,93
IPP0003197,261057712472867,PETIT,Hugo,1961-05-16,F,77
IPP0003198,139119567763423,LAURENT,Nicolas,1939-11-07,M,95
IPP0003199,131019550820234,PETIT,Pierre,1931-01-16,M,95
IPP0003200,274019108977687,MOREL,Emma,1974-01-08,F,91
IPP0003201,148129260520438,VINCENT,Sarah,1948-12-11,M,92
IPP0003202,156089430675095,PETIT,Lea,1956-08-02,M,94
IPP0003203,265087579927858,ROUX,Camille,1965-08-10,F,75
IPP0003204,186129188713297,LEROY,Hugo,1986-12-18,M,91
IPP0003205,130129542433032,DUBOIS,Ines,1930-12-27,M,95
IPP0003206,190117809249555,LEROY,Emma,1990-11-02,M,78
IPP0003207,240059119899574,MOREAU,Marie,1940-05-12,F,91
IPP0003208,101067535335525,FOURNIER,Pierre,2001-06-17,M,75
IPP0003209,171087773682041,GIRARD,Nicolas,1971-08-09,M,77
IPP0003210,261109294440803,BERNARD,Sarah,1961-10-22,F,92
IPP0003211,230017560225231,MARTIN,Lea,1930-01-10,F,75
IPP0003212,269027701978009,LEROY,Ines,1969-02-18,F,77
IPP0003213,152027569821556,MOREL,Nicolas,1952-02-26,M,75
IPP0003214,250127524552759,MICHEL,Manon,1950-12-24,F,75
IPP0003215,217057567645654,FOURNIER,Manon,2017-05-21,F,75
IPP0003216,149079362371592,LAURENT,Pierre,1949-07-11,M,93
IPP0003217,266129488820963,LEROY,Hugo,1966-12-14,F,94
IPP0003218,246049462048051,SIMON,Marc,1946-04-02,F,94
IPP0003219,194099150004406,VINCENT,Ines,1994-09-02,M,91
IPP0003220,235107569673324,THOMAS,Ines,1935-10-06,F,75
IPP0003221,199127788722833,DUBOIS,Pierre,1999-12-27,M,77
IPP0003222,117039138810397,THOMAS,Hugo,2017-03-26,M,91
IPP0003223,200067535216748,GARCIA,Julie,2000-06-18,F,75
IPP0003224,114029103430375,BERTRAND,Emma,2014-02-04,M,91
IPP0003225,132069569500881,ROUX,Sarah,1932-06-08,M,95
IPP0003226,276127749274428,BERNARD,Manon,1976-12-09,F,77
IPP0003227,111049576906661,SIMON,Nicolas,2011-04-03,M,95
IPP0003228,109109459127974,DAVID,Sarah,2009-10-11,M,94
IPP0003229,282039118525584,LAURENT,Louis,1982-03-28,F,91
IPP0003230,230067514276809,GARCIA,Pierre,1930-06-08,F,75
IPP0003231,232039583356935,BERTRAND,Jean,1932-03-12,F,95
IPP0003232,179097533995152,BERNARD,Nicolas,1979-09-13,M,75
IPP0003233,135079444585039,MARTIN,Chloe,1935-07-13,M,94
IPP0003234,146129266364985,DAVID,Marc,1946-12-17,M,92
IPP0003235,109099201288102,DURAND,Louis,2009-09-19,M,92
IPP0003236,105027582575942,LEROY,Jean,2005-02-06,M,75
IPP0003237,176037734816283,DURAND,Thomas,1976-03-01,M,77
IPP0003238,202087823787920,THOMAS,Louis,2002-08-23,F,78
IPP0003239,180019104513756,BERTRAND,Chloe,1980-01-02,M,91
IPP0003240,267117783128059,MOREL,Luc,1967-11-11,F,77
IPP0003241,170057771129358,LAURENT,Julie,1970-05-24,M,77
IPP0003242,145099273656220,GIRARD,Nicolas,1945-09-01,M,92
IPP0003243,210069429190837,SIMON,Hugo,2010-06-17,F,94
IPP0003244,281039361281496,MICHEL,Luc,1981-03-28,F,93
IPP0003245,193107532371796,DAVID,Nicolas,1993-10-16,M,75
IPP0003246,160079186114323,SIMON,Manon,1960-07-04,M,91
IPP0003247,233087746088577,ROBERT,Camille,1933-08-01,F,77
IPP0003248,232037881906560,MICHEL,Antoine,1932-03-07,F,78
IPP0003249,233029469800552,DUBOIS,Thomas,1933-02-12,F,94
IPP0003250,116129243450929,THOMAS,Hugo,2016-12-21,M,92
IPP0003251,236069558606442,MICHEL,Luc,1936-06-17,F,95
IPP0003252,162059425260563,LAURENT,Lea,1962-05-03,M,94
IPP0003253,202059199227183,MICHEL,Paul,2002-05-02,F,91
IPP0003254,117069559805689,LAURENT,Thomas,2017-06-23,M,95
IPP0003255,103129144698848,SIMON,Nicolas,2003-12-03,M,91
IPP0003256,184069256824127,DURAND,Hugo,1984-06-13,M,92
IPP0003257,263119540656116,MARTIN,Chloe,1963-11-22,F,95
IPP0003258,236039586848636,DUBOIS,Manon,1936-03-08,F,95
IPP0003259,261019257819195,PETIT,Jean,1961-01-26,F,92
IPP0003260,285089419587187,ROBERT,Ines,1985-08-08,F,94
IPP0003261,257119458088234,GARCIA,Lea,1957-11-05,F,94
IPP0003262,235039333024629,PETIT,Nicolas,1935-03-28,F,93
IPP0003263,278109326517060,BERTRAND,Sarah,1978-10-28,F,93
IPP0003264,109129473954853,LAURENT,Luc,2009-12-06,M,94
IPP0003265,147049302359031,THOMAS,Marc,1947-04-22,M,93
IPP0003266,138079423478084,PETIT,Antoine,1938-07-20,M,94
IPP0003267,267037750767640,DUBOIS,Ines,1967-03-07,F,77
IPP0003268,107019534084083,LAURENT,Pierre,2007-01-26,M,95
IPP0003269,264129391939938,BERNARD,Thomas,1964-12-11,F,93
IPP0003270,285109220756522,LEROY,Sophie,1985-10-23,F,92
IPP0003271,130129180829207,LEROY,Paul,1930-12-27,M,91
IPP0003272,153079393613213,ROUX,Thomas,1953-07-21,M,93
IPP0003273,289049242590825,VINCENT,Marie,1989-04-07,F,92
IPP0003274,281059502994867,BERTRAND,Jean,1981-05-24,F,95
IPP0003275,101069438881737,BERNARD,Hugo,2001-06-02,M,94
IPP0003276,251107713964675,SIMON,Pierre,1951-10-17,F,77
IPP0003277,111087774605551,ROBERT,Sarah,2011-08-26,M,77
IPP0003278,232119148580103,MICHEL,Antoine,1932-11-21,F,91
IPP0003279,184089338158362,MARTIN,Camille,1984-08-14,M,93
IPP0003280,131019119682552,VINCENT,Chloe,1931-01-08,M,91
IPP0003281,263079229058891,BERTRAND,Marc,1963-07-24,F,92
IPP0003282,206089410753646,DURAND,Louis,2006-08-21,F,94
IPP0003283,203097786361327,DUBOIS,Marc,2003-09-23,F,77
IPP0003284,234107883432246,MARTIN,Lea,1934-10-24,F,78
IPP0003285,148079130422273,ROBERT,Luc,1948-07-25,M,91
IPP0003286,105059213410464,PETIT,Manon,2005-05-13,M,92
IPP0003287,114027757695630,LAURENT,Julie,2014-02-11,M,77
IPP0003288,232019218770228,BERTRAND,Camille,1932-01-23,F,92
IPP0003289,147047796251018,SIMON,Emma,1947-04-27,M,77
IPP0003290,173079576551738,ROUX,Pierre,1973-07-23,M,95
IPP0003291,146049506033841,FOURNIER,Lea,1946-04-15,M,95
IPP0003292,179099171507976,DURAND,Marc,1979-09-02,M,91
IPP0003293,281057740102615,LAURENT,Antoine,1981-05-15,F,77
IPP0003294,217087758179438,GARCIA,Paul,2017-08-20,F,77
IPP0003295,130109515820752,GARCIA,Sophie,1930-10-28,M,95
IPP0003296,199019342808648,GARCIA,Nicolas,1999-01-19,M,93
IPP0003297,130027836592353,LAURENT,Thomas,1930-02-14,M,78
IPP0003298,265069133133693,MICHEL,Sarah,1965-06-16,F,91
IPP0003299,242039544228219,MARTIN,Jean,1942-03-09,F,95
IPP0003300,179097853480686,DAVID,Antoine,1979-09-15,M,78
IPP0003301,167117807442546,GARCIA,Chloe,1967-11-02,M,78
IPP0003302,271029391426315,SIMON,Marc,1971-02-05,F,93
IPP0003303,195109595630487,MARTIN,Luc,1995-10-20,M,95
IPP0003304,155099101852585,LEROY,Hugo,1955-09-14,M,91
IPP0003305,235129502198220,LEROY,Camille,1935-12-03,F,95
IPP0003306,135107715893946,DURAND,Antoine,1935-10-10,M,77
IPP0003307,237037874905087,FOURNIER,Ines,1937-03-02,F,78
IPP0003308,133107776507168,DURAND,Marc,1933-10-25,M,77
IPP0003309,104079284462255,ROUX,Ines,2004-07-21,M,92
IPP0003310,203087734515702,FOURNIER,Marc,2003-08-05,F,77
IPP0003311,156067754001458,SIMON,Hugo,1956-06-13,M,77
IPP0003312,189049177070840,ROUX,Lea,1989-04-12,M,91
IPP0003313,103069458725857,MARTIN,Hugo,2003-06-16,M,94
IPP0003314,147117517373558,GIRARD,Marc,1947-11-14,M,75
IPP0003315,248117582123927,DUBOIS,Chloe,1948-11-28,F,75
IPP0003316,172097548019624,SIMON,Luc,1972-09-09,M,75
IPP0003317,159029568147109,ROUX,Lea,1959-02-19,M,95
IPP0003318,288067897997296,THOMAS,Lea,1988-06-20,F,78
IPP0003319,195077793170402,VINCENT,Emma,1995-07-24,M,77
IPP0003320,130099386062153,LAURENT,Antoine,1930-09-17,M,93
IPP0003321,219097710958566,DAVID,Emma,2019-09-26,F,77
IPP0003322,112049103275507,MICHEL,Manon,2012-04-06,M,91
IPP0003323,209059543185963,ROUX,Lea,2009-05-06,F,95
IPP0003324,142087539441358,PETIT,Louis,1942-08-07,M,75
IPP0003325,114119238109578,VINCENT,Pierre,2014-11-22,M,92
IPP0003326,299097779815163,GARCIA,Chloe,1999-09-05,F,77
IPP0003327,202057595643177,ROBERT,Julie,2002-05-14,F,75
IPP0003328,188129467048660,THOMAS,Thomas,1988-12-05,M,94
IPP0003329,149039569684876,MOREL,Marie,1949-03-08,M,95
IPP0003330,120077789481916,FOURNIER,Thomas,2020-07-11,M,77
IPP0003331,115099545859516,LAURENT,Marc,2015-09-09,M,95
IPP0003332,110089532232239,DURAND,Louis,2010-08-14,M,95
IPP0003333,199097586446408,DURAND,Thomas,1999-09-20,M,75
IPP0003334,175107850661766,BERNARD,Manon,1975-10-03,M,78
IPP0003335,277099117241573,FOURNIER,Paul,1977-09-20,F,91
IPP0003336,200099121153831,MARTIN,Luc,2000-09-15,F,91
IPP0003337,117089215524415,MOREL,Nicolas,2017-08-13,M,92
IPP0003338,153027564887175,LAURENT,Pierre,1953-02-21,M,75
IPP0003339,149109186867265,THOMAS,Antoine,1949-10-21,M,91
IPP0003340,133119500893804,GARCIA,Nicolas,1933-11-27,M,95
IPP0003341,145019322549335,ROBERT,Louis,1945-01-15,M,93
IPP0003342,179099423028283,VINCENT,Camille,1979-09-20,M,94
IPP0003343,207089473132416,BERNARD,Camille,2007-08-02,F,94
IPP0003344,271089188353250,LEROY,Paul,1971-08-17,F,91
IPP0003345,275127582049942,BERTRAND,Julie,1975-12-15,F,75
IPP0003346,151119233133807,LAURENT,Marie,1951-11-07,M,92
IPP0003347,286117813166030,DUBOIS,Antoine,1986-11-02,F,78
IPP0003348,209109452928139,MOREAU,Marc,2009-10-22,F,94
IPP0003349,169069410899676,DUBOIS,Lea,1969-06-17,M,94
IPP0003350,169089277115726,LEROY,Hugo,1969-08-02,M,92
IPP0003351,155079511733377,GARCIA,Manon,1955-07-18,M,95
IPP0003352,134109590089492,BERTRAND,Ines,1934-10-21,M,95
IPP0003353,298019323865537,SIMON,Marc,1998-01-28,F,93
IPP0003354,284097742248507,MOREL,Lea,1984-09-10,F,77
IPP0003355,159079197730618,MARTIN,Pierre,1959-07-24,M,91
IPP0003356,257037849222447,ROUX,Antoine,1957-03-20,F,78
IPP0003357,145069537546452,PETIT,Ines,1945-06-19,M,95
IPP0003358,114089252240351,FOURNIER,Paul,2014-08-08,M,92
IPP0003359,147109234057370,MICHEL,Lea,1947-10-27,M,92
IPP0003360,159047709338517,MICHEL,Pierre,1959-04-06,M,77
IPP0003361,210129459844420,GARCIA,Jean,2010-12-09,F,94
IPP0003362,256059186748305,MOREAU,Nicolas,1956-05-10,F,91
IPP0003363,145067855829144,DUBOIS,Sarah,1945-06-24,M,78
IPP0003364,208029245300449,LAURENT,Jean,2008-02-14,F,92
IPP0003365,151029241557912,FOURNIER,Pierre,1951-02-17,M,92
IPP0003366,242047785828170,ROUX,Nicolas,1942-04-26,F,77
IPP0003367,120109471149980,BERTRAND,Lea,2020-10-09,M,94
IPP0003368,146109354941591,SIMON,Julie,1946-10-26,M,93
IPP0003369,133037899395661,MARTIN,Louis,1933-03-14,M,78
IPP0003370,220039442638744,BERTRAND,Thomas,2020-03-04,F,94
IPP0003371,106129142444636,DUBOIS,Jean,2006-12-13,M,91
IPP0003372,170129428517992,BERNARD,Luc,1970-12-13,M,94
IPP0003373,147119427662953,MOREL,Manon,1947-11-23,M,94
IPP0003374,139049599643447,FOURNIER,Julie,1939-04-24,M,95
IPP0003375,292067509748658,BERTRAND,Ines,1992-06-20,F,75
IPP0003376,171037728383454,GARCIA,Sophie,1971-03-21,M,77
IPP0003377,267019321725267,MICHEL,Pierre,1967-01-20,F,93
IPP0003378,268079190331589,ROBERT,Nicolas,1968-07-12,F,91
IPP0003379,144099450277037,ROBERT,Nicolas,1944-09-13,M,94
IPP0003380,138107875392776,GARCIA,Ines,1938-10-19,M,78
IPP0003381,275109365518832,ROUX,Thomas,1975-10-25,F,93
IPP0003382,263027502722293,FOURNIER,Hugo,1963-02-10,F,75
IPP0003383,152127835206691,DURAND,Marc,1952-12-26,M,78
IPP0003384,217059149314588,PETIT,Manon,2017-05-18,F,91
IPP0003385,103019577424774,LEROY,Pierre,2003-01-10,M,95
IPP0003386,276059238370408,ROUX,Lea,1976-05-13,F,92
IPP0003387,149069226771417,MOREL,Thomas,1949-06-03,M,92
IPP0003388,205069213889688,MARTIN,Lea,2005-06-07,F,92
IPP0003389,104069445250825,DAVID,Camille,2004-06-10,M,94
IPP0003390,195047851505360,BERNARD,Sophie,1995-04-02,M,78
IPP0003391,261029459708776,LAURENT,Pierre,1961-02-10,F,94
IPP0003392,162049554842352,PETIT,Sophie,1962-04-14,M,95
IPP0003393,192099510004762,GIRARD,Nicolas,1992-09-03,M,95
IPP0003394,284057878046659,BERNARD,Camille,1984-05-05,F,78
IPP0003395,148079425194781,DUBOIS,Chloe,1948-07-27,M,94
IPP0003396,252129401341422,BERNARD,Marie,1952-12-24,F,94
IPP0003397,154019189634437,LAURENT,Jean,1954-01-06,M,91
IPP0003398,247039209929742,ROBERT,Jean,1947-03-10,F,92
IPP0003399,282089232307854,MOREAU,Hugo,1982-08-02,F,92
IPP0003400,132029143591534,LEROY,Paul,1932-02-28,M,91
IPP0003401,146039328503930,BERNARD,Hugo,1946-03-28,M,93
IPP0003402,105039304938246,GARCIA,Luc,2005-03-06,M,93
IPP0003403,142117587107802,THOMAS,Paul,1942-11-24,M,75
IPP0003404,298059459010456,DURAND,Julie,1998-05-07,F,94
IPP0003405,176039197999719,THOMAS,Paul,1976-03-17,M,91
IPP0003406,161127734485303,DAVID,Lea,1961-12-20,M,77
IPP0003407,246049351341060,SIMON,Lea,1946-04-10,F,93
IPP0003408,284017759852588,DAVID,Camille,1984-01-06,F,77
IPP0003409,164037574883085,MOREL,Chloe,1964-03-24,M,75
IPP0003410,185089564192760,LEROY,Marc,1985-08-21,M,95
IPP0003411,252109436541502,DUBOIS,Hugo,1952-10-16,F,94
IPP0003412,179077857786860,DUBOIS,Marc,1979-07-12,M,78
IPP0003413,279039489465514,VINCENT,Marie,1979-03-12,F,94
IPP0003414,283057748580216,MICHEL,Julie,1983-05-04,F,77
IPP0003415,181107816429671,BERTRAND,Marc,1981-10-23,M,78
IPP0003416,285129434721431,FOURNIER,Louis,1985-12-11,F,94
IPP0003417,246117876625628,ROBERT,Lea,1946-11-25,F,78
IPP0003418,120079330510622,LAURENT,Sarah,2020-07-16,M,93
IPP0003419,150119197420238,FOURNIER,Julie,1950-11-15,M,91
IPP0003420,264047742156284,LAURENT,Antoine,1964-04-22,F,77
IPP0003421,261117542380495,THOMAS,Nicolas,1961-11-19,F,75
IPP0003422,167109463162452,FOURNIER,Pierre,1967-10-16,M,94
IPP0003423,242069469097017,VINCENT,Pierre,1942-06-28,F,94
IPP0003424,180099471247330,DUBOIS,Jean,1980-09-21,M,94
IPP0003425,132089448613476,GARCIA,Marie,1932-08-26,M,94
IPP0003426,218037596609870,MOREAU,Manon,2018-03-25,F,75
IPP0003427,291097557091883,ROBERT,Nicolas,1991-09-23,F,75
IPP0003428,203049312629323,GARCIA,Paul,2003-04-04,F,93
IPP0003429,286077865828551,ROBERT,Louis,1986-07-06,F,78
IPP0003430,179127876941670,DURAND,Paul,1979-12-10,M,78
IPP0003431,188037701222110,GARCIA,Louis,1988-03-24,M,77
IPP0003432,294119218665837,DAVID,Nicolas,1994-11-03,F,92
IPP0003433,202089146368963,MARTIN,Camille,2002-08-03,F,91
IPP0003434,157069203410843,GARCIA,Sophie,1957-06-08,M,92
IPP0003435,174109241179581,LEROY,Louis,1974-10-01,M,92
IPP0003436,204019220023225,LEROY,Marc,2004-01-25,F,92
IPP0003437,257089185449492,DURAND,Marc,1957-08-22,F,91
IPP0003438,166017709174604,BERNARD,Pierre,1966-01-27,M,77
IPP0003439,293107507625858,FOURNIER,Pierre,1993-10-07,F,75
IPP0003440,181019279102621,BERNARD,Lea,1981-01-10,M,92
IPP0003441,134039187442873,THOMAS,Nicolas,1934-03-17,M,91
IPP0003442,139107525329922,ROBERT,Sophie,1939-10-20,M,75
IPP0003443,163097831056769,MOREAU,Luc,1963-09-24,M,78
IPP0003444,156069243606308,ROUX,Louis,1956-06-07,M,92
IPP0003445,192109494355710,GARCIA,Marie,1992-10-04,M,94
IPP0003446,171089281050856,THOMAS,Paul,1971-08-04,M,92
IPP0003447,120027794986880,MARTIN,Luc,2020-02-19,M,77
IPP0003448,289117516699435,VINCENT,Manon,1989-11-28,F,75
IPP0003449,167029386154715,BERTRAND,Lea,1967-02-04,M,93
IPP0003450,247089279295217,GIRARD,Paul,1947-08-23,F,92
IPP0003451,290099539030279,DAVID,Paul,1990-09-12,F,95
IPP0003452,160099203994128,ROUX,Lea,1960-09-26,M,92
IPP0003453,114077717425666,ROBERT,Sophie,2014-07-04,M,77
IPP0003454,266019408594360,LAURENT,Paul,1966-01-03,F,94
IPP0003455,236079198967872,PETIT,Nicolas,1936-07-20,F,91
IPP0003456,182097834617205,LAURENT,Emma,1982-09-09,M,78
IPP0003457,269029364937396,SIMON,Sarah,1969-02-01,F,93
IPP0003458,120087753453954,MICHEL,Camille,2020-08-19,M,77
IPP0003459,207059406003220,MICHEL,Sophie,2007-05-17,F,94
IPP0003460,285089121437594,MICHEL,Antoine,1985-08-12,F,91
IPP0003461,248039246716051,GARCIA,Nicolas,1948-03-15,F,92
IPP0003462,113067802726610,GARCIA,Jean,2013-06-13,M,78
IPP0003463,232119230288052,MOREAU,Sophie,1932-11-02,F,92
IPP0003464,130079188218545,MOREAU,Marie,1930-07-17,M,91
IPP0003465,243019141955575,GIRARD,Marie,1943-01-01,F,91
IPP0003466,242089300848470,DAVID,Emma,1942-08-05,F,93
IPP0003467,194129236089281,PETIT,Luc,1994-12-04,M,92
IPP0003468,148099318057028,ROBERT,Lea,1948-09-05,M,93
IPP0003469,198057888816078,VINCENT,Paul,1998-05-16,M,78
IPP0003470,207107703300241,MOREAU,Pierre,2007-10-20,F,77
IPP0003471,100059223438238,THOMAS,Sophie,2000-05-15,M,92
IPP0003472,174117819932728,BERTRAND,Luc,1974-11-01,M,78
IPP0003473,112099394684670,MARTIN,Camille,2012-09-19,M,93
IPP0003474,245117898050207,FOURNIER,Marie,1945-11-23,F,78
IPP0003475,297049394955451,MARTIN,Pierre,1997-04-01,F,93
IPP0003476,168027793288861,LAURENT,Julie,1968-02-20,M,77
IPP0003477,239109380678168,VINCENT,Sophie,1939-10-11,F,93
IPP0003478,266089182046620,SIMON,Luc,1966-08-18,F,91
IPP0003479,152029402439586,LEROY,Chloe,1952-02-21,M,94
IPP0003480,201117569023358,BERTRAND,Manon,2001-11-23,F,75
IPP0003481,115039484467722,GIRARD,Thomas,2015-03-04,M,94
IPP0003482,260127532783403,LAURENT,Manon,1960-12-13,F,75
IPP0003483,274087860758641,SIMON,Jean,1974-08-26,F,78
IPP0003484,253107585543010,GIRARD,Camille,1953-10-24,F,75
IPP0003485,118059353362306,FOURNIER,Camille,2018-05-12,M,93
IPP0003486,178027539834091,DAVID,Thomas,1978-02-24,M,75
IPP0003487,159087738145504,BERNARD,Pierre,1959-08-25,M,77
IPP0003488,270039109694929,LEROY,Camille,1970-03-15,F,91
IPP0003489,168107514436757,LEROY,Jean,1968-10-18,M,75
IPP0003490,254089163162904,PETIT,Ines,1954-08-24,F,91
IPP0003491,267059579385839,ROUX,Emma,1967-05-10,F,95
IPP0003492,231099324776264,ROBERT,Marc,1931-09-10,F,93
IPP0003493,157057578603320,MOREAU,Pierre,1957-05-17,M,75
IPP0003494,220039273833901,LAURENT,Julie,2020-03-10,F,92
IPP0003495,206027832347079,SIMON,Louis,2006-02-11,F,78
IPP0003496,179039557782961,GARCIA,Jean,1979-03-27,M,95
IPP0003497,165039506324567,DURAND,Julie,1965-03-12,M,95
IPP0003498,109067736818674,LEROY,Pierre,2009-06-22,M,77
IPP0003499,211099353839751,LEROY,Marie,2011-09-26,F,93
IPP0003500,232039140218967,GIRARD,Ines,1932-03-20,F,91
IPP0003501,186039530397532,PETIT,Ines,1986-03-04,M,95
IPP0003502,146019241847660,FOURNIER,Emma,1946-01-10,M,92
IPP0003503,175119392241608,GARCIA,Ines,1975-11-08,M,93
IPP0003504,190019413084015,MICHEL,Marie,1990-01-13,M,94
IPP0003505,145049351304737,SIMON,Manon,1945-04-19,M,93
IPP0003506,230037542909872,MOREL,Marie,1930-03-05,F,75
IPP0003507,103049421738339,GIRARD,Julie,2003-04-21,M,94
IPP0003508,207087500306032,MARTIN,Emma,2007-08-03,F,75
IPP0003509,285029318986213,LAURENT,Nicolas,1985-02-13,F,93
IPP0003510,219087836399445,GIRARD,Lea,2019-08-03,F,78
IPP0003511,187109323300122,SIMON,Chloe,1987-10-20,M,93
IPP0003512,147129298639509,BERTRAND,Thomas,1947-12-08,M,92
IPP0003513,166067745275215,SIMON,Julie,1966-06-13,M,77
IPP0003514,231127796877646,MICHEL,Paul,1931-12-04,F,77
IPP0003515,140119543999362,DAVID,Camille,1940-11-15,M,95
IPP0003516,237069566491897,DAVID,Pierre,1937-06-06,F,95
IPP0003517,133109284271804,LAURENT,Sarah,1933-10-06,M,92
IPP0003518,182117516013611,LEROY,Pierre,1982-11-03,M,75
IPP0003519,180089502539613,ROUX,Camille,1980-08-21,M,95
IPP0003520,172049320470155,ROUX,Sophie,1972-04-05,M,93
IPP0003521,204039338883988,VINCENT,Lea,2004-03-03,F,93
IPP0003522,283049208629346,ROBERT,Ines,1983-04-16,F,92
IPP0003523,254017596276555,LEROY,Thomas,1954-01-02,F,75
IPP0003524,261109389525052,DUBOIS,Paul,1961-10-25,F,93
IPP0003525,163079139062838,DURAND,Luc,1963-07-12,M,91
IPP0003526,298129250367530,FOURNIER,Paul,1998-12-09,F,92
IPP0003527,282069290435071,DURAND,Antoine,1982-06-19,F,92
IPP0003528,135027768489293,MARTIN,Nicolas,1935-02-04,M,77
IPP0003529,250129130018961,DAVID,Thomas,1950-12-14,F,91
IPP0003530,177029350018844,MOREAU,Hugo,1977-02-26,M,93
IPP0003531,258047868940237,LAURENT,Nicolas,1958-04-16,F,78
IPP0003532,282059552430174,MOREL,Camille,1982-05-17,F,95
IPP0003533,151057772637767,THOMAS,Jean,1951-05-27,M,77
IPP0003534,282117800698265,DAVID,Louis,1982-11-05,F,78
IPP0003535,102079154795230,LAURENT,Sophie,2002-07-11,M,91
IPP0003536,116019178513011,BERTRAND,Camille,2016-01-28,M,91
IPP0003537,252107872002370,GIRARD,Thomas,1952-10-08,F,78
IPP0003538,162119307513549,MOREL,Sophie,1962-11-09,M,93
IPP0003539,285117519115133,DURAND,Lea,1985-11-12,F,75
IPP0003540,289097529493307,MICHEL,Sarah,1989-09-28,F,75
IPP0003541,247067771567270,BERNARD,Thomas,1947-06-04,F,77
IPP0003542,156049309630018,BERTRAND,Manon,1956-04-21,M,93
IPP0003543,161049371105892,MOREL,Marc,1961-04-15,M,93
IPP0003544,238129541078540,BERTRAND,Jean,1938-12-13,F,95
IPP0003545,255079468814488,VINCENT,Camille,1955-07-21,F,94
IPP0003546,130029390581348,ROBERT,Jean,1930-02-03,M,93
IPP0003547,116097713039814,MOREAU,Manon,2016-09-10,M,77
IPP0003548,156049569259129,GARCIA,Jean,1956-04-14,M,95
IPP0003549,118099151174283,DUBOIS,Paul,2018-09-20,M,91
IPP0003550,231067762294078,SIMON,Camille,1931-06-21,F,77
IPP0003551,133099128758220,BERNARD,Sophie,1933-09-12,M,91
IPP0003552,148057878288833,DUBOIS,Louis,1948-05-20,M,78
IPP0003553,177017508011196,LAURENT,Lea,1977-01-27,M,75
IPP0003554,244087555489956,BERNARD,Paul,1944-08-12,F,75
IPP0003555,166059206328987,BERNARD,Marc,1966-05-21,M,92
IPP0003556,138069191652226,LAURENT,Pierre,1938-06-13,M,91
IPP0003557,172049228252849,DURAND,Sarah,1972-04-17,M,92
IPP0003558,288067520204468,GIRARD,Jean,1988-06-12,F,75
IPP0003559,181099128945959,THOMAS,Sarah,1981-09-11,M,91
IPP0003560,200059298695043,GIRARD,Marie,2000-05-02,F,92
IPP0003561,189119191962137,VINCENT,Manon,1989-11-04,M,91
IPP0003562,191129109611033,MICHEL,Antoine,1991-12-04,M,91
IPP0003563,284099208858318,MOREL,Sarah,1984-09-14,F,92
IPP0003564,286069468020491,PETIT,Camille,1986-06-19,F,94
IPP0003565,190017888602915,LAURENT,Manon,1990-01-24,M,78
IPP0003566,177047866055369,DUBOIS,Louis,1977-04-09,M,78
IPP0003567,284069355937982,LEROY,Chloe,1984-06-15,F,93
IPP0003568,161109329016405,GARCIA,Nicolas,1961-10-21,M,93
IPP0003569,142089534457382,BERNARD,Pierre,1942-08-25,M,95
IPP0003570,299059156249750,GIRARD,Paul,1999-05-14,F,91
IPP0003571,155017821016252,BERTRAND,Emma,1955-01-05,M,78
IPP0003572,279079426232565,DUBOIS,Chloe,1979-07-19,F,94
IPP0003573,151067896730873,DAVID,Sophie,1951-06-05,M,78
IPP0003574,130099496493881,MARTIN,Manon,1930-09-15,M,94
IPP0003575,246127565546842,LEROY,Manon,1946-12-27,F,75
IPP0003576,191089594276516,THOMAS,Sophie,1991-08-16,M,95
IPP0003577,247069566951752,GARCIA,Paul,1947-06-05,F,95
IPP0003578,107019593008516,ROBERT,Pierre,2007-01-01,M,95
IPP0003579,148127714519986,SIMON,Lea,1948-12-28,M,77
IPP0003580,257117875767519,ROUX,Thomas,1957-11-02,F,78
IPP0003581,242109195812449,MOREL,Louis,1942-10-27,F,91
IPP0003582,243079135979186,GARCIA,Nicolas,1943-07-12,F,91
IPP0003583,282059153787690,LEROY,Paul,1982-05-02,F,91
IPP0003584,264017815616613,SIMON,Luc,1964-01-01,F,78
IPP0003585,217129480047090,GIRARD,Paul,2017-12-12,F,94
IPP0003586,146029277926530,LEROY,Ines,1946-02-19,M,92
IPP0003587,188017749068812,LEROY,Camille,1988-01-12,M,77
IPP0003588,144069208593074,LAURENT,Marie,1944-06-16,M,92
IPP0003589,135029343001015,MARTIN,Antoine,1935-02-13,M,93
IPP0003590,147079468626878,BERTRAND,Hugo,1947-07-12,M,94
IPP0003591,201047829652049,VINCENT,Paul,2001-04-08,F,78
IPP0003592,292029311129159,MOREL,Nicolas,1992-02-20,F,93
IPP0003593,202027739424942,VINCENT,Camille,2002-02-27,F,77
IPP0003594,266119483216030,MARTIN,Paul,1966-11-27,F,94
IPP0003595,193129143437407,ROBERT,Antoine,1993-12-05,M,91
IPP0003596,169077827187919,MOREL,Emma,1969-07-18,M,78
IPP0003597,215037504183174,BERNARD,Luc,2015-03-10,F,75
IPP0003598,199077508931201,GARCIA,Jean,1999-07-22,M,75
IPP0003599,241107828721422,ROBERT,Sarah,1941-10-01,F,78
IPP0003600,181117590166103,DURAND,Julie,1981-11-07,M,75
IPP0003601,283119161373040,DURAND,Jean,1983-11-07,F,91
IPP0003602,137017560405470,VINCENT,Ines,1937-01-24,M,75
IPP0003603,138099274500469,SIMON,Manon,1938-09-15,M,92
IPP0003604,152099434471674,MOREAU,Pierre,1952-09-21,M,94
IPP0003605,299109364070055,BERNARD,Ines,1999-10-25,F,93
IPP0003606,136059464945553,DAVID,Camille,1936-05-23,M,94
IPP0003607,161079354793908,MARTIN,Antoine,1961-07-13,M,93
IPP0003608,147039153306934,MICHEL,Louis,1947-03-22,M,91
IPP0003609,288129586800454,MICHEL,Julie,1988-12-09,F,95
IPP0003610,141019469179980,LEROY,Jean,1941-01-12,M,94
IPP0003611,293049563451678,SIMON,Luc,1993-04-20,F,95
IPP0003612,101107714468459,DAVID,Ines,2001-10-04,M,77
IPP0003613,190077866403077,THOMAS,Nicolas,1990-07-24,M,78
IPP0003614,284089252250855,ROUX,Nicolas,1984-08-23,F,92
IPP0003615,114099441995034,LEROY,Camille,2014-09-18,M,94
IPP0003616,233029190179543,PETIT,Thomas,1933-02-24,F,91
IPP0003617,252109343644305,DAVID,Thomas,1952-10-06,F,93
IPP0003618,102129445966051,GARCIA,Pierre,2002-12-23,M,94
IPP0003619,271037547529971,MOREL,Louis,1971-03-06,F,75
IPP0003620,170109213933273,LAURENT,Ines,1970-10-18,M,92
IPP0003621,291089133199832,GIRARD,Sarah,1991-08-05,F,91
IPP0003622,267019493557106,MICHEL,Manon,1967-01-18,F,94
IPP0003623,170017712879210,BERTRAND,Sophie,1970-01-03,M,77
IPP0003624,272089458607275,ROBERT,Louis,1972-08-18,F,94
IPP0003625,280069254854680,BERTRAND,Pierre,1980-06-26,F,92
IPP0003626,169097505889408,MICHEL,Marie,1969-09-14,M,75
IPP0003627,107037760972122,PETIT,Antoine,2007-03-09,M,77
IPP0003628,201089505164292,LEROY,Jean,2001-08-12,F,95
IPP0003629,105049210574979,ROBERT,Hugo,2005-04-01,M,92
IPP0003630,138119185664141,BERNARD,Sarah,1938-11-17,M,91
IPP0003631,251107541267855,GIRARD,Chloe,1951-10-25,F,75
IPP0003632,153039441862036,DURAND,Sophie,1953-03-08,M,94
IPP0003633,179037580297609,ROUX,Paul,1979-03-02,M,75
IPP0003634,147059392739588,DAVID,Luc,1947-05-26,M,93
IPP0003635,219107824548156,SIMON,Jean,2019-10-15,F,78
IPP0003636,293127731340158,GIRARD,Chloe,1993-12-03,F,77
IPP0003637,216087573839006,FOURNIER,Sarah,2016-08-09,F,75
IPP0003638,176117796338268,LEROY,Marc,1976-11-10,M,77
IPP0003639,238059191856353,FOURNIER,Camille,1938-05-13,F,91
IPP0003640,295047751920457,SIMON,Manon,1995-04-22,F,77
IPP0003641,114069164616457,DAVID,Sarah,2014-06-21,M,91
IPP0003642,185077753132171,LEROY,Luc,1985-07-27,M,77
IPP0003643,114087853848363,MARTIN,Antoine,2014-08-16,M,78
IPP0003644,261039179082448,GIRARD,Manon,1961-03-25,F,91
IPP0003645,114117725089326,DAVID,Ines,2014-11-09,M,77
IPP0003646,298017578274224,SIMON,Hugo,1998-01-12,F,75
IPP0003647,176129354527676,GARCIA,Thomas,1976-12-02,M,93
IPP0003648,131019428817790,GIRARD,Paul,1931-01-15,M,94
IPP0003649,119089493775743,ROUX,Luc,2019-08-15,M,94
IPP0003650,264117868364484,MARTIN,Julie,1964-11-26,F,78
IPP0003651,138077857336078,THOMAS,Chloe,1938-07-05,M,78
IPP0003652,116037530835213,MARTIN,Emma,2016-03-23,M,75
IPP0003653,169049490606722,ROBERT,Thomas,1969-04-11,M,94
IPP0003654,217119484523031,ROUX,Ines,2017-11-22,F,94
IPP0003655,254029211514633,LEROY,Chloe,1954-02-26,F,92
IPP0003656,165037819090731,BERTRAND,Marc,1965-03-13,M,78
IPP0003657,100079192818835,MICHEL,Sophie,2000-07-27,M,91
IPP0003658,197069454219862,FOURNIER,Chloe,1997-06-16,M,94
IPP0003659,267067764877527,DAVID,Marie,1967-06-03,F,77
IPP0003660,104049208148941,SIMON,Chloe,2004-04-11,M,92
IPP0003661,270119571603319,DAVID,Luc,1970-11-08,F,95
IPP0003662,253099242646749,DURAND,Julie,1953-09-28,F,92
IPP0003663,262079386708983,LAURENT,Sarah,1962-07-04,F,93
IPP0003664,284129378043687,MOREAU,Sophie,1984-12-24,F,93
IPP0003665,184017753912280,VINCENT,Thomas,1984-01-17,M,77
IPP0003666,250017543558542,LEROY,Pierre,1950-01-19,F,75
IPP0003667,260019494663453,GIRARD,Hugo,1960-01-26,F,94
IPP0003668,185127531934443,BERNARD,Hugo,1985-12-16,M,75
IPP0003669,146119145223451,THOMAS,Emma,1946-11-23,M,91
IPP0003670,165047531651538,MICHEL,Pierre,1965-04-27,M,75
IPP0003671,213039337962336,LEROY,Nicolas,2013-03-02,F,93
IPP0003672,276019356718062,LEROY,Sophie,1976-01-28,F,93
IPP0003673,162037878638091,BERTRAND,Nicolas,1962-03-16,M,78
IPP0003674,253109211373668,LAURENT,Lea,1953-10-20,F,92
IPP0003675,166119491708827,VINCENT,Paul,1966-11-09,M,94
IPP0003676,261077823193847,DUBOIS,Marie,1961-07-20,F,78
IPP0003677,115109512269521,THOMAS,Hugo,2015-10-16,M,95
IPP0003678,182039297269021,BERTRAND,Ines,1982-03-22,M,92
IPP0003679,179069293246391,DURAND,Emma,1979-06-26,M,92
IPP0003680,184039276205568,VINCENT,Sarah,1984-03-22,M,92
IPP0003681,109039260856494,LEROY,Nicolas,2009-03-06,M,92
IPP0003682,171089544679733,ROUX,Sophie,1971-08-07,M,95
IPP0003683,175039550000296,BERTRAND,Lea,1975-03-19,M,95
IPP0003684,206129238388571,DURAND,Marie,2006-12-20,F,92
IPP0003685,265067582918295,MARTIN,Luc,1965-06-02,F,75
IPP0003686,296049556962823,BERNARD,Paul,1996-04-18,F,95
IPP0003687,211069360932480,VINCENT,Nicolas,2011-06-02,F,93
IPP0003688,280017527900945,GIRARD,Paul,1980-01-08,F,75
IPP0003689,282119569635795,SIMON,Pierre,1982-11-23,F,95
IPP0003690,160079204607867,LEROY,Manon,1960-07-18,M,92
IPP0003691,187037589376904,LAURENT,Sophie,1987-03-03,M,75
IPP0003692,161057510355997,SIMON,Emma,1961-05-13,M,75
IPP0003693,130029337181660,LEROY,Emma,1930-02-08,M,93
IPP0003694,100129290377161,GARCIA,Antoine,2000-12-07,M,92
IPP0003695,111079186201005,LEROY,Manon,2011-07-08,M,91
IPP0003696,113129475639087,GIRARD,Jean,2013-12-16,M,94
IPP0003697,295107766449868,DAVID,Sarah,1995-10-23,F,77
IPP0003698,135017813308326,MOREAU,Sophie,1935-01-01,M,78
IPP0003699,190019244524838,MOREAU,Manon,1990-01-15,M,92
IPP0003700,233117810718539,DURAND,Thomas,1933-11-22,F,78
IPP0003701,197069290480003,MOREL,Pierre,1997-06-03,M,92
IPP0003702,212057795837316,DAVID,Ines,2012-05-12,F,77
IPP0003703,248107834739922,THOMAS,Ines,1948-10-13,F,78
IPP0003704,188079224245009,BERTRAND,Sophie,1988-07-16,M,92
IPP0003705,248077841111089,ROBERT,Nicolas,1948-07-08,F,78
IPP0003706,286097538237314,ROUX,Paul,1986-09-08,F,75
IPP0003707,242049576629403,BERNARD,Emma,1942-04-18,F,95
IPP0003708,157117768439049,DUBOIS,Lea,1957-11-21,M,77
IPP0003709,280079543521055,DURAND,Jean,1980-07-06,F,95
IPP0003710,217029542779895,THOMAS,Lea,2017-02-03,F,95
IPP0003711,110117819130333,VINCENT,Julie,2010-11-04,M,78
IPP0003712,106079121390903,DAVID,Marc,2006-07-18,M,91
IPP0003713,233057838755203,MOREL,Nicolas,1933-05-13,F,78
IPP0003714,232049400402974,MOREAU,Manon,1932-04-13,F,94
IPP0003715,192119441274752,LEROY,Pierre,1992-11-20,M,94
IPP0003716,203039379997884,GIRARD,Sophie,2003-03-24,F,93
IPP0003717,191017861322902,MOREAU,Pierre,1991-01-13,M,78
IPP0003718,163019359309752,DUBOIS,Manon,1963-01-13,M,93
IPP0003719,251039328849265,THOMAS,Antoine,1951-03-17,F,93
IPP0003720,132029245871403,MOREL,Nicolas,1932-02-18,M,92
IPP0003721,191069553962886,VINCENT,Marc,1991-06-22,M,95
IPP0003722,266109564061554,BERNARD,Hugo,1966-10-20,F,95
IPP0003723,147029211428625,FOURNIER,Camille,1947-02-16,M,92
IPP0003724,283069256763550,FOURNIER,Sophie,1983-06-17,F,92
IPP0003725,185029464882181,LAURENT,Camille,1985-02-16,M,94
IPP0003726,142079217361101,BERTRAND,Chloe,1942-07-07,M,92
IPP0003727,287039110642995,GIRARD,Lea,1987-03-24,F,91
IPP0003728,257089209158866,DURAND,Antoine,1957-08-18,F,92
IPP0003729,180097511778242,DURAND,Jean,1980-09-06,M,75
IPP0003730,239077819481530,PETIT,Sophie,1939-07-16,F,78
IPP0003731,258129194412408,LEROY,Pierre,1958-12-07,F,91
IPP0003732,208097759303818,BERNARD,Lea,2008-09-11,F,77
IPP0003733,161089361636679,SIMON,Chloe,1961-08-22,M,93
IPP0003734,294049192699120,LEROY,Ines,1994-04-11,F,91
IPP0003735,149087775122404,GIRARD,Luc,1949-08-28,M,77
IPP0003736,171069582927987,DUBOIS,Ines,1971-06-04,M,95
IPP0003737,171097785350662,DAVID,Emma,1971-09-03,M,77
IPP0003738,120039441683147,BERNARD,Sophie,2020-03-23,M,94
IPP0003739,259107736726514,THOMAS,Paul,1959-10-20,F,77
IPP0003740,270047839922383,BERNARD,Ines,1970-04-04,F,78
IPP0003741,131089153467865,LAURENT,Ines,1931-08-20,M,91
IPP0003742,113107737290474,MOREL,Manon,2013-10-14,M,77
IPP0003743,247117557676810,GIRARD,Ines,1947-11-09,F,75
IPP0003744,119029565279689,DURAND,Hugo,2019-02-15,M,95
IPP0003745,183079206989948,DURAND,Paul,1983-07-17,M,92
IPP0003746,254077549071010,ROBERT,Sophie,1954-07-15,F,75
IPP0003747,214047799901203,PETIT,Lea,2014-04-23,F,77
IPP0003748,113039375387263,MOREAU,Sophie,2013-03-21,M,93
IPP0003749,137079419075226,LEROY,Camille,1937-07-22,M,94
IPP0003750,269019266581063,SIMON,Lea,1969-01-04,F,92
IPP0003751,251057716068604,MARTIN,Emma,1951-05-25,F,77
IPP0003752,261067745042218,MICHEL,Pierre,1961-06-01,F,77
IPP0003753,115129167406740,LAURENT,Camille,2015-12-17,M,91
IPP0003754,231107710631746,ROUX,Chloe,1931-10-26,F,77
IPP0003755,109099291919853,BERTRAND,Marie,2009-09-20,M,92
IPP0003756,269117785933338,DUBOIS,Ines,1969-11-05,F,77
IPP0003757,195039268492430,DUBOIS,Jean,1995-03-13,M,92
IPP0003758,170077718676839,MOREL,Louis,1970-07-11,M,77
IPP0003759,134119449239273,GARCIA,Camille,1934-11-06,M,94
IPP0003760,206039358435625,LEROY,Julie,2006-03-25,F,93
IPP0003761,241109285506717,FOURNIER,Paul,1941-10-09,F,92
IPP0003762,109047713028896,ROBERT,Lea,2009-04-26,M,77
IPP0003763,178079352576311,DURAND,Marc,1978-07-22,M,93
IPP0003764,254047769153072,FOURNIER,Ines,1954-04-26,F,77
IPP0003765,160059538010592,VINCENT,Nicolas,1960-05-07,M,95
IPP0003766,208057552044644,MICHEL,Lea,2008-05-24,F,75
IPP0003767,166049339396739,GIRARD,Luc,1966-04-24,M,93
IPP0003768,273017721034927,MARTIN,Louis,1973-01-15,F,77
IPP0003769,250097862427960,ROUX,Jean,1950-09-21,F,78
IPP0003770,102079129133582,DURAND,Hugo,2002-07-26,M,91
IPP0003771,190077526546949,THOMAS,Manon,1990-07-11,M,75
IPP0003772,130017828114042,FOURNIER,Antoine,1930-01-25,M,78
IPP0003773,257059168338743,VINCENT,Camille,1957-05-10,F,91
IPP0003774,287107746801731,DAVID,Sophie,1987-10-18,F,77
IPP0003775,219119159905305,DUBOIS,Marc,2019-11-01,F,91
IPP0003776,240029481853739,MOREAU,Thomas,1940-02-01,F,94
IPP0003777,173077842944378,LAURENT,Jean,1973-07-16,M,78
IPP0003778,239099196702113,THOMAS,Nicolas,1939-09-24,F,91
IPP0003779,214059321029186,DURAND,Chloe,2014-05-09,F,93
IPP0003780,203097590594937,MOREAU,Hugo,2003-09-11,F,75
IPP0003781,112069141987843,MOREL,Julie,2012-06-26,M,91
IPP0003782,273059384573016,MOREAU,Emma,1973-05-02,F,93
IPP0003783,239089392234004,BERTRAND,Sophie,1939-08-27,F,93
IPP0003784,234037588369911,LEROY,Manon,1934-03-11,F,75
IPP0003785,220089377438691,SIMON,Antoine,2020-08-14,F,93
IPP0003786,110079453066365,SIMON,Louis,2010-07-25,M,94
IPP0003787,182097568839579,DURAND,Hugo,1982-09-28,M,75
IPP0003788,258019202378995,DUBOIS,Luc,1958-01-24,F,92
IPP0003789,200107808799176,GIRARD,Paul,2000-10-13,F,78
IPP0003790,167117815192945,ROUX,Thomas,1967-11-17,M,78
IPP0003791,297079505091378,DURAND,Nicolas,1997-07-25,F,95
IPP0003792,283039476643397,DURAND,Marc,1983-03-02,F,94
IPP0003793,217057741352165,GIRARD,Nicolas,2017-05-07,F,77
IPP0003794,159029269198750,ROBERT,Paul,1959-02-18,M,92
IPP0003795,177089109148938,BERNARD,Thomas,1977-08-22,M,91
IPP0003796,145087788836622,BERTRAND,Thomas,1945-08-10,M,77
IPP0003797,252119339825192,GARCIA,Thomas,1952-11-14,F,93
IPP0003798,219019583450889,MOREAU,Sarah,2019-01-17,F,95
IPP0003799,208057766624678,SIMON,Antoine,2008-05-22,F,77
IPP0003800,247109445776844,BERTRAND,Marc,1947-10-12,F,94
IPP0003801,160089543057117,ROUX,Lea,1960-08-13,M,95
IPP0003802,163039543247916,MICHEL,Pierre,1963-03-01,M,95
IPP0003803,206089430609150,DUBOIS,Hugo,2006-08-12,F,94
IPP0003804,256119406163787,MOREL,Marie,1956-11-25,F,94
IPP0003805,112127775703547,DAVID,Chloe,2012-12-02,M,77
IPP0003806,275129324876359,SIMON,Marc,1975-12-17,F,93
IPP0003807,261097867167345,DAVID,Chloe,1961-09-26,F,78
IPP0003808,173039396542240,DAVID,Marie,1973-03-07,M,93
IPP0003809,134057587658529,DUBOIS,Pierre,1934-05-15,M,75
IPP0003810,161057884543296,DUBOIS,Pierre,1961-05-19,M,78
IPP0003811,270029270090945,LAURENT,Antoine,1970-02-03,F,92
IPP0003812,187059107932029,SIMON,Sarah,1987-05-13,M,91
IPP0003813,284029152449932,MARTIN,Marc,1984-02-17,F,91
IPP0003814,204079156190789,ROBERT,Ines,2004-07-13,F,91
IPP0003815,177127841435218,GIRARD,Louis,1977-12-05,M,78
IPP0003816,232099228373655,PETIT,Julie,1932-09-21,F,92
IPP0003817,130129350943352,SIMON,Jean,1930-12-06,M,93
IPP0003818,265089463954801,DAVID,Emma,1965-08-22,F,94
IPP0003819,138057806922275,DUBOIS,Manon,1938-05-02,M,78
IPP0003820,278019531546210,LEROY,Paul,1978-01-10,F,95
IPP0003821,162087817226879,BERTRAND,Lea,1962-08-24,M,78
IPP0003822,246017862126934,SIMON,Sophie,1946-01-07,F,78
IPP0003823,116039480251735,ROUX,Julie,2016-03-24,M,94
IPP0003824,240099142431849,ROUX,Sarah,1940-09-24,F,91
IPP0003825,242049494137633,DUBOIS,Antoine,1942-04-03,F,94
IPP0003826,131037820127460,DAVID,Hugo,1931-03-12,M,78
IPP0003827,174047865417201,THOMAS,Sarah,1974-04-20,M,78
IPP0003828,273107582959236,VINCENT,Lea,1973-10-26,F,75
IPP0003829,151097837082851,VINCENT,Sophie,1951-09-13,M,78
IPP0003830,288069322155157,DURAND,Sophie,1988-06-25,F,93
IPP0003831,169099256191357,BERNARD,Marie,1969-09-25,M,92
IPP0003832,198027788739546,DURAND,Marc,1998-02-27,M,77
IPP0003833,120109332093750,PETIT,Sophie,2020-10-27,M,93
IPP0003834,203089478286878,BERNARD,Louis,2003-08-24,F,94
IPP0003835,152027815948465,DURAND,Lea,1952-02-17,M,78
IPP0003836,141059109120204,LEROY,Pierre,1941-05-24,M,91
IPP0003837,212069487005608,DUBOIS,Hugo,2012-06-12,F,94
IPP0003838,134047730401139,BERTRAND,Thomas,1934-04-02,M,77
IPP0003839,115127563291016,DAVID,Chloe,2015-12-04,M,75
IPP0003840,214069541776062,DAVID,Julie,2014-06-11,F,95
IPP0003841,271059361260650,THOMAS,Luc,1971-05-04,F,93
IPP0003842,208107815705770,DAVID,Lea,2008-10-09,F,78
IPP0003843,109129202443044,THOMAS,Nicolas,2009-12-26,M,92
IPP0003844,218107506191732,VINCENT,Luc,2018-10-03,F,75
IPP0003845,115059241554911,ROBERT,Camille,2015-05-05,M,92
IPP0003846,149119536595140,GARCIA,Emma,1949-11-03,M,95
IPP0003847,209109197815070,MARTIN,Antoine,2009-10-25,F,91
IPP0003848,110059276400431,MARTIN,Chloe,2010-05-16,M,92
IPP0003849,147117850513328,ROBERT,Manon,1947-11-26,M,78
IPP0003850,236129315003215,BERNARD,Thomas,1936-12-07,F,93
IPP0003851,201069575313274,MOREAU,Paul,2001-06-20,F,95
IPP0003852,245037809130373,LAURENT,Emma,1945-03-20,F,78
IPP0003853,172117572495330,ROBERT,Antoine,1972-11-17,M,75
IPP0003854,232077756603016,PETIT,Emma,1932-07-02,F,77
IPP0003855,231077886830812,ROUX,Marc,1931-07-26,F,78
IPP0003856,281127804373642,MOREL,Jean,1981-12-20,F,78
IPP0003857,240117844740246,MOREAU,Paul,1940-11-17,F,78
IPP0003858,142077844282549,ROBERT,Julie,1942-07-11,M,78
IPP0003859,297099574690296,GARCIA,Chloe,1997-09-17,F,95
IPP0003860,219109407621117,GARCIA,Marie,2019-10-20,F,94
IPP0003861,212037590609137,THOMAS,Paul,2012-03-05,F,75
IPP0003862,231057768277279,BERTRAND,Pierre,1931-05-16,F,77
IPP0003863,157099433812518,MOREAU,Antoine,1957-09-01,M,94
IPP0003864,261097731607667,MOREL,Sophie,1961-09-06,F,77
IPP0003865,288107598137106,LEROY,Lea,1988-10-24,F,75
IPP0003866,246097890409690,DAVID,Sarah,1946-09-08,F,78
IPP0003867,111017874722701,ROBERT,Nicolas,2011-01-27,M,78
IPP0003868,231099183564258,VINCENT,Camille,1931-09-09,F,91
IPP0003869,278129360891320,PETIT,Chloe,1978-12-22,F,93
IPP0003870,150097577978381,THOMAS,Antoine,1950-09-06,M,75
IPP0003871,149049404344830,VINCENT,Antoine,1949-04-12,M,94
IPP0003872,284097769896574,DAVID,Sarah,1984-09-24,F,77
IPP0003873,211087562697222,GARCIA,Marc,2011-08-17,F,75
IPP0003874,200047775228863,MOREL,Hugo,2000-04-16,F,77
IPP0003875,272039436665201,DURAND,Pierre,1972-03-03,F,94
IPP0003876,271067861564452,PETIT,Antoine,1971-06-22,F,78
IPP0003877,265099598928436,DUBOIS,Pierre,1965-09-23,F,95
IPP0003878,297079343945575,LAURENT,Sophie,1997-07-22,F,93
IPP0003879,108109126434356,LEROY,Marc,2008-10-16,M,91
IPP0003880,275067879865776,DAVID,Lea,1975-06-03,F,78
IPP0003881,108079124495890,MARTIN,Marie,2008-07-15,M,91
IPP0003882,174129306385686,THOMAS,Nicolas,1974-12-17,M,93
IPP0003883,134027859048742,ROBERT,Emma,1934-02-25,M,78
IPP0003884,248037777855543,DURAND,Lea,1948-03-17,F,77
IPP0003885,191077558264415,VINCENT,Marc,1991-07-14,M,75
IPP0003886,213129282464923,VINCENT,Marie,2013-12-02,F,92
IPP0003887,231047756700611,DUBOIS,Hugo,1931-04-07,F,77
IPP0003888,186127881490324,VINCENT,Nicolas,1986-12-08,M,78
IPP0003889,292027826828033,DAVID,Jean,1992-02-12,F,78
IPP0003890,261109104263096,DAVID,Sarah,1961-10-05,F,91
IPP0003891,281119350814041,BERNARD,Hugo,1981-11-23,F,93
IPP0003892,180127764058860,DUBOIS,Sophie,1980-12-28,M,77
IPP0003893,120097841945684,ROBERT,Antoine,2020-09-27,M,78
IPP0003894,235037899432925,DURAND,Manon,1935-03-03,F,78
IPP0003895,132119534989650,LAURENT,Manon,1932-11-16,M,95
IPP0003896,141039342726755,DURAND,Ines,1941-03-13,M,93
IPP0003897,280087729676796,GARCIA,Jean,1980-08-21,F,77
IPP0003898,201107585249363,LAURENT,Pierre,2001-10-25,F,75
IPP0003899,107099549538491,MICHEL,Pierre,2007-09-03,M,95
IPP0003900,103117730709937,SIMON,Ines,2003-11-23,M,77
IPP0003901,173049244094086,MOREAU,Ines,1973-04-22,M,92
IPP0003902,196119453080046,LAURENT,Louis,1996-11-25,M,94
IPP0003903,264089135938957,LAURENT,Louis,1964-08-15,F,91
IPP0003904,191017831174312,GIRARD,Marc,1991-01-12,M,78
IPP0003905,111059155048333,ROUX,Sophie,2011-05-08,M,91
IPP0003906,282109374400317,MOREL,Marc,1982-10-06,F,93
IPP0003907,192079430688622,THOMAS,Chloe,1992-07-23,M,94
IPP0003908,176109512805316,BERNARD,Sophie,1976-10-15,M,95
IPP0003909,172119546688028,LEROY,Lea,1972-11-09,M,95
IPP0003910,260117771155046,ROUX,Luc,1960-11-03,F,77
IPP0003911,175067841126107,THOMAS,Julie,1975-06-15,M,78
IPP0003912,264119531709893,GARCIA,Manon,1964-11-24,F,95
IPP0003913,213069463568278,LAURENT,Luc,2013-06-15,F,94
IPP0003914,148097835856644,MARTIN,Louis,1948-09-12,M,78
IPP0003915,292127785350007,MICHEL,Antoine,1992-12-20,F,77
IPP0003916,113077516080738,VINCENT,Marc,2013-07-13,M,75
IPP0003917,154079421976061,SIMON,Thomas,1954-07-06,M,94
IPP0003918,168019225841164,MOREL,Thomas,1968-01-15,M,92
IPP0003919,162129573882988,LEROY,Lea,1962-12-16,M,95
IPP0003920,101067858634941,BERNARD,Antoine,2001-06-23,M,78
IPP0003921,193059103812692,BERTRAND,Jean,1993-05-12,M,91
IPP0003922,107077508047260,MICHEL,Ines,2007-07-04,M,75
IPP0003923,114019244976818,BERNARD,Nicolas,2014-01-25,M,92
IPP0003924,203117550155768,DAVID,Ines,2003-11-09,F,75
IPP0003925,197069240892613,ROBERT,Sophie,1997-06-11,M,92
IPP0003926,204049145641297,LEROY,Chloe,2004-04-22,F,91
IPP0003927,184087890169086,MICHEL,Antoine,1984-08-08,M,78
IPP0003928,235089513213790,FOURNIER,Manon,1935-08-02,F,95
IPP0003929,164029482135473,THOMAS,Paul,1964-02-07,M,94
IPP0003930,139057561948033,SIMON,Emma,1939-05-07,M,75
IPP0003931,211059444341576,LEROY,Hugo,2011-05-20,F,94
IPP0003932,202079297471290,MOREAU,Antoine,2002-07-15,F,92
IPP0003933,155127568105362,BERTRAND,Julie,1955-12-25,M,75
IPP0003934,210077857583490,ROBERT,Nicolas,2010-07-27,F,78
IPP0003935,195037818697271,DAVID,Julie,1995-03-28,M,78
IPP0003936,205059214590844,VINCENT,Antoine,2005-05-23,F,92
IPP0003937,284109283013052,ROBERT,Paul,1984-10-04,F,92
IPP0003938,139059333188819,PETIT,Nicolas,1939-05-21,M,93
IPP0003939,143109386434276,GIRARD,Lea,1943-10-16,M,93
IPP0003940,270087738793714,MICHEL,Paul,1970-08-09,F,77
IPP0003941,177117828729487,DUBOIS,Sophie,1977-11-27,M,78
IPP0003942,118097808821967,GARCIA,Thomas,2018-09-22,M,78
IPP0003943,195017814806054,DURAND,Manon,1995-01-22,M,78
IPP0003944,118109585897518,DAVID,Antoine,2018-10-07,M,95
IPP0003945,242097788350945,DUBOIS,Marc,1942-09-25,F,77
IPP0003946,215037596907751,MOREAU,Antoine,2015-03-06,F,75
IPP0003947,155047799906231,THOMAS,Sophie,1955-04-11,M,77
IPP0003948,186039493439938,MARTIN,Paul,1986-03-18,M,94
IPP0003949,195089194329973,BERTRAND,Sarah,1995-08-25,M,91
IPP0003950,103019544611258,FOURNIER,Julie,2003-01-14,M,95
IPP0003951,278037800349531,DAVID,Sarah,1978-03-24,F,78
IPP0003952,111079251115185,BERNARD,Lea,2011-07-06,M,92
IPP0003953,201017710651411,GARCIA,Louis,2001-01-22,F,77
IPP0003954,135049339786684,SIMON,Hugo,1935-04-27,M,93
IPP0003955,262109530611206,MOREL,Ines,1962-10-14,F,95
IPP0003956,181019462469936,MARTIN,Nicolas,1981-01-11,M,94
IPP0003957,202019566101608,LEROY,Lea,2002-01-19,F,95
IPP0003958,173119570005589,THOMAS,Manon,1973-11-04,M,95
IPP0003959,177099219340756,FOURNIER,Luc,1977-09-19,M,92
IPP0003960,289017718012180,LAURENT,Julie,1989-01-15,F,77
IPP0003961,106049174714228,LAURENT,Emma,2006-04-21,M,91
IPP0003962,230039243458642,MARTIN,Manon,1930-03-06,F,92
IPP0003963,276057514588653,GIRARD,Julie,1976-05-17,F,75
IPP0003964,177097719769949,GIRARD,Pierre,1977-09-08,M,77
IPP0003965,182069490782386,LAURENT,Pierre,1982-06-15,M,94
IPP0003966,269069158822360,MICHEL,Sophie,1969-06-09,F,91
IPP0003967,150127704993003,DUBOIS,Luc,1950-12-03,M,77
IPP0003968,154027837752678,MOREL,Sarah,1954-02-19,M,78
IPP0003969,158069510350565,ROUX,Pierre,1958-06-26,M,95
IPP0003970,219017535442181,VINCENT,Thomas,2019-01-07,F,75
IPP0003971,103059326093286,GARCIA,Jean,2003-05-03,M,93
IPP0003972,241079478065030,FOURNIER,Louis,1941-07-09,F,94
IPP0003973,256049157326605,THOMAS,Manon,1956-04-15,F,91
IPP0003974,281089187906352,MARTIN,Nicolas,1981-08-15,F,91
IPP0003975,258059569365101,LEROY,Pierre,1958-05-11,F,95
IPP0003976,260019418227156,MOREL,Camille,1960-01-08,F,94
IPP0003977,272087812079983,MARTIN,Lea,1972-08-09,F,78
IPP0003978,298017771889588,BERTRAND,Paul,1998-01-19,F,77
IPP0003979,199029102187890,LAURENT,Lea,1999-02-12,M,91
IPP0003980,191017883859465,SIMON,Sarah,1991-01-15,M,78
IPP0003981,245027549697721,MOREL,Sarah,1945-02-04,F,75
IPP0003982,269087769076272,MICHEL,Camille,1969-08-12,F,77
IPP0003983,289039515617105,GARCIA,Louis,1989-03-17,F,95
IPP0003984,167097796669772,MARTIN,Paul,1967-09-11,M,77
IPP0003985,107099154287940,MICHEL,Camille,2007-09-09,M,91
IPP0003986,185079394588739,DAVID,Pierre,1985-07-24,M,93
IPP0003987,196039503564060,BERTRAND,Thomas,1996-03-14,M,95
IPP0003988,286109504277672,DURAND,Louis,1986-10-12,F,95
IPP0003989,248079548060473,PETIT,Thomas,1948-07-08,F,95
IPP0003990,115029577824563,MICHEL,Sophie,2015-02-02,M,95
IPP0003991,100109319267786,BERNARD,Camille,2000-10-14,M,93
IPP0003992,166049419870117,LEROY,Marie,1966-04-06,M,94
IPP0003993,157109425928711,GARCIA,Jean,1957-10-19,M,94
IPP0003994,220019158099803,MOREAU,Julie,2020-01-27,F,91
IPP0003995,181109319635010,BERTRAND,Manon,1981-10-12,M,93
IPP0003996,271037709314093,VINCENT,Hugo,1971-03-20,F,77
IPP0003997,191127503480578,GARCIA,Marc,1991-12-27,M,75
IPP0003998,297097754549139,LAURENT,Julie,1997-09-11,F,77
IPP0003999,144107526317190,MICHEL,Chloe,1944-10-21,M,75
IPP0004000,248097533225403,BERTRAND,Camille,1948-09-26,F,75
IPP0004001,246067549257177,DAVID,Manon,1946-06-11,F,75
IPP0004002,299079304423519,MOREL,Luc,1999-07-01,F,93
IPP0004003,145049503692430,DUBOIS,Ines,1945-04-03,M,95
IPP0004004,201079497560763,MOREL,Luc,2001-07-14,F,94
IPP0004005,202099516494255,VINCENT,Sarah,2002-09-25,F,95
IPP0004006,119029382531887,MOREL,Chloe,2019-02-09,M,93
IPP0004007,252109248693874,MOREL,Nicolas,1952-10-27,F,92
IPP0004008,268027524120046,PETIT,Manon,1968-02-14,F,75
IPP0004009,190017808171901,BERNARD,Emma,1990-01-01,M,78
IPP0004010,269069215496292,MARTIN,Luc,1969-06-22,F,92
IPP0004011,120117508574138,ROUX,Chloe,2020-11-25,M,75
IPP0004012,276059128354392,ROUX,Ines,1976-05-03,F,91
IPP0004013,114127589091085,MOREAU,Nicolas,2014-12-03,M,75
IPP0004014,246087579910102,MICHEL,Emma,1946-08-11,F,75
IPP0004015,217119525928371,PETIT,Marie,2017-11-19,F,95
IPP0004016,180017830075395,FOURNIER,Paul,1980-01-16,M,78
IPP0004017,131109514692434,LEROY,Manon,1931-10-12,M,95
IPP0004018,180097543705197,DUBOIS,Marc,1980-09-23,M,75
IPP0004019,287109413841157,ROUX,Pierre,1987-10-05,F,94
IPP0004020,214099263665036,BERTRAND,Jean,2014-09-11,F,92
IPP0004021,176019258044368,ROUX,Ines,1976-01-24,M,92
IPP0004022,215039335907618,MOREL,Luc,2015-03-01,F,93
IPP0004023,145097813024478,LEROY,Luc,1945-09-05,M,78
IPP0004024,230059477348935,MOREL,Hugo,1930-05-19,F,94
IPP0004025,105027893733136,THOMAS,Pierre,2005-02-11,M,78
IPP0004026,257109508629077,GIRARD,Emma,1957-10-21,F,95
IPP0004027,189069531071382,THOMAS,Lea,1989-06-27,M,95
IPP0004028,168099584724468,MOREL,Camille,1968-09-26,M,95
IPP0004029,179039253094875,FOURNIER,Julie,1979-03-12,M,92
IPP0004030,152059574646112,LEROY,Camille,1952-05-21,M,95
IPP0004031,291037730519669,SIMON,Paul,1991-03-25,F,77
IPP0004032,268109516961917,GARCIA,Chloe,1968-10-15,F,95
IPP0004033,244067722991603,VINCENT,Marie,1944-06-13,F,77
IPP0004034,108109427795144,FOURNIER,Jean,2008-10-02,M,94
IPP0004035,246059198505205,MARTIN,Marie,1946-05-16,F,91
IPP0004036,231109171636343,ROUX,Julie,1931-10-03,F,91
IPP0004037,283039341639292,ROBERT,Luc,1983-03-10,F,93
IPP0004038,263107522742334,GIRARD,Julie,1963-10-05,F,75
IPP0004039,106027794685197,BERNARD,Sophie,2006-02-23,M,77
IPP0004040,248089296772883,THOMAS,Thomas,1948-08-08,F,92
IPP0004041,153079226550410,LAURENT,Camille,1953-07-10,M,92
IPP0004042,131117712994159,GIRARD,Julie,1931-11-03,M,77
IPP0004043,172107746082158,SIMON,Emma,1972-10-17,M,77
IPP0004044,103099485581346,LAURENT,Ines,2003-09-21,M,94
IPP0004045,217079580748945,DUBOIS,Chloe,2017-07-23,F,95
IPP0004046,106019317144228,PETIT,Lea,2006-01-26,M,93
IPP0004047,260077504473771,DURAND,Luc,1960-07-11,F,75
IPP0004048,103017544330807,BERTRAND,Camille,2003-01-23,M,75
IPP0004049,112059346351682,ROUX,Julie,2012-05-10,M,93
IPP0004050,270057573294442,SIMON,Emma,1970-05-22,F,75
IPP0004051,145079561414804,BERNARD,Camille,1945-07-20,M,95
IPP0004052,276059463720214,SIMON,Julie,1976-05-19,F,94
IPP0004053,205017887521803,MOREL,Emma,2005-01-09,F,78
IPP0004054,252099434346811,DURAND,Julie,1952-09-16,F,94
IPP0004055,158049523928454,LAURENT,Julie,1958-04-01,M,95
IPP0004056,136039131810404,PETIT,Luc,1936-03-08,M,91
IPP0004057,290057819673244,BERTRAND,Emma,1990-05-01,F,78
IPP0004058,160047533293859,DUBOIS,Nicolas,1960-04-12,M,75
IPP0004059,146049333509938,MARTIN,Sarah,1946-04-27,M,93
IPP0004060,176069505682480,MOREL,Marc,1976-06-11,M,95
IPP0004061,164037797035059,GARCIA,Lea,1964-03-05,M,77
IPP0004062,140109338183360,MICHEL,Pierre,1940-10-20,M,93
IPP0004063,171047596449812,VINCENT,Pierre,1971-04-17,M,75
IPP0004064,161127535873348,LEROY,Lea,1961-12-12,M,75
IPP0004065,238109511334249,ROUX,Hugo,1938-10-23,F,95
IPP0004066,293029181723784,PETIT,Antoine,1993-02-13,F,91
IPP0004067,165077586180335,DAVID,Sophie,1965-07-08,M,75
IPP0004068,247027891497214,DAVID,Julie,1947-02-22,F,78
IPP0004069,246017547044705,DUBOIS,Hugo,1946-01-28,F,75
IPP0004070,167037862257611,GARCIA,Antoine,1967-03-02,M,78
IPP0004071,215119547289950,DUBOIS,Lea,2015-11-14,F,95
IPP0004072,117049102593583,VINCENT,Marie,2017-04-23,M,91
IPP0004073,143017778477305,DAVID,Sophie,1943-01-03,M,77
IPP0004074,157109585252694,VINCENT,Antoine,1957-10-05,M,95
IPP0004075,198107528881923,GARCIA,Sophie,1998-10-07,M,75
IPP0004076,261099241899152,VINCENT,Sarah,1961-09-17,F,92
IPP0004077,241097895543122,GIRARD,Marie,1941-09-27,F,78
IPP0004078,210019134341043,FOURNIER,Manon,2010-01-22,F,91
IPP0004079,178087501349143,ROBERT,Sarah,1978-08-06,M,75
IPP0004080,130129269068523,SIMON,Thomas,1930-12-21,M,92
IPP0004081,110049436143181,SIMON,Jean,2010-04-15,M,94
IPP0004082,296047598354758,LEROY,Marie,1996-04-24,F,75
IPP0004083,207087810665747,MOREAU,Chloe,2007-08-17,F,78
IPP0004084,207099147391485,DUBOIS,Marc,2007-09-07,F,91
IPP0004085,291057596744627,GARCIA,Antoine,1991-05-19,F,75
IPP0004086,287067878250424,THOMAS,Pierre,1987-06-03,F,78
IPP0004087,268067536068532,GIRARD,Chloe,1968-06-14,F,75
IPP0004088,256059251605077,BERTRAND,Paul,1956-05-08,F,92
IPP0004089,132129335854210,MICHEL,Camille,1932-12-02,M,93
IPP0004090,257049572148935,ROUX,Julie,1957-04-25,F,95
IPP0004091,116049150870534,FOURNIER,Sarah,2016-04-04,M,91
IPP0004092,105039111138184,SIMON,Manon,2005-03-27,M,91
IPP0004093,216039214826922,BERNARD,Luc,2016-03-01,F,92
IPP0004094,267067567406016,LAURENT,Lea,1967-06-11,F,75
IPP0004095,194127568257821,MOREL,Manon,1994-12-24,M,75
IPP0004096,102089524353368,VINCENT,Sarah,2002-08-13,M,95
IPP0004097,169079122001426,DURAND,Lea,1969-07-04,M,91
IPP0004098,197047502903195,MOREL,Pierre,1997-04-25,M,75
IPP0004099,258067763496024,LEROY,Jean,1958-06-06,F,77
IPP0004100,218129244958237,MOREL,Camille,2018-12-09,F,92
IPP0004101,264079115752548,GIRARD,Sarah,1964-07-25,F,91
IPP0004102,175029116114926,LAURENT,Luc,1975-02-17,M,91
IPP0004103,271117500517072,ROBERT,Julie,1971-11-13,F,75
IPP0004104,146047538239282,BERTRAND,Thomas,1946-04-10,M,75
IPP0004105,153067853257848,BERNARD,Marc,1953-06-03,M,78
IPP0004106,196117534507247,DAVID,Nicolas,1996-11-06,M,75
IPP0004107,235129287118536,DURAND,Louis,1935-12-18,F,92
IPP0004108,192097779028379,ROUX,Ines,1992-09-18,M,77
IPP0004109,104099442708582,LAURENT,Luc,2004-09-13,M,94
IPP0004110,280107731131137,ROBERT,Jean,1980-10-11,F,77
IPP0004111,150059325855068,FOURNIER,Nicolas,1950-05-23,M,93
IPP0004112,139049524147456,DUBOIS,Lea,1939-04-28,M,95
IPP0004113,235049293654622,BERNARD,Luc,1935-04-03,F,92
IPP0004114,216079294327097,THOMAS,Ines,2016-07-21,F,92
IPP0004115,115107539308822,MARTIN,Marc,2015-10-14,M,75
IPP0004116,241099285110583,MOREL,Ines,1941-09-19,F,92
IPP0004117,170079391031271,ROUX,Camille,1970-07-22,M,93
IPP0004118,167029426908175,MOREAU,Pierre,1967-02-02,M,94
IPP0004119,138099296787903,FOURNIER,Sophie,1938-09-04,M,92
IPP0004120,231069416132301,THOMAS,Thomas,1931-06-03,F,94
IPP0004121,169057551537047,DAVID,Jean,1969-05-15,M,75
IPP0004122,236079230467732,VINCENT,Thomas,1936-07-15,F,92
IPP0004123,138019226982910,MICHEL,Nicolas,1938-01-07,M,92
IPP0004124,270089346933651,ROUX,Ines,1970-08-05,F,93
IPP0004125,236087702822864,DURAND,Thomas,1936-08-24,F,77
IPP0004126,263109500461971,LEROY,Julie,1963-10-21,F,95
IPP0004127,120047709219118,GARCIA,Lea,2020-04-13,M,77
IPP0004128,130079417243760,BERTRAND,Chloe,1930-07-01,M,94
IPP0004129,138127535750179,GARCIA,Julie,1938-12-21,M,75
IPP0004130,117017554761862,GARCIA,Hugo,2017-01-03,M,75
IPP0004131,282027823240622,BERNARD,Nicolas,1982-02-06,F,78
IPP0004132,232019529897431,VINCENT,Nicolas,1932-01-09,F,95
IPP0004133,206059179465115,MOREL,Antoine,2006-05-18,F,91
IPP0004134,295059247901389,LEROY,Nicolas,1995-05-17,F,92
IPP0004135,133019500577203,DUBOIS,Thomas,1933-01-15,M,95
IPP0004136,258117858893032,SIMON,Ines,1958-11-16,F,78
IPP0004137,155019211495416,DUBOIS,Thomas,1955-01-15,M,92
IPP0004138,103129185305424,BERNARD,Marc,2003-12-25,M,91
IPP0004139,151027730108959,MICHEL,Hugo,1951-02-09,M,77
IPP0004140,287059423968271,VINCENT,Lea,1987-05-08,F,94
IPP0004141,219069323558277,THOMAS,Sarah,2019-06-12,F,93
IPP0004142,157127825092906,MARTIN,Marie,1957-12-08,M,78
IPP0004143,209129339464204,GARCIA,Chloe,2009-12-26,F,93
IPP0004144,179129566485294,BERTRAND,Julie,1979-12-04,M,95
IPP0004145,188047778243886,ROBERT,Marc,1988-04-19,M,77
IPP0004146,249047886753945,GARCIA,Hugo,1949-04-26,F,78
IPP0004147,109039567583263,GARCIA,Manon,2009-03-28,M,95
IPP0004148,214029294898229,LEROY,Marc,2014-02-09,F,92
IPP0004149,145089145196035,BERNARD,Camille,1945-08-20,M,91
IPP0004150,176069249089469,LEROY,Hugo,1976-06-18,M,92
IPP0004151,207039239814076,LAURENT,Jean,2007-03-04,F,92
IPP0004152,219109495789860,MICHEL,Marc,2019-10-18,F,94
IPP0004153,268079501610529,SIMON,Hugo,1968-07-07,F,95
IPP0004154,292019461473502,LEROY,Marc,1992-01-28,F,94
IPP0004155,190129274255419,GARCIA,Nicolas,1990-12-27,M,92
IPP0004156,176067533802540,GIRARD,Emma,1976-06-05,M,75
IPP0004157,236019280398284,THOMAS,Marie,1936-01-02,F,92
IPP0004158,171079107386790,MOREL,Thomas,1971-07-03,M,91
IPP0004159,101057799279041,GIRARD,Antoine,2001-05-26,M,77
IPP0004160,147029400204976,FOURNIER,Antoine,1947-02-28,M,94
IPP0004161,113047768299593,GARCIA,Louis,2013-04-17,M,77
IPP0004162,117119149013147,DURAND,Paul,2017-11-23,M,91
IPP0004163,137057754212823,ROUX,Thomas,1937-05-22,M,77
IPP0004164,110077899332540,DAVID,Pierre,2010-07-28,M,78
IPP0004165,146029390014483,MARTIN,Camille,1946-02-25,M,93
IPP0004166,140099184229595,THOMAS,Sarah,1940-09-24,M,91
IPP0004167,238119484903052,ROBERT,Paul,1938-11-21,F,94
IPP0004168,263029162324591,DAVID,Antoine,1963-02-23,F,91
IPP0004169,170119242486824,BERTRAND,Camille,1970-11-20,M,92
IPP0004170,231049480159294,DUBOIS,Louis,1931-04-05,F,94
IPP0004171,114039380892260,FOURNIER,Luc,2014-03-11,M,93
IPP0004172,288029191061769,LEROY,Thomas,1988-02-06,F,91
IPP0004173,207107886688144,PETIT,Emma,2007-10-19,F,78
IPP0004174,253107726530926,VINCENT,Marc,1953-10-14,F,77
IPP0004175,110079152011623,THOMAS,Pierre,2010-07-25,M,91
IPP0004176,258049126402509,GIRARD,Antoine,1958-04-02,F,91
IPP0004177,171099508886254,LAURENT,Hugo,1971-09-16,M,95
IPP0004178,206117579065676,GARCIA,Emma,2006-11-22,F,75
IPP0004179,297087517694523,MICHEL,Louis,1997-08-20,F,75
IPP0004180,118037797840083,LEROY,Thomas,2018-03-01,M,77
IPP0004181,144079140574316,MARTIN,Paul,1944-07-06,M,91
IPP0004182,154067707554988,MARTIN,Emma,1954-06-17,M,77
IPP0004183,274119548078936,LEROY,Thomas,1974-11-20,F,95
IPP0004184,107067878235569,DUBOIS,Louis,2007-06-16,M,78
IPP0004185,162127769908860,DUBOIS,Pierre,1962-12-15,M,77
IPP0004186,216049501322475,VINCENT,Camille,2016-04-13,F,95
IPP0004187,175079588444234,THOMAS,Sophie,1975-07-21,M,95
IPP0004188,176099321121323,MARTIN,Jean,1976-09-10,M,93
IPP0004189,176077576197197,VINCENT,Luc,1976-07-08,M,75
IPP0004190,110059352447837,LEROY,Emma,2010-05-21,M,93
IPP0004191,135089408617653,BERTRAND,Julie,1935-08-22,M,94
IPP0004192,275057815318990,MARTIN,Sarah,1975-05-18,F,78
IPP0004193,130029586602413,FOURNIER,Lea,1930-02-20,M,95
IPP0004194,199089244869941,PETIT,Sarah,1999-08-09,M,92
IPP0004195,256117806816109,GIRARD,Hugo,1956-11-13,F,78
IPP0004196,272027501998007,MICHEL,Pierre,1972-02-22,F,75
IPP0004197,195027770655135,MOREAU,Luc,1995-02-20,M,77
IPP0004198,184037501421512,DAVID,Jean,1984-03-07,M,75
IPP0004199,247037804015801,VINCENT,Julie,1947-03-08,F,78
IPP0004200,120047770014659,MOREAU,Paul,2020-04-22,M,77
IPP0004201,272049244678659,MOREL,Luc,1972-04-19,F,92
IPP0004202,107029172740689,LEROY,Sophie,2007-02-28,M,91
IPP0004203,284109574569318,SIMON,Jean,1984-10-13,F,95
IPP0004204,156017828693257,MOREAU,Pierre,1956-01-09,M,78
IPP0004205,179029127159561,BERTRAND,Jean,1979-02-14,M,91
IPP0004206,117097780875328,LAURENT,Manon,2017-09-10,M,77
IPP0004207,142069250241709,SIMON,Luc,1942-06-24,M,92
IPP0004208,218037560113324,SIMON,Sophie,2018-03-17,F,75
IPP0004209,175017567062522,DAVID,Ines,1975-01-11,M,75
IPP0004210,242129412633811,PETIT,Hugo,1942-12-24,F,94
IPP0004211,250129313767744,FOURNIER,Marie,1950-12-08,F,93
IPP0004212,294099566445645,SIMON,Julie,1994-09-07,F,95
IPP0004213,264127750941547,PETIT,Hugo,1964-12-02,F,77
IPP0004214,106069209011975,LAURENT,Emma,2006-06-02,M,92
IPP0004215,270099185518640,BERTRAND,Thomas,1970-09-22,F,91
IPP0004216,181019245628317,FOURNIER,Louis,1981-01-08,M,92
IPP0004217,160017882292584,FOURNIER,Antoine,1960-01-09,M,78
IPP0004218,120109285755761,DAVID,Pierre,2020-10-16,M,92
IPP0004219,246039437798134,LAURENT,Lea,1946-03-20,F,94
IPP0004220,206037875581381,MICHEL,Louis,2006-03-02,F,78
IPP0004221,286069561462274,DUBOIS,Sophie,1986-06-15,F,95
IPP0004222,187109401972664,SIMON,Hugo,1987-10-26,M,94
IPP0004223,282037733378650,THOMAS,Pierre,1982-03-15,F,77
IPP0004224,230097899254417,MOREL,Thomas,1930-09-19,F,78
IPP0004225,143069318612010,DURAND,Paul,1943-06-22,M,93
IPP0004226,220099106300844,VINCENT,Paul,2020-09-20,F,91
IPP0004227,288079213468851,VINCENT,Louis,1988-07-22,F,92
IPP0004228,130117740092545,THOMAS,Sophie,1930-11-16,M,77
IPP0004229,103109559290672,GIRARD,Luc,2003-10-25,M,95
IPP0004230,243119195805090,LEROY,Paul,1943-11-11,F,91
IPP0004231,299097890484938,ROBERT,Antoine,1999-09-22,F,78
IPP0004232,212099152566878,THOMAS,Manon,2012-09-28,F,91
IPP0004233,260109171424957,BERNARD,Louis,1960-10-15,F,91
IPP0004234,112019450960277,SIMON,Ines,2012-01-16,M,94
IPP0004235,265067789182065,SIMON,Marc,1965-06-15,F,77
IPP0004236,135089376243706,ROBERT,Nicolas,1935-08-13,M,93
IPP0004237,266117778846351,MICHEL,Louis,1966-11-08,F,77
IPP0004238,118077725635032,MOREL,Antoine,2018-07-01,M,77
IPP0004239,108097547483285,GIRARD,Louis,2008-09-11,M,75
IPP0004240,276097846252010,LEROY,Sarah,1976-09-28,F,78
IPP0004241,283119238848920,VINCENT,Lea,1983-11-26,F,92
IPP0004242,169119586297930,DURAND,Marie,1969-11-02,M,95
IPP0004243,213119547798113,GARCIA,Sophie,2013-11-04,F,95
IPP0004244,170117550452179,FOURNIER,Paul,1970-11-01,M,75
IPP0004245,204039420373391,VINCENT,Hugo,2004-03-05,F,94
IPP0004246,231049159660210,GIRARD,Hugo,1931-04-07,F,91
IPP0004247,100067574619287,LEROY,Pierre,2000-06-22,M,75
IPP0004248,117079416347061,LEROY,Hugo,2017-07-11,M,94
IPP0004249,245059516026935,GIRARD,Marie,1945-05-20,F,95
IPP0004250,147037749449985,DUBOIS,Lea,1947-03-08,M,77
IPP0004251,208069472836680,LAURENT,Chloe,2008-06-02,F,94
IPP0004252,218089303804212,DAVID,Sophie,2018-08-02,F,93
IPP0004253,262029199831770,MOREAU,Chloe,1962-02-07,F,91
IPP0004254,290079311156560,MOREL,Julie,1990-07-04,F,93
IPP0004255,111037586342921,LAURENT,Jean,2011-03-16,M,75
IPP0004256,281029389115433,FOURNIER,Julie,1981-02-05,F,93
IPP0004257,176077743057191,MICHEL,Julie,1976-07-10,M,77
IPP0004258,162067883196349,LAURENT,Louis,1962-06-12,M,78
IPP0004259,236039472334196,DAVID,Jean,1936-03-14,F,94
IPP0004260,293087794681389,DURAND,Julie,1993-08-25,F,77
IPP0004261,192079459174156,GIRARD,Marie,1992-07-28,M,94
IPP0004262,216077553318342,LEROY,Nicolas,2016-07-02,F,75
IPP0004263,214037518997006,PETIT,Luc,2014-03-14,F,75
IPP0004264,102087869302449,GARCIA,Sophie,2002-08-12,M,78
IPP0004265,207019502594071,DUBOIS,Hugo,2007-01-14,F,95
IPP0004266,152019459986997,DURAND,Marc,1952-01-02,M,94
IPP0004267,208019161448881,PETIT,Sophie,2008-01-15,F,91
IPP0004268,253129470324407,LEROY,Louis,1953-12-03,F,94
IPP0004269,106039180266570,GIRARD,Luc,2006-03-19,M,91
IPP0004270,130067549208836,PETIT,Emma,1930-06-08,M,75
IPP0004271,235019390614980,VINCENT,Julie,1935-01-18,F,93
IPP0004272,286129346579955,BERNARD,Hugo,1986-12-09,F,93
IPP0004273,209099575355583,FOURNIER,Thomas,2009-09-11,F,95
IPP0004274,100039119915549,PETIT,Antoine,2000-03-02,M,91
IPP0004275,140037592429904,MOREAU,Camille,1940-03-14,M,75
IPP0004276,276097814175989,MOREAU,Sarah,1976-09-19,F,78
IPP0004277,231107566343751,MOREAU,Thomas,1931-10-14,F,75
IPP0004278,118117818237137,BERTRAND,Paul,2018-11-09,M,78
IPP0004279,200087748150784,FOURNIER,Manon,2000-08-23,F,77
IPP0004280,231087742732675,ROUX,Thomas,1931-08-01,F,77
IPP0004281,236079392763083,VINCENT,Antoine,1936-07-03,F,93
IPP0004282,249099340953578,BERNARD,Ines,1949-09-10,F,93
IPP0004283,195039272566034,GARCIA,Marc,1995-03-13,M,92
IPP0004284,186017820188718,ROUX,Pierre,1986-01-01,M,78
IPP0004285,234069155652805,MARTIN,Paul,1934-06-13,F,91
IPP0004286,118119131348408,MOREL,Chloe,2018-11-13,M,91
IPP0004287,148089492012753,PETIT,Marc,1948-08-19,M,94
IPP0004288,101119438368907,MOREAU,Pierre,2001-11-12,M,94
IPP0004289,232029263257018,MOREAU,Manon,1932-02-19,F,92
IPP0004290,196089248300229,VINCENT,Nicolas,1996-08-01,M,92
IPP0004291,243067549247925,THOMAS,Marie,1943-06-06,F,75
IPP0004292,266019423143568,FOURNIER,Louis,1966-01-10,F,94
IPP0004293,286109571715636,SIMON,Camille,1986-10-13,F,95
IPP0004294,115019209403602,MOREL,Jean,2015-01-11,M,92
IPP0004295,116089250956980,MICHEL,Jean,2016-08-02,M,92
IPP0004296,131069335768247,SIMON,Louis,1931-06-02,M,93
IPP0004297,250119472170015,GIRARD,Emma,1950-11-25,F,94
IPP0004298,140019363592363,ROUX,Chloe,1940-01-22,M,93
IPP0004299,264117865623641,GIRARD,Camille,1964-11-15,F,78
IPP0004300,206127726185295,PETIT,Chloe,2006-12-15,F,77
IPP0004301,179117768666591,PETIT,Marie,1979-11-22,M,77
IPP0004302,240079235879835,DURAND,Thomas,1940-07-10,F,92
IPP0004303,235117809692318,DURAND,Julie,1935-11-28,F,78
IPP0004304,208049580943445,GARCIA,Louis,2008-04-28,F,95
IPP0004305,278099178694091,MARTIN,Antoine,1978-09-04,F,91
IPP0004306,273089282881531,BERTRAND,Lea,1973-08-25,F,92
IPP0004307,176099152952225,DUBOIS,Marc,1976-09-10,M,91
IPP0004308,205107521797901,LAURENT,Antoine,2005-10-02,F,75
IPP0004309,251057569136566,BERTRAND,Marc,1951-05-24,F,75
IPP0004310,272019121518897,MOREAU,Chloe,1972-01-19,F,91
IPP0004311,170039210092355,THOMAS,Pierre,1970-03-15,M,92
IPP0004312,119099298654816,MOREAU,Camille,2019-09-12,M,92
IPP0004313,295107861122858,PETIT,Pierre,1995-10-18,F,78
IPP0004314,175109251368292,DURAND,Marie,1975-10-14,M,92
IPP0004315,218047771096060,FOURNIER,Jean,2018-04-21,F,77
IPP0004316,149039127215913,MICHEL,Ines,1949-03-22,M,91
IPP0004317,214037887234047,SIMON,Manon,2014-03-01,F,78
IPP0004318,103099594481167,FOURNIER,Sophie,2003-09-28,M,95
IPP0004319,138057762474796,FOURNIER,Marc,1938-05-16,M,77
IPP0004320,269077717959830,LEROY,Thomas,1969-07-01,F,77
IPP0004321,191127769948684,PETIT,Pierre,1991-12-18,M,77
IPP0004322,285029351234555,FOURNIER,Marie,1985-02-15,F,93
IPP0004323,274039343445725,DAVID,Ines,1974-03-20,F,93
IPP0004324,205099596448236,LAURENT,Lea,2005-09-17,F,95
IPP0004325,272099577730221,DUBOIS,Julie,1972-09-09,F,95
IPP0004326,230029374095949,MOREL,Paul,1930-02-20,F,93
IPP0004327,230129118771327,BERTRAND,Hugo,1930-12-11,F,91
IPP0004328,119107738691825,LEROY,Antoine,2019-10-07,M,77
IPP0004329,144037786254114,SIMON,Lea,1944-03-27,M,77
IPP0004330,207047841712215,DUBOIS,Chloe,2007-04-14,F,78
IPP0004331,200079371994413,LEROY,Marie,2000-07-05,F,93
IPP0004332,233117862925919,VINCENT,Jean,1933-11-14,F,78
IPP0004333,259027513572439,ROBERT,Thomas,1959-02-13,F,75
IPP0004334,260049485845114,PETIT,Sarah,1960-04-02,F,94
IPP0004335,198079329230676,BERTRAND,Chloe,1998-07-21,M,93
IPP0004336,254029213464135,DUBOIS,Paul,1954-02-26,F,92
IPP0004337,192099357192645,ROUX,Manon,1992-09-28,M,93
IPP0004338,180077871490436,SIMON,Chloe,1980-07-03,M,78
IPP0004339,295079436344412,LAURENT,Lea,1995-07-13,F,94
IPP0004340,196019334714346,DUBOIS,Emma,1996-01-06,M,93
IPP0004341,285107885597646,GIRARD,Marc,1985-10-02,F,78
IPP0004342,205127718055063,VINCENT,Emma,2005-12-20,F,77
IPP0004343,287019304624949,DUBOIS,Julie,1987-01-11,F,93
IPP0004344,108099509481204,PETIT,Paul,2008-09-18,M,95
IPP0004345,132049196839123,VINCENT,Camille,1932-04-28,M,91
IPP0004346,246089555939959,ROBERT,Camille,1946-08-28,F,95
IPP0004347,253089575738892,MARTIN,Julie,1953-08-05,F,95
IPP0004348,130099557523214,MOREAU,Thomas,1930-09-16,M,95
IPP0004349,130079484422891,MOREAU,Chloe,1930-07-06,M,94
IPP0004350,291049117819823,ROBERT,Thomas,1991-04-11,F,91
IPP0004351,212127505826137,LAURENT,Paul,2012-12-25,F,75
IPP0004352,297069522406357,ROBERT,Thomas,1997-06-23,F,95
IPP0004353,111119317556489,MICHEL,Thomas,2011-11-27,M,93
IPP0004354,169127704378279,ROBERT,Hugo,1969-12-06,M,77
IPP0004355,273059459381592,BERTRAND,Thomas,1973-05-14,F,94
IPP0004356,167029148999514,FOURNIER,Manon,1967-02-04,M,91
IPP0004357,176107741089131,BERTRAND,Julie,1976-10-14,M,77
IPP0004358,273077530598883,MOREAU,Antoine,1973-07-20,F,75
IPP0004359,215079421319251,PETIT,Ines,2015-07-16,F,94
IPP0004360,118037836154885,BERTRAND,Thomas,2018-03-10,M,78
IPP0004361,131119191316622,LEROY,Ines,1931-11-28,M,91
IPP0004362,270107798216441,DAVID,Marc,1970-10-27,F,77
IPP0004363,192077821206125,DUBOIS,Luc,1992-07-01,M,78
IPP0004364,158047571112180,LEROY,Antoine,1958-04-19,M,75
IPP0004365,241079425436590,DAVID,Manon,1941-07-05,F,94
IPP0004366,171099204055440,MARTIN,Sophie,1971-09-25,M,92
IPP0004367,257047785882849,DURAND,Hugo,1957-04-15,F,77
IPP0004368,288019550317089,VINCENT,Thomas,1988-01-05,F,95
IPP0004369,170079167663631,MICHEL,Thomas,1970-07-12,M,91
IPP0004370,275087862758473,MICHEL,Chloe,1975-08-11,F,78
IPP0004371,173069470564572,GARCIA,Luc,1973-06-21,M,94
IPP0004372,186027889791281,SIMON,Pierre,1986-02-10,M,78
IPP0004373,109067813575764,MICHEL,Luc,2009-06-06,M,78
IPP0004374,188119379477836,DUBOIS,Nicolas,1988-11-25,M,93
IPP0004375,242029309530763,MICHEL,Sarah,1942-02-20,F,93
IPP0004376,220059306282413,DURAND,Marie,2020-05-11,F,93
IPP0004377,190117747520834,MARTIN,Antoine,1990-11-13,M,77
IPP0004378,168017870087903,LEROY,Emma,1968-01-07,M,78
IPP0004379,151127701075538,PETIT,Louis,1951-12-10,M,77
IPP0004380,185047559025720,DUBOIS,Emma,1985-04-10,M,75
IPP0004381,100019336349043,MOREL,Hugo,2000-01-12,M,93
IPP0004382,120019562393675,MOREAU,Pierre,2020-01-10,M,95
IPP0004383,113047831041767,MARTIN,Pierre,2013-04-05,M,78
IPP0004384,144047775998755,LEROY,Marc,1944-04-26,M,77
IPP0004385,290029461678605,GIRARD,Camille,1990-02-07,F,94
IPP0004386,189079109019153,ROUX,Julie,1989-07-18,M,91
IPP0004387,246029215502723,PETIT,Ines,1946-02-25,F,92
IPP0004388,119129223004168,DUBOIS,Lea,2019-12-07,M,92
IPP0004389,201017557055968,VINCENT,Pierre,2001-01-06,F,75
IPP0004390,216077816219323,THOMAS,Louis,2016-07-10,F,78
IPP0004391,116107552615884,DUBOIS,Paul,2016-10-28,M,75
IPP0004392,171079409745391,ROBERT,Julie,1971-07-18,M,94
IPP0004393,210077530899863,DUBOIS,Sarah,2010-07-16,F,75
IPP0004394,131119263411871,VINCENT,Sarah,1931-11-07,M,92
IPP0004395,234067511524579,DURAND,Emma,1934-06-27,F,75
IPP0004396,161057760737743,DAVID,Jean,1961-05-26,M,77
IPP0004397,239059578940148,MICHEL,Marie,1939-05-17,F,95
IPP0004398,288069336772562,BERTRAND,Luc,1988-06-25,F,93
IPP0004399,139079412140418,MARTIN,Paul,1939-07-25,M,94
IPP0004400,212099209666820,BERNARD,Hugo,2012-09-24,F,92
IPP0004401,233049188179197,DURAND,Marie,1933-04-25,F,91
IPP0004402,281087535460971,GIRARD,Marc,1981-08-01,F,75
IPP0004403,206079488273357,ROBERT,Julie,2006-07-13,F,94
IPP0004404,118087550511149,LAURENT,Antoine,2018-08-02,M,75
IPP0004405,133109228167202,BERNARD,Manon,1933-10-16,M,92
IPP0004406,255049430622174,MARTIN,Nicolas,1955-04-06,F,94
IPP0004407,298087790371370,FOURNIER,Antoine,1998-08-10,F,77
IPP0004408,109119448034457,GIRARD,Jean,2009-11-06,M,94
IPP0004409,253037893655575,ROBERT,Chloe,1953-03-17,F,78
IPP0004410,265069221763682,THOMAS,Louis,1965-06-11,F,92
IPP0004411,233049379777062,LEROY,Camille,1933-04-10,F,93
IPP0004412,299099520140663,MOREL,Paul,1999-09-07,F,95
IPP0004413,160097526571247,LEROY,Camille,1960-09-01,M,75
IPP0004414,286067742443248,MOREAU,Antoine,1986-06-17,F,77
IPP0004415,291129240323728,ROUX,Pierre,1991-12-09,F,92
IPP0004416,134079246934128,MICHEL,Emma,1934-07-08,M,92
IPP0004417,291079226736718,VINCENT,Lea,1991-07-02,F,92
IPP0004418,195027726081952,DUBOIS,Chloe,1995-02-04,M,77
IPP0004419,252097772922002,GARCIA,Pierre,1952-09-04,F,77
IPP0004420,183099210531569,GARCIA,Jean,1983-09-13,M,92
IPP0004421,178029341076779,MARTIN,Hugo,1978-02-03,M,93
IPP0004422,273127738999507,MICHEL,Marc,1973-12-21,F,77
IPP0004423,180099151977273,MOREAU,Julie,1980-09-08,M,91
IPP0004424,287027520429830,MOREAU,Hugo,1987-02-09,F,75
IPP0004425,273109180743533,MARTIN,Jean,1973-10-12,F,91
IPP0004426,130029165914106,ROBERT,Sarah,1930-02-03,M,91
IPP0004427,158099592927408,ROBERT,Sophie,1958-09-13,M,95
IPP0004428,256079454837729,BERNARD,Louis,1956-07-26,F,94
IPP0004429,216117580960042,DURAND,Marc,2016-11-15,F,75
IPP0004430,107109170094107,MICHEL,Marie,2007-10-03,M,91
IPP0004431,138047787791384,MARTIN,Julie,1938-04-14,M,77
IPP0004432,297117719489314,ROUX,Thomas,1997-11-09,F,77
IPP0004433,131129383049907,MOREL,Hugo,1931-12-14,M,93
IPP0004434,220029360997885,MICHEL,Marc,2020-02-10,F,93
IPP0004435,208129159033860,SIMON,Luc,2008-12-13,F,91
IPP0004436,119087886644606,ROBERT,Sarah,2019-08-27,M,78
IPP0004437,251097511542584,DUBOIS,Thomas,1951-09-01,F,75
IPP0004438,164057771477076,LAURENT,Louis,1964-05-15,M,77
IPP0004439,159069283642017,DURAND,Manon,1959-06-22,M,92
IPP0004440,150079573609433,BERNARD,Marie,1950-07-09,M,95
IPP0004441,186019212970047,GIRARD,Lea,1986-01-15,M,92
IPP0004442,287079404287795,MOREAU,Louis,1987-07-03,F,94
IPP0004443,201057717864119,LEROY,Hugo,2001-05-03,F,77
IPP0004444,249099449517463,FOURNIER,Sarah,1949-09-07,F,94
IPP0004445,281119267621495,BERNARD,Luc,1981-11-16,F,92
IPP0004446,271079597472906,ROUX,Sophie,1971-07-09,F,95
IPP0004447,173099390574759,DUBOIS,Antoine,1973-09-18,M,93
IPP0004448,234117707595513,MARTIN,Sarah,1934-11-17,F,77
IPP0004449,144079230895667,GARCIA,Marc,1944-07-04,M,92
IPP0004450,278129299210604,MOREL,Antoine,1978-12-21,F,92
IPP0004451,137107882031189,PETIT,Lea,1937-10-15,M,78
IPP0004452,257127899472850,PETIT,Julie,1957-12-27,F,78
IPP0004453,215089547000583,BERNARD,Sarah,2015-08-10,F,95
IPP0004454,110039417734347,THOMAS,Emma,2010-03-11,M,94
IPP0004455,113127556499334,PETIT,Emma,2013-12-25,M,75
IPP0004456,291107563041959,GARCIA,Camille,1991-10-19,F,75
IPP0004457,148097893373783,DURAND,Manon,1948-09-14,M,78
IPP0004458,103119506542088,SIMON,Nicolas,2003-11-12,M,95
IPP0004459,143127519470063,ROUX,Jean,1943-12-01,M,75
IPP0004460,187019450053339,BERNARD,Antoine,1987-01-26,M,94
IPP0004461,220079416903819,ROUX,Marie,2020-07-25,F,94
IPP0004462,164099368971231,DAVID,Sarah,1964-09-09,M,93
IPP0004463,299089195770172,PETIT,Ines,1999-08-28,F,91
IPP0004464,274019581829428,MOREAU,Hugo,1974-01-28,F,95
IPP0004465,270089148340504,MICHEL,Marc,1970-08-05,F,91
IPP0004466,106099245860147,MOREAU,Sarah,2006-09-06,M,92
IPP0004467,203067519931575,LAURENT,Luc,2003-06-01,F,75
IPP0004468,137039340762706,LEROY,Marie,1937-03-14,M,93
IPP0004469,146127735417648,MICHEL,Thomas,1946-12-13,M,77
IPP0004470,160017547377221,MOREAU,Marie,1960-01-20,M,75
IPP0004471,259069152835287,ROBERT,Luc,1959-06-03,F,91
IPP0004472,289079537712680,ROBERT,Hugo,1989-07-24,F,95
IPP0004473,191117506473805,MICHEL,Paul,1991-11-19,M,75
IPP0004474,282109414050551,DAVID,Julie,1982-10-07,F,94
IPP0004475,163037871441038,PETIT,Antoine,1963-03-05,M,78
IPP0004476,189039451069197,PETIT,Emma,1989-03-26,M,94
IPP0004477,204047523983025,LEROY,Sarah,2004-04-04,F,75
IPP0004478,130097714667130,DURAND,Marc,1930-09-23,M,77
IPP0004479,156127527420345,DURAND,Julie,1956-12-15,M,75
IPP0004480,117029454728889,MICHEL,Nicolas,2017-02-21,M,94
IPP0004481,146069591356162,MARTIN,Marc,1946-06-21,M,95
IPP0004482,258087877195892,THOMAS,Sarah,1958-08-04,F,78
IPP0004483,203117591666919,GARCIA,Lea,2003-11-13,F,75
IPP0004484,220067774685289,ROBERT,Sophie,2020-06-10,F,77
IPP0004485,292119447563666,PETIT,Camille,1992-11-23,F,94
IPP0004486,233069364584421,BERTRAND,Paul,1933-06-07,F,93
IPP0004487,296099427074460,ROBERT,Antoine,1996-09-12,F,94
IPP0004488,111109461846844,GIRARD,Ines,2011-10-02,M,94
IPP0004489,216119469421764,DUBOIS,Chloe,2016-11-17,F,94
IPP0004490,160037877659679,DAVID,Chloe,1960-03-04,M,78
IPP0004491,240117513134066,MARTIN,Nicolas,1940-11-22,F,75
IPP0004492,285129165468831,BERNARD,Nicolas,1985-12-21,F,91
IPP0004493,258059148309677,SIMON,Louis,1958-05-16,F,91
IPP0004494,261037874263192,DUBOIS,Jean,1961-03-18,F,78
IPP0004495,197067715187828,ROUX,Nicolas,1997-06-06,M,77
IPP0004496,149027858077892,GARCIA,Julie,1949-02-11,M,78
IPP0004497,267049123461176,GIRARD,Marc,1967-04-19,F,91
IPP0004498,206059457057735,MICHEL,Hugo,2006-05-01,F,94
IPP0004499,283067820407742,ROUX,Marie,1983-06-14,F,78
IPP0004500,257019375787332,DUBOIS,Jean,1957-01-02,F,93
IPP0004501,189049122770042,PETIT,Chloe,1989-04-13,M,91
IPP0004502,214089317597020,DURAND,Lea,2014-08-07,F,93
IPP0004503,264109243768446,GARCIA,Jean,1964-10-07,F,92
IPP0004504,104027531056224,VINCENT,Camille,2004-02-02,M,75
IPP0004505,232129488076456,ROBERT,Camille,1932-12-15,F,94
IPP0004506,268089468148119,VINCENT,Chloe,1968-08-25,F,94
IPP0004507,210059544281519,BERNARD,Ines,2010-05-03,F,95
IPP0004508,106049294142509,SIMON,Chloe,2006-04-16,M,92
IPP0004509,131059583525334,MOREAU,Camille,1931-05-12,M,95
IPP0004510,203059581221943,LEROY,Manon,2003-05-09,F,95
IPP0004511,200017813451466,MOREL,Jean,2000-01-24,F,78
IPP0004512,279079256719622,BERTRAND,Manon,1979-07-12,F,92
IPP0004513,287089445628124,LEROY,Marc,1987-08-03,F,94
IPP0004514,235109152132710,GIRARD,Paul,1935-10-27,F,91
IPP0004515,180037806015469,LEROY,Marie,1980-03-24,M,78
IPP0004516,265079327295344,LEROY,Lea,1965-07-26,F,93
IPP0004517,175059161033892,PETIT,Sophie,1975-05-17,M,91
IPP0004518,143119103384334,LEROY,Antoine,1943-11-12,M,91
IPP0004519,238017521533907,SIMON,Camille,1938-01-17,F,75
IPP0004520,278077760282261,BERNARD,Paul,1978-07-01,F,77
IPP0004521,281057747144122,MOREL,Sophie,1981-05-15,F,77
IPP0004522,184029311983211,LAURENT,Marie,1984-02-06,M,93
IPP0004523,103117836056588,DAVID,Antoine,2003-11-13,M,78
IPP0004524,111107504480775,SIMON,Sophie,2011-10-21,M,75
IPP0004525,296109422238235,ROBERT,Manon,1996-10-08,F,94
IPP0004526,214079283522981,VINCENT,Hugo,2014-07-01,F,92
IPP0004527,230017880587626,ROUX,Paul,1930-01-06,F,78
IPP0004528,143019387730267,MICHEL,Thomas,1943-01-03,M,93
IPP0004529,199027539576684,DUBOIS,Ines,1999-02-12,M,75
IPP0004530,207109219593650,GARCIA,Chloe,2007-10-25,F,92
IPP0004531,175069268883359,MOREL,Julie,1975-06-04,M,92
IPP0004532,298089181567740,ROUX,Pierre,1998-08-03,F,91
IPP0004533,230097762597154,ROBERT,Ines,1930-09-01,F,77
IPP0004534,120037801850340,THOMAS,Ines,2020-03-25,M,78
IPP0004535,240039421383361,ROBERT,Pierre,1940-03-19,F,94
IPP0004536,165109398513933,BERNARD,Louis,1965-10-12,M,93
IPP0004537,235119449089417,DUBOIS,Sarah,1935-11-02,F,94
IPP0004538,276097839515953,BERTRAND,Marc,1976-09-18,F,78
IPP0004539,179079270894144,PETIT,Camille,1979-07-04,M,92
IPP0004540,134117539860787,MICHEL,Pierre,1934-11-08,M,75
IPP0004541,270089217311363,THOMAS,Manon,1970-08-22,F,92
IPP0004542,236119292112583,ROBERT,Julie,1936-11-03,F,92
IPP0004543,155017836659877,VINCENT,Sarah,1955-01-06,M,78
IPP0004544,137079322711862,SIMON,Hugo,1937-07-26,M,93
IPP0004545,201119286702130,MOREL,Nicolas,2001-11-23,F,92
IPP0004546,103077599129668,MICHEL,Jean,2003-07-28,M,75
IPP0004547,250029377305154,DURAND,Camille,1950-02-03,F,93
IPP0004548,196027779510689,FOURNIER,Jean,1996-02-13,M,77
IPP0004549,262129186004484,FOURNIER,Pierre,1962-12-26,F,91
IPP0004550,243059428043679,MOREL,Hugo,1943-05-02,F,94
IPP0004551,265107584041482,MARTIN,Louis,1965-10-12,F,75
IPP0004552,294019370996849,BERTRAND,Marc,1994-01-14,F,93
IPP0004553,280079470163420,FOURNIER,Chloe,1980-07-20,F,94
IPP0004554,192057708131312,ROBERT,Ines,1992-05-05,M,77
IPP0004555,167109595388102,BERTRAND,Camille,1967-10-12,M,95
IPP0004556,170047746641691,GARCIA,Ines,1970-04-22,M,77
IPP0004557,106067509940179,SIMON,Sarah,2006-06-07,M,75
IPP0004558,197119248130180,GARCIA,Antoine,1997-11-13,M,92
IPP0004559,204019113362421,BERTRAND,Nicolas,2004-01-05,F,91
IPP0004560,145079378873769,FOURNIER,Nicolas,1945-07-13,M,93
IPP0004561,231049327782885,GARCIA,Manon,1931-04-10,F,93
IPP0004562,291119240637971,GARCIA,Emma,1991-11-02,F,92
IPP0004563,292117516206564,MICHEL,Sarah,1992-11-10,F,75
IPP0004564,156029333115268,MOREAU,Emma,1956-02-23,M,93
IPP0004565,173039185203588,MARTIN,Antoine,1973-03-11,M,91
IPP0004566,296109190006575,BERTRAND,Emma,1996-10-10,F,91
IPP0004567,176019300964195,MICHEL,Julie,1976-01-11,M,93
IPP0004568,255029252827971,MICHEL,Camille,1955-02-07,F,92
IPP0004569,172109429668004,ROBERT,Julie,1972-10-27,M,94
IPP0004570,146129200762006,DUBOIS,Luc,1946-12-23,M,92
IPP0004571,263129281283476,MOREAU,Pierre,1963-12-08,F,92
IPP0004572,233099552522860,MOREAU,Paul,1933-09-26,F,95
IPP0004573,291109370689518,SIMON,Marie,1991-10-25,F,93
IPP0004574,142029323409535,DURAND,Sarah,1942-02-14,M,93
IPP0004575,194027598404465,MOREL,Nicolas,1994-02-21,M,75
IPP0004576,169037847553202,GIRARD,Camille,1969-03-14,M,78
IPP0004577,116069546399647,SIMON,Chloe,2016-06-12,M,95
IPP0004578,183047751553695,FOURNIER,Luc,1983-04-25,M,77
IPP0004579,193117831930380,PETIT,Luc,1993-11-05,M,78
IPP0004580,255069292147877,VINCENT,Manon,1955-06-04,F,92
IPP0004581,100017525625891,LAURENT,Chloe,2000-01-11,M,75
IPP0004582,100129352498634,ROUX,Emma,2000-12-17,M,93
IPP0004583,163089544638957,GARCIA,Marie,1963-08-13,M,95
IPP0004584,199097732972430,VINCENT,Thomas,1999-09-16,M,77
IPP0004585,115039532121347,DUBOIS,Paul,2015-03-02,M,95
IPP0004586,201069410638156,ROBERT,Nicolas,2001-06-20,F,94
IPP0004587,142117549386282,SIMON,Pierre,1942-11-21,M,75
IPP0004588,263049201682572,GARCIA,Pierre,1963-04-01,F,92
IPP0004589,266069195431497,MICHEL,Thomas,1966-06-05,F,91
IPP0004590,264049261081561,GIRARD,Sarah,1964-04-07,F,92
IPP0004591,145117823323338,LEROY,Marc,1945-11-28,M,78
IPP0004592,251109503009515,MARTIN,Marie,1951-10-14,F,95
IPP0004593,111057730961540,GIRARD,Sarah,2011-05-08,M,77
IPP0004594,299129164207131,VINCENT,Antoine,1999-12-12,F,91
IPP0004595,190097597172879,ROBERT,Sophie,1990-09-13,M,75
IPP0004596,203109562226257,DURAND,Thomas,2003-10-05,F,95
IPP0004597,258099592529656,MOREL,Marie,1958-09-05,F,95
IPP0004598,157029319123562,GIRARD,Hugo,1957-02-06,M,93
IPP0004599,201017529746213,DURAND,Sophie,2001-01-15,F,75
IPP0004600,297049156947541,SIMON,Thomas,1997-04-26,F,91
IPP0004601,293059501922715,GARCIA,Nicolas,1993-05-01,F,95
IPP0004602,275077568999105,BERTRAND,Nicolas,1975-07-01,F,75
IPP0004603,150099312488732,PETIT,Manon,1950-09-28,M,93
IPP0004604,145109488087703,VINCENT,Camille,1945-10-27,M,94
IPP0004605,191097778145136,ROBERT,Camille,1991-09-26,M,77
IPP0004606,220049420387158,MARTIN,Lea,2020-04-20,F,94
IPP0004607,212109158417182,BERNARD,Nicolas,2012-10-27,F,91
IPP0004608,214077755736161,LEROY,Sophie,2014-07-02,F,77
IPP0004609,155057721134923,VINCENT,Marc,1955-05-21,M,77
IPP0004610,144097788181839,DAVID,Chloe,1944-09-22,M,77
IPP0004611,149059203089444,GARCIA,Julie,1949-05-06,M,92
IPP0004612,201119577672535,MARTIN,Lea,2001-11-03,F,95
IPP0004613,178059208670641,DAVID,Hugo,1978-05-21,M,92
IPP0004614,276127858795544,MOREAU,Emma,1976-12-27,F,78
IPP0004615,109049494410736,DURAND,Camille,2009-04-16,M,94
IPP0004616,118079518250163,GARCIA,Thomas,2018-07-11,M,95
IPP0004617,296089537558236,DURAND,Chloe,1996-08-16,F,95
IPP0004618,239047709249888,MOREAU,Ines,1939-04-27,F,77
IPP0004619,104067598356175,FOURNIER,Lea,2004-06-08,M,75
IPP0004620,185089319720690,GIRARD,Ines,1985-08-28,M,93
IPP0004621,116089111837305,MARTIN,Marie,2016-08-28,M,91
IPP0004622,139029234331616,VINCENT,Jean,1939-02-08,M,92
IPP0004623,266039442399684,MOREAU,Sarah,1966-03-24,F,94
IPP0004624,139057509000384,VINCENT,Nicolas,1939-05-19,M,75
IPP0004625,179059572162155,MARTIN,Lea,1979-05-27,M,95
IPP0004626,173087539146631,GIRARD,Louis,1973-08-08,M,75
IPP0004627,289119146318637,BERNARD,Louis,1989-11-08,F,91
IPP0004628,245019378019922,BERTRAND,Emma,1945-01-26,F,93
IPP0004629,269049305937377,VINCENT,Nicolas,1969-04-22,F,93
IPP0004630,250059510768195,MICHEL,Chloe,1950-05-12,F,95
IPP0004631,209049547900840,THOMAS,Sophie,2009-04-06,F,95
IPP0004632,269119285498997,BERTRAND,Sarah,1969-11-20,F,92
IPP0004633,110039100583741,MOREL,Camille,2010-03-24,M,91
IPP0004634,282099177306593,BERNARD,Antoine,1982-09-18,F,91
IPP0004635,216109496535624,VINCENT,Nicolas,2016-10-16,F,94
IPP0004636,205059497271412,DURAND,Camille,2005-05-27,F,94
IPP0004637,264089339220669,ROBERT,Sarah,1964-08-02,F,93
IPP0004638,293117860940456,MOREAU,Hugo,1993-11-14,F,78
IPP0004639,213129163426622,MOREL,Marc,2013-12-13,F,91
IPP0004640,240069428287534,BERTRAND,Marc,1940-06-12,F,94
IPP0004641,212019326002550,MICHEL,Julie,2012-01-23,F,93
IPP0004642,293037557374371,MOREAU,Antoine,1993-03-20,F,75
IPP0004643,270047734189910,MARTIN,Julie,1970-04-21,F,77
IPP0004644,274057579299235,ROUX,Antoine,1974-05-18,F,75
IPP0004645,177049420474728,FOURNIER,Chloe,1977-04-18,M,94
IPP0004646,204049225441714,GIRARD,Nicolas,2004-04-06,F,92
IPP0004647,297017783180043,MARTIN,Sarah,1997-01-23,F,77
IPP0004648,188047709036168,MARTIN,Nicolas,1988-04-02,M,77
IPP0004649,152127532210662,BERNARD,Luc,1952-12-09,M,75
IPP0004650,276099564759636,DAVID,Paul,1976-09-08,F,95
IPP0004651,167077766443847,MOREAU,Nicolas,1967-07-15,M,77
IPP0004652,234049392649804,DURAND,Louis,1934-04-07,F,93
IPP0004653,263029380205595,MOREL,Lea,1963-02-11,F,93
IPP0004654,136029364450139,DAVID,Marie,1936-02-01,M,93
IPP0004655,298027811840243,SIMON,Antoine,1998-02-22,F,78
IPP0004656,205089520853150,DURAND,Julie,2005-08-16,F,95
IPP0004657,184027722191120,LAURENT,Thomas,1984-02-09,M,77
IPP0004658,264129487635089,MARTIN,Chloe,1964-12-16,F,94
IPP0004659,182019503074481,GARCIA,Antoine,1982-01-06,M,95
IPP0004660,272079506249305,DUBOIS,Manon,1972-07-25,F,95
IPP0004661,150109490573721,GARCIA,Sophie,1950-10-06,M,94
IPP0004662,102029450447386,MOREAU,Chloe,2002-02-05,M,94
IPP0004663,216029493293615,LEROY,Sarah,2016-02-23,F,94
IPP0004664,294087893971134,VINCENT,Jean,1994-08-01,F,78
IPP0004665,204027564482273,GARCIA,Chloe,2004-02-25,F,75
IPP0004666,133077550803758,BERTRAND,Antoine,1933-07-09,M,75
IPP0004667,198117745254493,MOREAU,Antoine,1998-11-21,M,77
IPP0004668,131047847421989,DAVID,Hugo,1931-04-09,M,78
IPP0004669,218117789926943,GIRARD,Luc,2018-11-01,F,77
IPP0004670,253097519412154,BERTRAND,Manon,1953-09-02,F,75
IPP0004671,114077725275837,DUBOIS,Camille,2014-07-26,M,77
IPP0004672,296067797126893,MOREAU,Marie,1996-06-24,F,77
IPP0004673,205049419199658,BERNARD,Thomas,2005-04-01,F,94
IPP0004674,285017815943481,GIRARD,Ines,1985-01-28,F,78
IPP0004675,145129321285446,BERNARD,Luc,1945-12-12,M,93
IPP0004676,278047598361596,PETIT,Julie,1978-04-08,F,75
IPP0004677,281067525103121,BERTRAND,Ines,1981-06-09,F,75
IPP0004678,175057582418577,BERTRAND,Paul,1975-05-26,M,75
IPP0004679,133027822109609,FOURNIER,Hugo,1933-02-05,M,78
IPP0004680,132059408168188,FOURNIER,Luc,1932-05-05,M,94
IPP0004681,118079382893195,BERNARD,Lea,2018-07-17,M,93
IPP0004682,118019493299190,BERNARD,Chloe,2018-01-19,M,94
IPP0004683,297059522393869,VINCENT,Chloe,1997-05-23,F,95
IPP0004684,292109460183152,VINCENT,Luc,1992-10-15,F,94
IPP0004685,272117824353996,THOMAS,Chloe,1972-11-22,F,78
IPP0004686,198039388169592,DURAND,Antoine,1998-03-16,M,93
IPP0004687,185059360136483,THOMAS,Antoine,1985-05-28,M,93
IPP0004688,253069570342987,VINCENT,Antoine,1953-06-12,F,95
IPP0004689,173067525005581,VINCENT,Sophie,1973-06-19,M,75
IPP0004690,209067726976092,VINCENT,Thomas,2009-06-28,F,77
IPP0004691,243117801684567,SIMON,Antoine,1943-11-26,F,78
IPP0004692,204127875503237,VINCENT,Louis,2004-12-04,F,78
IPP0004693,113059172929885,BERNARD,Julie,2013-05-10,M,91
IPP0004694,233089161095378,MICHEL,Chloe,1933-08-28,F,91
IPP0004695,206129437888273,LAURENT,Antoine,2006-12-26,F,94
IPP0004696,137099368015745,BERTRAND,Thomas,1937-09-25,M,93
IPP0004697,268089564350937,ROUX,Marc,1968-08-25,F,95
IPP0004698,203037790172636,THOMAS,Luc,2003-03-12,F,77
IPP0004699,195087775560166,LEROY,Sarah,1995-08-05,M,77
IPP0004700,208019506472834,SIMON,Hugo,2008-01-01,F,95
IPP0004701,206057758370573,DAVID,Thomas,2006-05-18,F,77
IPP0004702,243079320369555,MOREL,Hugo,1943-07-14,F,93
IPP0004703,214089333837392,MOREL,Julie,2014-08-04,F,93
IPP0004704,233039544245890,MOREAU,Ines,1933-03-25,F,95
IPP0004705,178059393479593,ROBERT,Sarah,1978-05-04,M,93
IPP0004706,116087820382570,DUBOIS,Lea,2016-08-13,M,78
IPP0004707,244129428310691,ROUX,Marie,1944-12-21,F,94
IPP0004708,173057857024786,SIMON,Chloe,1973-05-12,M,78
IPP0004709,209067894644651,PETIT,Sophie,2009-06-27,F,78
IPP0004710,201119438281456,ROUX,Camille,2001-11-07,F,94
IPP0004711,295017877700804,SIMON,Louis,1995-01-18,F,78
IPP0004712,133097530120620,DUBOIS,Sarah,1933-09-14,M,75
IPP0004713,177069557332951,PETIT,Pierre,1977-06-22,M,95
IPP0004714,204049157039391,BERNARD,Ines,2004-04-08,F,91
IPP0004715,138119103753777,MOREL,Antoine,1938-11-22,M,91
IPP0004716,212119203537838,MICHEL,Manon,2012-11-01,F,92
IPP0004717,106029237986207,DURAND,Emma,2006-02-03,M,92
IPP0004718,150077503462652,DURAND,Julie,1950-07-10,M,75
IPP0004719,103079560204404,PETIT,Jean,2003-07-08,M,95
IPP0004720,199099553217418,DUBOIS,Manon,1999-09-21,M,95
IPP0004721,197059553310294,DAVID,Thomas,1997-05-10,M,95
IPP0004722,281047790286439,ROBERT,Jean,1981-04-24,F,77
IPP0004723,168099219130280,PETIT,Nicolas,1968-09-23,M,92
IPP0004724,267089374683621,DAVID,Lea,1967-08-09,F,93
IPP0004725,233059478570192,PETIT,Sarah,1933-05-15,F,94
IPP0004726,282047853109627,FOURNIER,Sarah,1982-04-15,F,78
IPP0004727,268059331939877,VINCENT,Thomas,1968-05-20,F,93
IPP0004728,169059481358381,GIRARD,Hugo,1969-05-13,M,94
IPP0004729,141069141431910,ROBERT,Paul,1941-06-11,M,91
IPP0004730,231039181281393,MOREL,Jean,1931-03-21,F,91
IPP0004731,264109142968422,VINCENT,Pierre,1964-10-13,F,91
IPP0004732,114099359180194,ROBERT,Julie,2014-09-06,M,93
IPP0004733,164079514119128,BERNARD,Julie,1964-07-18,M,95
IPP0004734,256047705539778,DUBOIS,Paul,1956-04-16,F,77
IPP0004735,292057850851419,LEROY,Marie,1992-05-23,F,78
IPP0004736,272069170382037,LAURENT,Thomas,1972-06-19,F,91
IPP0004737,213117884682138,BERTRAND,Antoine,2013-11-26,F,78
IPP0004738,201117590836282,LAURENT,Pierre,2001-11-01,F,75
IPP0004739,180119566843535,MOREAU,Marc,1980-11-24,M,95
IPP0004740,257079347903888,MICHEL,Camille,1957-07-08,F,93
IPP0004741,162079490425888,MOREAU,Emma,1962-07-12,M,94
IPP0004742,137059270252349,DAVID,Thomas,1937-05-05,M,92
IPP0004743,288127814105262,LEROY,Hugo,1988-12-04,F,78
IPP0004744,110107868796790,MARTIN,Hugo,2010-10-03,M,78
IPP0004745,277119423032523,FOURNIER,Hugo,1977-11-04,F,94
IPP0004746,199027719393504,PETIT,Emma,1999-02-21,M,77
IPP0004747,284079419187542,ROUX,Louis,1984-07-23,F,94
IPP0004748,165039456209914,MARTIN,Nicolas,1965-03-07,M,94
IPP0004749,194109504504085,MICHEL,Luc,1994-10-03,M,95
IPP0004750,107027735847126,SIMON,Louis,2007-02-17,M,77
IPP0004751,276107534286861,ROBERT,Sarah,1976-10-20,F,75
IPP0004752,120039109898112,THOMAS,Lea,2020-03-12,M,91
IPP0004753,170099404632089,MARTIN,Sarah,1970-09-27,M,94
IPP0004754,276027543907943,MARTIN,Ines,1976-02-08,F,75
IPP0004755,147029529534878,DURAND,Thomas,1947-02-13,M,95
IPP0004756,166089304529164,LEROY,Pierre,1966-08-08,M,93
IPP0004757,186059218442495,DAVID,Camille,1986-05-08,M,92
IPP0004758,280019420741228,DUBOIS,Camille,1980-01-06,F,94
IPP0004759,273099178215082,MOREAU,Thomas,1973-09-01,F,91
IPP0004760,272069146896357,ROBERT,Marie,1972-06-05,F,91
IPP0004761,181117514846690,LAURENT,Sophie,1981-11-16,M,75
IPP0004762,130069156450039,BERNARD,Camille,1930-06-24,M,91
IPP0004763,170089299518321,DUBOIS,Antoine,1970-08-03,M,92
IPP0004764,179089483018512,LEROY,Chloe,1979-08-28,M,94
IPP0004765,103049401864524,MICHEL,Marc,2003-04-25,M,94
IPP0004766,204129289289224,DAVID,Hugo,2004-12-11,F,92
IPP0004767,237087719314991,THOMAS,Antoine,1937-08-19,F,77
IPP0004768,134039340670013,MOREAU,Camille,1934-03-09,M,93
IPP0004769,210119258802697,ROBERT,Marie,2010-11-11,F,92
IPP0004770,238117872831348,FOURNIER,Antoine,1938-11-03,F,78
IPP0004771,170029419529294,GARCIA,Chloe,1970-02-02,M,94
IPP0004772,158079400732465,ROUX,Chloe,1958-07-07,M,94
IPP0004773,254087500359210,FOURNIER,Lea,1954-08-23,F,75
IPP0004774,181059595246075,BERNARD,Luc,1981-05-08,M,95
IPP0004775,189017745206379,THOMAS,Emma,1989-01-27,M,77
IPP0004776,220129356692140,LEROY,Paul,2020-12-28,F,93
IPP0004777,241087839054264,THOMAS,Thomas,1941-08-21,F,78
IPP0004778,207087536461989,THOMAS,Sarah,2007-08-12,F,75
IPP0004779,118107578271987,DUBOIS,Marie,2018-10-08,M,75
IPP0004780,276109162278839,FOURNIER,Paul,1976-10-03,F,91
IPP0004781,113029491138535,SIMON,Sarah,2013-02-16,M,94
IPP0004782,196107774130883,BERNARD,Nicolas,1996-10-23,M,77
IPP0004783,220127795189110,MICHEL,Luc,2020-12-26,F,77
IPP0004784,203047847902203,ROUX,Nicolas,2003-04-27,F,78
IPP0004785,230109118589171,MARTIN,Sarah,1930-10-09,F,91
IPP0004786,284039346111438,MOREL,Emma,1984-03-21,F,93
IPP0004787,233039180775806,DUBOIS,Sophie,1933-03-27,F,91
IPP0004788,295019202862146,LEROY,Camille,1995-01-24,F,92
IPP0004789,105117786558675,MARTIN,Manon,2005-11-03,M,77
IPP0004790,113087589420276,ROBERT,Sarah,2013-08-02,M,75
IPP0004791,215037535395202,VINCENT,Thomas,2015-03-17,F,75
IPP0004792,292087508728509,MOREL,Thomas,1992-08-26,F,75
IPP0004793,119079390398273,THOMAS,Sophie,2019-07-17,M,93
IPP0004794,284119131444531,MARTIN,Sarah,1984-11-21,F,91
IPP0004795,255117840071322,MOREL,Sophie,1955-11-11,F,78
IPP0004796,149019299521038,MICHEL,Nicolas,1949-01-12,M,92
IPP0004797,102129581729033,VINCENT,Ines,2002-12-22,M,95
IPP0004798,175019536610997,DAVID,Thomas,1975-01-02,M,95
IPP0004799,297079519437282,FOURNIER,Sophie,1997-07-21,F,95
IPP0004800,144089526952254,BERTRAND,Lea,1944-08-24,M,95
IPP0004801,287107888562974,GIRARD,Hugo,1987-10-08,F,78
IPP0004802,257097839661909,MOREL,Louis,1957-09-08,F,78
IPP0004803,245039379203750,DUBOIS,Ines,1945-03-12,F,93
IPP0004804,137127743765641,MOREL,Sophie,1937-12-13,M,77
IPP0004805,178089258343104,MOREL,Louis,1978-08-04,M,92
IPP0004806,156067521864325,DUBOIS,Julie,1956-06-08,M,75
IPP0004807,201047865740306,VINCENT,Luc,2001-04-02,F,78
IPP0004808,277047886434029,PETIT,Camille,1977-04-08,F,78
IPP0004809,136037779556366,ROUX,Marc,1936-03-20,M,77
IPP0004810,294029357216234,GARCIA,Louis,1994-02-04,F,93
IPP0004811,167129246323736,MOREL,Emma,1967-12-12,M,92
IPP0004812,147109245266117,BERTRAND,Antoine,1947-10-08,M,92
IPP0004813,272019458266770,MOREAU,Thomas,1972-01-26,F,94
IPP0004814,212117833498950,ROUX,Sarah,2012-11-02,F,78
IPP0004815,202027720907642,ROBERT,Lea,2002-02-15,F,77
IPP0004816,168119435925413,VINCENT,Pierre,1968-11-11,M,94
IPP0004817,118067803387840,MOREL,Luc,2018-06-16,M,78
IPP0004818,250017752803675,DURAND,Nicolas,1950-01-20,F,77
IPP0004819,287119119190411,GIRARD,Marc,1987-11-12,F,91
IPP0004820,155109154938723,BERTRAND,Jean,1955-10-04,M,91
IPP0004821,271017723479328,MOREL,Marc,1971-01-13,F,77
IPP0004822,243019201730836,ROBERT,Sarah,1943-01-26,F,92
IPP0004823,263107828686272,MOREL,Luc,1963-10-07,F,78
IPP0004824,130029251855908,GIRARD,Camille,1930-02-28,M,92
IPP0004825,157039437946006,LAURENT,Paul,1957-03-25,M,94
IPP0004826,294119209233378,ROUX,Marie,1994-11-03,F,92
IPP0004827,168089105565931,DUBOIS,Camille,1968-08-12,M,91
IPP0004828,217039331085331,LAURENT,Hugo,2017-03-13,F,93
IPP0004829,283039398512768,LEROY,Hugo,1983-03-01,F,93
IPP0004830,279109314868004,LEROY,Louis,1979-10-23,F,93
IPP0004831,230089276945696,LEROY,Lea,1930-08-27,F,92
IPP0004832,165077594197582,GIRARD,Hugo,1965-07-13,M,75
IPP0004833,290117542805252,LEROY,Louis,1990-11-02,F,75
IPP0004834,136087811140143,DURAND,Hugo,1936-08-19,M,78
IPP0004835,139059275818267,MARTIN,Emma,1939-05-21,M,92
IPP0004836,167119534740946,DUBOIS,Nicolas,1967-11-04,M,95
IPP0004837,107067768185012,DUBOIS,Antoine,2007-06-14,M,77
IPP0004838,264029469120201,DAVID,Nicolas,1964-02-07,F,94
IPP0004839,231037896361292,DUBOIS,Hugo,1931-03-17,F,78
IPP0004840,219069245066372,GIRARD,Sophie,2019-06-18,F,92
IPP0004841,290097572133862,PETIT,Lea,1990-09-06,F,75
IPP0004842,151029265970337,THOMAS,Lea,1951-02-27,M,92
IPP0004843,103107751611639,SIMON,Sophie,2003-10-20,M,77
IPP0004844,230027871172110,GARCIA,Louis,1930-02-07,F,78
IPP0004845,104029342333066,ROBERT,Jean,2004-02-10,M,93
IPP0004846,150129246231050,BERNARD,Luc,1950-12-01,M,92
IPP0004847,109097771931536,DAVID,Ines,2009-09-21,M,77
IPP0004848,281067755707654,FOURNIER,Luc,1981-06-20,F,77
IPP0004849,253109467839589,BERTRAND,Hugo,1953-10-04,F,94
IPP0004850,183059293199061,LAURENT,Paul,1983-05-09,M,92
IPP0004851,144097591409817,THOMAS,Paul,1944-09-21,M,75
IPP0004852,196069410536853,GARCIA,Manon,1996-06-05,M,94
IPP0004853,160057795773303,MARTIN,Luc,1960-05-06,M,77
IPP0004854,162079148985492,DUBOIS,Julie,1962-07-06,M,91
IPP0004855,131039496085641,MOREAU,Emma,1931-03-11,M,94
IPP0004856,198077583445957,ROUX,Nicolas,1998-07-15,M,75
IPP0004857,169039466865064,MOREL,Manon,1969-03-20,M,94
IPP0004858,211129193248282,SIMON,Marie,2011-12-14,F,91
IPP0004859,292037546066695,LAURENT,Emma,1992-03-03,F,75
IPP0004860,218019485322473,BERNARD,Chloe,2018-01-01,F,94
IPP0004861,132129599094095,ROBERT,Lea,1932-12-22,M,95
IPP0004862,247069344335564,SIMON,Pierre,1947-06-09,F,93
IPP0004863,215099460818376,ROUX,Camille,2015-09-19,F,94
IPP0004864,104099322556959,THOMAS,Manon,2004-09-11,M,93
IPP0004865,195109166419741,PETIT,Thomas,1995-10-07,M,91
IPP0004866,296017528118592,LEROY,Chloe,1996-01-16,F,75
IPP0004867,213047859324145,DUBOIS,Pierre,2013-04-03,F,78
IPP0004868,217109369108356,DURAND,Hugo,2017-10-19,F,93
IPP0004869,169127535500883,ROUX,Jean,1969-12-15,M,75
IPP0004870,291067758029018,MOREL,Ines,1991-06-01,F,77
IPP0004871,255069151742753,DAVID,Luc,1955-06-15,F,91
IPP0004872,160097893459394,MICHEL,Pierre,1960-09-01,M,78
IPP0004873,200057828576703,PETIT,Emma,2000-05-24,F,78
IPP0004874,204069220183752,DURAND,Marie,2004-06-11,F,92
IPP0004875,208027709959606,DAVID,Paul,2008-02-12,F,77
IPP0004876,244129202761145,DAVID,Sarah,1944-12-23,F,92
IPP0004877,273029488282792,DAVID,Julie,1973-02-22,F,94
IPP0004878,275127596687440,LAURENT,Jean,1975-12-20,F,75
IPP0004879,238089590594402,ROBERT,Luc,1938-08-08,F,95
IPP0004880,163039586451518,BERTRAND,Marie,1963-03-14,M,95
IPP0004881,116039214452929,DUBOIS,Thomas,2016-03-07,M,92
IPP0004882,197109436296803,SIMON,Thomas,1997-10-21,M,94
IPP0004883,247029345276893,LAURENT,Louis,1947-02-03,F,93
IPP0004884,261089407309078,SIMON,Ines,1961-08-27,F,94
IPP0004885,160029116699853,LEROY,Marie,1960-02-01,M,91
IPP0004886,272107502824122,FOURNIER,Sophie,1972-10-09,F,75
IPP0004887,161127756197564,MICHEL,Pierre,1961-12-14,M,77
IPP0004888,135039331207811,MOREAU,Jean,1935-03-03,M,93
IPP0004889,187017799643374,DUBOIS,Camille,1987-01-05,M,77
IPP0004890,298089418977814,DUBOIS,Lea,1998-08-21,F,94
IPP0004891,231049398602288,MOREAU,Paul,1931-04-22,F,93
IPP0004892,215089474221087,SIMON,Lea,2015-08-09,F,94
IPP0004893,143017806889296,BERNARD,Jean,1943-01-14,M,78
IPP0004894,280017564530026,THOMAS,Paul,1980-01-03,F,75
IPP0004895,160067898476424,BERTRAND,Louis,1960-06-12,M,78
IPP0004896,247019577915145,ROBERT,Julie,1947-01-24,F,95
IPP0004897,284129367308856,ROUX,Nicolas,1984-12-15,F,93
IPP0004898,120099573356884,BERTRAND,Sarah,2020-09-26,M,95
IPP0004899,290127888606607,DURAND,Antoine,1990-12-15,F,78
IPP0004900,289119380921946,GIRARD,Manon,1989-11-03,F,93
IPP0004901,198109565965263,PETIT,Marie,1998-10-08,M,95
IPP0004902,294087528237087,THOMAS,Louis,1994-08-08,F,75
IPP0004903,270069195252343,DUBOIS,Thomas,1970-06-24,F,91
IPP0004904,165027551198588,MOREL,Nicolas,1965-02-18,M,75
IPP0004905,216019235789875,ROUX,Hugo,2016-01-08,F,92
IPP0004906,209049278655366,LAURENT,Julie,2009-04-19,F,92
IPP0004907,247017784831444,GIRARD,Paul,1947-01-12,F,77
IPP0004908,104039269157866,LAURENT,Marc,2004-03-15,M,92
IPP0004909,182047886843111,BERTRAND,Jean,1982-04-17,M,78
IPP0004910,136129278736450,DURAND,Thomas,1936-12-15,M,92
IPP0004911,253017836869961,MICHEL,Hugo,1953-01-22,F,78
IPP0004912,116067796077803,BERNARD,Thomas,2016-06-09,M,77
IPP0004913,288089366073326,ROBERT,Sophie,1988-08-23,F,93
IPP0004914,134089369668343,MARTIN,Marc,1934-08-25,M,93
IPP0004915,109059212880229,PETIT,Lea,2009-05-16,M,92
IPP0004916,243127868550445,FOURNIER,Jean,1943-12-15,F,78
IPP0004917,242017756643889,DAVID,Sarah,1942-01-23,F,77
IPP0004918,196077715398325,DAVID,Luc,1996-07-09,M,77
IPP0004919,268087757756225,DAVID,Sarah,1968-08-02,F,77
IPP0004920,144019547879889,MARTIN,Julie,1944-01-04,M,95
IPP0004921,150067571029371,SIMON,Julie,1950-06-15,M,75
IPP0004922,189047786138647,DAVID,Antoine,1989-04-05,M,77
IPP0004923,214057577321950,BERNARD,Marc,2014-05-20,F,75
IPP0004924,195029545364066,GIRARD,Antoine,1995-02-26,M,95
IPP0004925,163079329147996,MARTIN,Lea,1963-07-27,M,93
IPP0004926,143117509652459,DAVID,Lea,1943-11-07,M,75
IPP0004927,147047794536690,GARCIA,Chloe,1947-04-03,M,77
IPP0004928,195029537760949,DUBOIS,Sarah,1995-02-06,M,95
IPP0004929,132049492677839,BERTRAND,Marc,1932-04-09,M,94
IPP0004930,149069530403092,LAURENT,Paul,1949-06-13,M,95
IPP0004931,247069321112774,DUBOIS,Hugo,1947-06-03,F,93
IPP0004932,243119260785786,MARTIN,Luc,1943-11-03,F,92
IPP0004933,178019225475529,GARCIA,Louis,1978-01-16,M,92
IPP0004934,136019318107877,SIMON,Marc,1936-01-12,M,93
IPP0004935,112079567096990,LEROY,Chloe,2012-07-26,M,95
IPP0004936,101059332479451,DAVID,Sophie,2001-05-22,M,93
IPP0004937,182027868578373,GIRARD,Louis,1982-02-22,M,78
IPP0004938,264129181271972,DUBOIS,Manon,1964-12-05,F,91
IPP0004939,272069578279311,LAURENT,Manon,1972-06-07,F,95
IPP0004940,181097806254751,THOMAS,Marc,1981-09-05,M,78
IPP0004941,234039413720067,MICHEL,Manon,1934-03-26,F,94
IPP0004942,205047852405871,DURAND,Hugo,2005-04-27,F,78
IPP0004943,195097802994950,ROUX,Hugo,1995-09-01,M,78
IPP0004944,193129260070306,BERTRAND,Paul,1993-12-22,M,92
IPP0004945,263057818628874,ROUX,Sarah,1963-05-05,F,78
IPP0004946,291057758040086,MOREAU,Louis,1991-05-10,F,77
IPP0004947,134057782705535,BERNARD,Camille,1934-05-14,M,77
IPP0004948,179109340030547,FOURNIER,Camille,1979-10-18,M,93
IPP0004949,115087882221309,ROUX,Thomas,2015-08-12,M,78
IPP0004950,101067766982413,GARCIA,Jean,2001-06-21,M,77
IPP0004951,147027702548093,PETIT,Chloe,1947-02-01,M,77
IPP0004952,275129104509581,DAVID,Marie,1975-12-07,F,91
IPP0004953,148117748003281,BERTRAND,Louis,1948-11-24,M,77
IPP0004954,180039272448997,SIMON,Paul,1980-03-12,M,92
IPP0004955,117077522313579,MICHEL,Marie,2017-07-25,M,75
IPP0004956,117127725369107,GIRARD,Antoine,2017-12-25,M,77
IPP0004957,264037816070367,LEROY,Camille,1964-03-15,F,78
IPP0004958,193109174426992,LAURENT,Lea,1993-10-09,M,91
IPP0004959,209069575152033,THOMAS,Emma,2009-06-27,F,95
IPP0004960,254129572789614,SIMON,Luc,1954-12-04,F,95
IPP0004961,243099387114990,MOREAU,Jean,1943-09-08,F,93
IPP0004962,157109188468256,ROBERT,Sarah,1957-10-07,M,91
IPP0004963,243087772803263,MOREAU,Marie,1943-08-14,F,77
IPP0004964,279067810208391,PETIT,Manon,1979-06-22,F,78
IPP0004965,259099298801729,MICHEL,Jean,1959-09-03,F,92
IPP0004966,120039303948986,SIMON,Hugo,2020-03-18,M,93
IPP0004967,251099345379945,DAVID,Sarah,1951-09-23,F,93
IPP0004968,264039432671674,MOREAU,Paul,1964-03-07,F,94
IPP0004969,111089373345297,VINCENT,Paul,2011-08-07,M,93
IPP0004970,204037812304324,MARTIN,Luc,2004-03-03,F,78
IPP0004971,230089307026485,DURAND,Marc,1930-08-15,F,93
IPP0004972,202119199581035,LAURENT,Paul,2002-11-26,F,91
IPP0004973,238069525511526,MARTIN,Chloe,1938-06-12,F,95
IPP0004974,130099406857072,BERTRAND,Julie,1930-09-19,M,94
IPP0004975,115107548863817,DURAND,Julie,2015-10-12,M,75
IPP0004976,287049362748882,DURAND,Marc,1987-04-04,F,93
IPP0004977,169097591678681,PETIT,Thomas,1969-09-11,M,75
IPP0004978,207117553915309,DAVID,Manon,2007-11-27,F,75
IPP0004979,130109515517775,MARTIN,Manon,1930-10-02,M,95
IPP0004980,240039253559901,MOREAU,Chloe,1940-03-25,F,92
IPP0004981,161107858442460,BERNARD,Luc,1961-10-21,M,78
IPP0004982,156027883163624,GIRARD,Antoine,1956-02-27,M,78
IPP0004983,274027845780951,GIRARD,Jean,1974-02-15,F,78
IPP0004984,151047581444516,MARTIN,Ines,1951-04-01,M,75
IPP0004985,238087517497831,MOREAU,Sophie,1938-08-11,F,75
IPP0004986,133019150666628,MICHEL,Antoine,1933-01-15,M,91
IPP0004987,271067897300638,MOREL,Hugo,1971-06-22,F,78
IPP0004988,168067763484983,BERTRAND,Emma,1968-06-02,M,77
IPP0004989,180077769440397,ROBERT,Thomas,1980-07-20,M,77
IPP0004990,194079255493456,THOMAS,Lea,1994-07-11,M,92
IPP0004991,135059466756732,MOREAU,Hugo,1935-05-26,M,94
IPP0004992,117129115010903,ROUX,Nicolas,2017-12-09,M,91
IPP0004993,214049487958846,SIMON,Sophie,2014-04-10,F,94
IPP0004994,278087545357003,FOURNIER,Camille,1978-08-09,F,75
IPP0004995,298067763607850,DUBOIS,Marie,1998-06-15,F,77
IPP0004996,212079344029703,DUBOIS,Antoine,2012-07-15,F,93
IPP0004997,209049555162675,LAURENT,Paul,2009-04-21,F,95
IPP0004998,290019328658925,DURAND,Sophie,1990-01-03,F,93
IPP0004999,264069394991677,MOREAU,Julie,1964-06-22,F,93
IPP0005000,299019500330064,BERNARD,Sarah,1999-01-09,F,95
IPP0005001,179069538340449,MOREL,Emma,1979-06-03,M,95
IPP0005002,219107585499574,LEROY,Emma,2019-10-05,F,75
IPP0005003,256069512114530,MICHEL,Nicolas,1956-06-25,F,95
IPP0005004,253029400502851,FOURNIER,Hugo,1953-02-05,F,94
IPP0005005,214097880760285,THOMAS,Chloe,2014-09-28,F,78
IPP0005006,148129334979519,GARCIA,Nicolas,1948-12-10,M,93
IPP0005007,130107589789445,LAURENT,Sarah,1930-10-18,M,75
IPP0005008,182117571597777,DURAND,Jean,1982-11-20,M,75
IPP0005009,164029484265317,GARCIA,Hugo,1964-02-27,M,94
IPP0005010,146107844575080,FOURNIER,Marc,1946-10-17,M,78
IPP0005011,286019582104584,DAVID,Marie,1986-01-24,F,95
IPP0005012,193059285228527,LEROY,Julie,1993-05-13,M,92
IPP0005013,234017775160601,DUBOIS,Sarah,1934-01-26,F,77
IPP0005014,266049508567756,GARCIA,Julie,1966-04-13,F,95
IPP0005015,285039292936779,ROUX,Sarah,1985-03-28,F,92
IPP0005016,230127799638435,VINCENT,Camille,1930-12-11,F,77
IPP0005017,245097777955364,ROUX,Lea,1945-09-05,F,77
IPP0005018,165037890424036,DUBOIS,Marc,1965-03-16,M,78
IPP0005019,107099517842950,DURAND,Marc,2007-09-17,M,95
IPP0005020,140119321073170,LEROY,Louis,1940-11-06,M,93
IPP0005021,145067501547334,THOMAS,Paul,1945-06-19,M,75
IPP0005022,114127773628043,VINCENT,Marc,2014-12-01,M,77
IPP0005023,283089507337348,MOREAU,Sophie,1983-08-26,F,95
IPP0005024,213129100830443,LAURENT,Camille,2013-12-13,F,91
IPP0005025,103029170383987,SIMON,Chloe,2003-02-04,M,91
IPP0005026,213079577083535,GARCIA,Chloe,2013-07-16,F,95
IPP0005027,285077749399797,GARCIA,Marie,1985-07-13,F,77
IPP0005028,246017887165703,ROBERT,Louis,1946-01-17,F,78
IPP0005029,269069307350344,MICHEL,Marie,1969-06-11,F,93
IPP0005030,203109554213859,MOREL,Manon,2003-10-18,F,95
IPP0005031,248087775928392,ROBERT,Emma,1948-08-12,F,77
IPP0005032,185027870904244,DAVID,Ines,1985-02-22,M,78
IPP0005033,106099466153976,DAVID,Marc,2006-09-15,M,94
IPP0005034,137079514431372,DAVID,Camille,1937-07-26,M,95
IPP0005035,104019382088895,DUBOIS,Marc,2004-01-08,M,93
IPP0005036,137049458184190,LEROY,Julie,1937-04-03,M,94
IPP0005037,140027768502209,GARCIA,Chloe,1940-02-04,M,77
IPP0005038,294097853651121,LAURENT,Chloe,1994-09-11,F,78
IPP0005039,119059358440305,THOMAS,Hugo,2019-05-12,M,93
IPP0005040,165049595926057,MICHEL,Thomas,1965-04-14,M,95
IPP0005041,170029466651401,BERTRAND,Pierre,1970-02-15,M,94
IPP0005042,172069193663374,DAVID,Julie,1972-06-13,M,91
IPP0005043,199127872890723,FOURNIER,Camille,1999-12-26,M,78
IPP0005044,238089333596860,GARCIA,Marie,1938-08-21,F,93
IPP0005045,106109279484224,DAVID,Luc,2006-10-24,M,92
IPP0005046,284109543272168,PETIT,Louis,1984-10-10,F,95
IPP0005047,180117714144228,VINCENT,Chloe,1980-11-18,M,77
IPP0005048,192109444549376,MOREL,Ines,1992-10-15,M,94
IPP0005049,141019583307905,GIRARD,Marie,1941-01-05,M,95
IPP0005050,216037519355311,BERTRAND,Emma,2016-03-27,F,75
IPP0005051,146027865307810,MOREL,Marie,1946-02-25,M,78
IPP0005052,275129117684755,SIMON,Marc,1975-12-26,F,91
IPP0005053,218037509740135,LAURENT,Camille,2018-03-05,F,75
IPP0005054,257119461721873,MICHEL,Marie,1957-11-26,F,94
IPP0005055,166049339313201,LAURENT,Julie,1966-04-24,M,93
IPP0005056,165017565950787,LAURENT,Hugo,1965-01-08,M,75
IPP0005057,238119306314570,SIMON,Antoine,1938-11-09,F,93
IPP0005058,254069528737856,MARTIN,Ines,1954-06-02,F,95
IPP0005059,161037587659918,MOREL,Ines,1961-03-17,M,75
IPP0005060,233037700531060,DURAND,Pierre,1933-03-09,F,77
IPP0005061,109019509968694,FOURNIER,Emma,2009-01-15,M,95
IPP0005062,116069496295187,ROBERT,Sarah,2016-06-23,M,94
IPP0005063,210119544736428,LAURENT,Marc,2010-11-08,F,95
IPP0005064,280029345536649,ROUX,Julie,1980-02-15,F,93
IPP0005065,271059229648080,THOMAS,Emma,1971-05-18,F,92
IPP0005066,282077891370039,LEROY,Louis,1982-07-04,F,78
IPP0005067,103129362227385,PETIT,Thomas,2003-12-28,M,93
IPP0005068,147027595765842,THOMAS,Paul,1947-02-12,M,75
IPP0005069,258117544816237,ROUX,Ines,1958-11-08,F,75
IPP0005070,294039548519452,DURAND,Louis,1994-03-10,F,95
IPP0005071,146107522746106,THOMAS,Ines,1946-10-28,M,75
IPP0005072,148089458171433,MICHEL,Hugo,1948-08-12,M,94
IPP0005073,215029308780957,DUBOIS,Camille,2015-02-10,F,93
IPP0005074,152019187767088,LAURENT,Ines,1952-01-27,M,91
IPP0005075,135017785525843,DURAND,Nicolas,1935-01-23,M,77
IPP0005076,257077725821685,PETIT,Louis,1957-07-09,F,77
IPP0005077,205029316170778,MARTIN,Marie,2005-02-09,F,93
IPP0005078,210039540873619,VINCENT,Julie,2010-03-06,F,95
IPP0005079,250087586864307,VINCENT,Thomas,1950-08-17,F,75
IPP0005080,215087561793833,DURAND,Paul,2015-08-04,F,75
IPP0005081,257017560304549,BERNARD,Camille,1957-01-01,F,75
IPP0005082,111039166198153,ROUX,Thomas,2011-03-11,M,91
IPP0005083,266079112449104,PETIT,Manon,1966-07-12,F,91
IPP0005084,289119429728188,DAVID,Paul,1989-11-01,F,94
IPP0005085,153129136366523,DAVID,Antoine,1953-12-10,M,91
IPP0005086,238069175320641,LAURENT,Sophie,1938-06-10,F,91
IPP0005087,270087899777585,DUBOIS,Antoine,1970-08-07,F,78
IPP0005088,243129540658320,GARCIA,Chloe,1943-12-27,F,95
IPP0005089,204079101304330,LEROY,Julie,2004-07-11,F,91
IPP0005090,270039175527938,VINCENT,Marc,1970-03-06,F,91
IPP0005091,141019318999533,ROBERT,Hugo,1941-01-19,M,93
IPP0005092,163069594060227,MICHEL,Paul,1963-06-12,M,95
IPP0005093,212039540742469,BERNARD,Marc,2012-03-08,F,95
IPP0005094,166037722005954,PETIT,Ines,1966-03-14,M,77
IPP0005095,235099481049992,ROBERT,Emma,1935-09-03,F,94
IPP0005096,145019437165426,ROBERT,Lea,1945-01-20,M,94
IPP0005097,107037803409028,SIMON,Louis,2007-03-06,M,78
IPP0005098,247097547282534,DAVID,Louis,1947-09-09,F,75
IPP0005099,255109555295778,DURAND,Lea,1955-10-02,F,95
IPP0005100,281087505297436,BERTRAND,Antoine,1981-08-22,F,75
IPP0005101,169059140238778,GIRARD,Lea,1969-05-13,M,91
IPP0005102,185117569799168,MOREL,Lea,1985-11-27,M,75
IPP0005103,196079390069968,MICHEL,Jean,1996-07-17,M,93
IPP0005104,272107880764925,DAVID,Emma,1972-10-06,F,78
IPP0005105,253079321682713,ROBERT,Hugo,1953-07-13,F,93
IPP0005106,250087773684822,DAVID,Manon,1950-08-08,F,77
IPP0005107,190017747918271,DURAND,Julie,1990-01-24,M,77
IPP0005108,211059140810859,BERNARD,Chloe,2011-05-14,F,91
IPP0005109,168109109056082,BERNARD,Nicolas,1968-10-24,M,91
IPP0005110,251099177675754,VINCENT,Antoine,1951-09-27,F,91
IPP0005111,208037761991610,MOREAU,Jean,2008-03-09,F,77
IPP0005112,117117808653388,DAVID,Ines,2017-11-22,M,78
IPP0005113,283027728004981,FOURNIER,Manon,1983-02-08,F,77
IPP0005114,119119255825487,FOURNIER,Jean,2019-11-08,M,92
IPP0005115,180109427548153,DAVID,Louis,1980-10-24,M,94
IPP0005116,147119450698968,ROUX,Ines,1947-11-27,M,94
IPP0005117,110107509479591,PETIT,Emma,2010-10-18,M,75
IPP0005118,139079251478328,MICHEL,Emma,1939-07-07,M,92
IPP0005119,130119459410221,MICHEL,Luc,1930-11-05,M,94
IPP0005120,139049165377912,DURAND,Pierre,1939-04-08,M,91
IPP0005121,230109308217243,ROUX,Marie,1930-10-18,F,93
IPP0005122,161029149619228,BERNARD,Sophie,1961-02-18,M,91
IPP0005123,109067592086954,LEROY,Sophie,2009-06-20,M,75
IPP0005124,292119192659049,MARTIN,Jean,1992-11-11,F,91
IPP0005125,118029297547565,GARCIA,Hugo,2018-02-21,M,92
IPP0005126,152057754324514,MOREAU,Paul,1952-05-28,M,77
IPP0005127,244067829273711,ROUX,Lea,1944-06-03,F,78
IPP0005128,209029564206013,FOURNIER,Thomas,2009-02-04,F,95
IPP0005129,147089392803479,MOREAU,Marie,1947-08-05,M,93
IPP0005130,109047588289173,FOURNIER,Paul,2009-04-22,M,75
IPP0005131,210129218485852,DURAND,Emma,2010-12-19,F,92
IPP0005132,178117502638402,GIRARD,Paul,1978-11-22,M,75
IPP0005133,163129414370003,MICHEL,Emma,1963-12-03,M,94
IPP0005134,279039367289064,BERNARD,Emma,1979-03-12,F,93
IPP0005135,158029147957808,MICHEL,Lea,1958-02-04,M,91
IPP0005136,197129391239642,ROUX,Jean,1997-12-07,M,93
IPP0005137,140079211682345,DAVID,Thomas,1940-07-15,M,92
IPP0005138,247109332809951,LAURENT,Paul,1947-10-01,F,93
IPP0005139,262039524079923,MARTIN,Emma,1962-03-14,F,95
IPP0005140,135107708649531,LAURENT,Paul,1935-10-19,M,77
IPP0005141,166117881120332,DUBOIS,Ines,1966-11-01,M,78
IPP0005142,239017802945902,LAURENT,Hugo,1939-01-22,F,78
IPP0005143,197057816856183,SIMON,Camille,1997-05-17,M,78
IPP0005144,287019551725719,DAVID,Thomas,1987-01-08,F,95
IPP0005145,236129402566796,BERTRAND,Nicolas,1936-12-01,F,94
IPP0005146,214057534895734,VINCENT,Julie,2014-05-27,F,75
IPP0005147,271129251092520,PETIT,Thomas,1971-12-01,F,92
IPP0005148,188119524995355,ROBERT,Manon,1988-11-20,M,95
IPP0005149,102019413401288,MICHEL,Sophie,2002-01-04,M,94
IPP0005150,150029426202906,DAVID,Paul,1950-02-27,M,94
IPP0005151,298017537303107,PETIT,Lea,1998-01-03,F,75
IPP0005152,181069269148127,MOREAU,Sarah,1981-06-03,M,92
IPP0005153,141089127955474,MICHEL,Thomas,1941-08-02,M,91
IPP0005154,295099464667454,DUBOIS,Emma,1995-09-13,F,94
IPP0005155,237087531665028,SIMON,Manon,1937-08-24,F,75
IPP0005156,161099259206477,THOMAS,Sophie,1961-09-22,M,92
IPP0005157,272129581571271,GARCIA,Thomas,1972-12-14,F,95
IPP0005158,283027813327567,MOREL,Nicolas,1983-02-19,F,78
IPP0005159,142089381009718,BERTRAND,Camille,1942-08-02,M,93
IPP0005160,272029577781872,BERNARD,Luc,1972-02-16,F,95
IPP0005161,115047525872145,MICHEL,Julie,2015-04-18,M,75
IPP0005162,287099345147226,ROBERT,Hugo,1987-09-28,F,93
IPP0005163,149017865260331,PETIT,Manon,1949-01-20,M,78
IPP0005164,297109580324232,MICHEL,Antoine,1997-10-18,F,95
IPP0005165,252089422164484,LAURENT,Sarah,1952-08-06,F,94
IPP0005166,150127591683640,GIRARD,Julie,1950-12-09,M,75
IPP0005167,215077778539426,SIMON,Manon,2015-07-07,F,77
IPP0005168,264039525560062,FOURNIER,Julie,1964-03-22,F,95
IPP0005169,280119372824677,GIRARD,Pierre,1980-11-12,F,93
IPP0005170,214089380899517,ROBERT,Sarah,2014-08-13,F,93
IPP0005171,172049487832074,MARTIN,Nicolas,1972-04-27,M,94
IPP0005172,137029120025233,MOREAU,Marie,1937-02-14,M,91
IPP0005173,163129238440806,DURAND,Marc,1963-12-05,M,92
IPP0005174,252079117681963,VINCENT,Manon,1952-07-07,F,91
IPP0005175,253047847103313,SIMON,Marc,1953-04-07,F,78
IPP0005176,276069275893091,SIMON,Paul,1976-06-26,F,92
IPP0005177,267039210847965,LAURENT,Marc,1967-03-03,F,92
IPP0005178,267109565729608,PETIT,Pierre,1967-10-11,F,95
IPP0005179,252117738824455,VINCENT,Sophie,1952-11-25,F,77
IPP0005180,239039212693256,DAVID,Marc,1939-03-20,F,92
IPP0005181,212107767739763,SIMON,Emma,2012-10-06,F,77
IPP0005182,252059433122070,GIRARD,Ines,1952-05-15,F,94
IPP0005183,277119236924660,MARTIN,Marie,1977-11-19,F,92
IPP0005184,270027896766727,DUBOIS,Antoine,1970-02-09,F,78
IPP0005185,165089394070410,LEROY,Marie,1965-08-19,M,93
IPP0005186,289097733375825,DURAND,Pierre,1989-09-06,F,77
IPP0005187,194027741530836,LEROY,Sarah,1994-02-05,M,77
IPP0005188,251057583865126,DUBOIS,Marc,1951-05-07,F,75
IPP0005189,231079111774328,MARTIN,Nicolas,1931-07-14,F,91
IPP0005190,261127762210524,ROBERT,Pierre,1961-12-15,F,77
IPP0005191,206127539634796,MARTIN,Camille,2006-12-21,F,75
IPP0005192,164087859601032,THOMAS,Sophie,1964-08-03,M,78
IPP0005193,170019408442673,BERNARD,Jean,1970-01-05,M,94
IPP0005194,236039357295166,GIRARD,Manon,1936-03-16,F,93
IPP0005195,295049311694810,PETIT,Marie,1995-04-21,F,93
IPP0005196,240057714538137,BERNARD,Thomas,1940-05-24,F,77
IPP0005197,278109551889731,MOREAU,Emma,1978-10-20,F,95
IPP0005198,137117708728532,MOREAU,Luc,1937-11-03,M,77
IPP0005199,280019522986354,ROUX,Emma,1980-01-21,F,95
IPP0005200,120099273636386,MOREL,Chloe,2020-09-14,M,92
IPP0005201,196127875861448,GIRARD,Marc,1996-12-27,M,78
IPP0005202,271119121991739,ROUX,Ines,1971-11-16,F,91
IPP0005203,105047832251105,ROUX,Louis,2005-04-01,M,78
IPP0005204,214109440045595,DAVID,Jean,2014-10-21,F,94
IPP0005205,269129204237858,MOREL,Paul,1969-12-21,F,92
IPP0005206,216097800579193,MOREAU,Julie,2016-09-04,F,78
IPP0005207,160069176002749,ROBERT,Antoine,1960-06-26,M,91
IPP0005208,200119143673404,MARTIN,Ines,2000-11-14,F,91
IPP0005209,257069592994069,GARCIA,Jean,1957-06-10,F,95
IPP0005210,271029309005910,DUBOIS,Antoine,1971-02-26,F,93
IPP0005211,246079338931939,SIMON,Sophie,1946-07-06,F,93
IPP0005212,146057706351483,MICHEL,Ines,1946-05-12,M,77
IPP0005213,171079434516223,MOREAU,Julie,1971-07-12,M,94
IPP0005214,288127803984303,BERTRAND,Camille,1988-12-19,F,78
IPP0005215,271089589788146,MOREAU,Manon,1971-08-08,F,95
IPP0005216,249069317596623,LAURENT,Manon,1949-06-03,F,93
IPP0005217,283087508567622,ROUX,Hugo,1983-08-26,F,75
IPP0005218,150089363728173,MOREL,Camille,1950-08-19,M,93
IPP0005219,250049150926190,MOREL,Louis,1950-04-26,F,91
IPP0005220,148019468153015,LAURENT,Marc,1948-01-27,M,94
IPP0005221,186017777809220,LAURENT,Louis,1986-01-02,M,77
IPP0005222,146059157875816,LAURENT,Sarah,1946-05-05,M,91
IPP0005223,258127807172549,DURAND,Ines,1958-12-18,F,78
IPP0005224,278127816563030,SIMON,Camille,1978-12-08,F,78
IPP0005225,169039176617211,MARTIN,Marc,1969-03-24,M,91
IPP0005226,195067540881007,LEROY,Paul,1995-06-05,M,75
IPP0005227,282029553950848,DURAND,Thomas,1982-02-03,F,95
IPP0005228,196039192435867,GIRARD,Paul,1996-03-21,M,91
IPP0005229,118097710572944,GIRARD,Pierre,2018-09-02,M,77
IPP0005230,240079420884965,LEROY,Marie,1940-07-02,F,94
IPP0005231,267057725643088,DAVID,Marie,1967-05-03,F,77
IPP0005232,116019409022821,ROUX,Manon,2016-01-21,M,94
IPP0005233,150117559524758,DAVID,Sarah,1950-11-03,M,75
IPP0005234,293089546624620,DAVID,Hugo,1993-08-26,F,95
IPP0005235,278057830633953,GIRARD,Marie,1978-05-12,F,78
IPP0005236,162097882688237,MOREAU,Paul,1962-09-04,M,78
IPP0005237,244029339164064,DURAND,Louis,1944-02-02,F,93
IPP0005238,277047555163488,ROBERT,Paul,1977-04-08,F,75
IPP0005239,154119437469601,DUBOIS,Lea,1954-11-03,M,94
IPP0005240,273127547602471,ROBERT,Nicolas,1973-12-26,F,75
IPP0005241,232079101539589,BERTRAND,Lea,1932-07-05,F,91
IPP0005242,170117731483576,VINCENT,Sarah,1970-11-04,M,77
IPP0005243,250027757625185,MOREAU,Luc,1950-02-14,F,77
IPP0005244,219109405617967,MOREL,Lea,2019-10-15,F,94
IPP0005245,185109594117391,MICHEL,Emma,1985-10-11,M,95
IPP0005246,150047852063578,DURAND,Thomas,1950-04-24,M,78
IPP0005247,244039355027144,VINCENT,Manon,1944-03-12,F,93
IPP0005248,105117785161875,MICHEL,Pierre,2005-11-27,M,77
IPP0005249,216129276872426,MOREL,Marc,2016-12-11,F,92
IPP0005250,280117744325826,LAURENT,Luc,1980-11-10,F,77
IPP0005251,104017707599275,MICHEL,Emma,2004-01-01,M,77
IPP0005252,249129150855206,MICHEL,Hugo,1949-12-17,F,91
IPP0005253,293019251560305,ROUX,Sarah,1993-01-26,F,92
IPP0005254,235027738546333,BERNARD,Ines,1935-02-22,F,77
IPP0005255,184087892604677,ROBERT,Antoine,1984-08-05,M,78
IPP0005256,137129247349674,BERNARD,Sarah,1937-12-10,M,92
IPP0005257,164129104469008,LEROY,Sophie,1964-12-28,M,91
IPP0005258,242047701376507,ROUX,Louis,1942-04-22,F,77
IPP0005259,117129190727519,MICHEL,Sarah,2017-12-03,M,91
IPP0005260,252087766418432,VINCENT,Paul,1952-08-12,F,77
IPP0005261,101077894309379,MICHEL,Marie,2001-07-16,M,78
IPP0005262,280099235636852,BERTRAND,Sophie,1980-09-17,F,92
IPP0005263,276079108388163,DAVID,Camille,1976-07-22,F,91
IPP0005264,235109195776572,LEROY,Nicolas,1935-10-08,F,91
IPP0005265,282117858390402,MICHEL,Hugo,1982-11-01,F,78
IPP0005266,119079222521363,MOREL,Hugo,2019-07-04,M,92
IPP0005267,254037792938149,DUBOIS,Antoine,1954-03-05,F,77
IPP0005268,177079106960878,ROBERT,Pierre,1977-07-20,M,91
IPP0005269,112129586675731,SIMON,Manon,2012-12-14,M,95
IPP0005270,204087753949404,MOREL,Antoine,2004-08-18,F,77
IPP0005271,255029195323007,BERNARD,Chloe,1955-02-19,F,91
IPP0005272,193117772621018,GARCIA,Louis,1993-11-02,M,77
IPP0005273,153069243325751,ROBERT,Julie,1953-06-27,M,92
IPP0005274,145037741660193,MARTIN,Sophie,1945-03-16,M,77
IPP0005275,279049258584645,VINCENT,Camille,1979-04-04,F,92
IPP0005276,189117585753785,MICHEL,Chloe,1989-11-21,M,75
IPP0005277,179019317819874,MARTIN,Camille,1979-01-14,M,93
IPP0005278,174079465775511,MICHEL,Sarah,1974-07-16,M,94
IPP0005279,277077717178579,GIRARD,Antoine,1977-07-20,F,77
IPP0005280,238017790100973,BERNARD,Paul,1938-01-26,F,77
IPP0005281,190049477113169,SIMON,Antoine,1990-04-01,M,94
IPP0005282,120089121276787,LAURENT,Luc,2020-08-10,M,91
IPP0005283,173079257152811,ROBERT,Jean,1973-07-03,M,92
IPP0005284,199019187884505,MOREL,Hugo,1999-01-22,M,91
IPP0005285,247117820594122,DUBOIS,Sophie,1947-11-03,F,78
IPP0005286,113039247849782,GIRARD,Jean,2013-03-17,M,92
IPP0005287,111079140323567,GARCIA,Ines,2011-07-14,M,91
IPP0005288,291039266625329,PETIT,Camille,1991-03-17,F,92
IPP0005289,204097801119827,DURAND,Sarah,2004-09-09,F,78
IPP0005290,152117703285388,LEROY,Sarah,1952-11-22,M,77
IPP0005291,257069468376189,THOMAS,Paul,1957-06-21,F,94
IPP0005292,120057813086635,BERTRAND,Hugo,2020-05-24,M,78
IPP0005293,287027804983387,LEROY,Marie,1987-02-19,F,78
IPP0005294,281097546880956,DUBOIS,Luc,1981-09-15,F,75
IPP0005295,272037781555585,GIRARD,Pierre,1972-03-10,F,77
IPP0005296,250129452051538,PETIT,Jean,1950-12-20,F,94
IPP0005297,171029545350915,DAVID,Marc,1971-02-09,M,95
IPP0005298,161079241987856,MICHEL,Thomas,1961-07-24,M,92
IPP0005299,274039398213806,GARCIA,Sophie,1974-03-17,F,93
IPP0005300,214057591187804,ROBERT,Louis,2014-05-23,F,75
IPP0005301,201057719568844,MOREAU,Hugo,2001-05-19,F,77
IPP0005302,291079107974074,LEROY,Manon,1991-07-28,F,91
IPP0005303,273117579675506,BERNARD,Louis,1973-11-11,F,75
IPP0005304,119067873841067,BERTRAND,Antoine,2019-06-20,M,78
IPP0005305,148047898395927,MOREL,Paul,1948-04-19,M,78
IPP0005306,231027709015872,BERTRAND,Jean,1931-02-19,F,77
IPP0005307,279027868823645,DAVID,Marie,1979-02-18,F,78
IPP0005308,298019300168536,ROBERT,Jean,1998-01-15,F,93
IPP0005309,111129296706950,PETIT,Jean,2011-12-07,M,92
IPP0005310,280089445416855,MARTIN,Paul,1980-08-14,F,94
IPP0005311,258057751623010,GARCIA,Chloe,1958-05-25,F,77
IPP0005312,291019259464519,MARTIN,Chloe,1991-01-15,F,92
IPP0005313,214067786088336,DURAND,Louis,2014-06-16,F,77
IPP0005314,292087826740138,BERTRAND,Paul,1992-08-02,F,78
IPP0005315,139077560596993,LAURENT,Marc,1939-07-09,M,75
IPP0005316,200119576599151,LEROY,Marie,2000-11-18,F,95
IPP0005317,296099206087179,PETIT,Hugo,1996-09-14,F,92
IPP0005318,142039343386009,DAVID,Luc,1942-03-19,M,93
IPP0005319,264087570303430,MOREL,Hugo,1964-08-25,F,75
IPP0005320,169019279930194,GARCIA,Sophie,1969-01-28,M,92
IPP0005321,207087504202759,DUBOIS,Louis,2007-08-25,F,75
IPP0005322,134087826440212,BERTRAND,Julie,1934-08-07,M,78
IPP0005323,293059177258765,LEROY,Louis,1993-05-08,F,91
IPP0005324,100109221611057,MOREL,Antoine,2000-10-09,M,92
IPP0005325,203079253722558,ROBERT,Sophie,2003-07-16,F,92
IPP0005326,131069395567757,FOURNIER,Marc,1931-06-10,M,93
IPP0005327,175119208999007,MOREL,Marie,1975-11-03,M,92
IPP0005328,175107559230117,PETIT,Louis,1975-10-10,M,75
IPP0005329,238039563764021,MOREL,Marie,1938-03-11,F,95
IPP0005330,147049569642927,BERTRAND,Nicolas,1947-04-18,M,95
IPP0005331,234119386274642,VINCENT,Louis,1934-11-13,F,93
IPP0005332,239047701866408,DURAND,Louis,1939-04-25,F,77
IPP0005333,200049529429818,DURAND,Jean,2000-04-18,F,95
IPP0005334,195049416570864,MOREL,Paul,1995-04-14,M,94
IPP0005335,220019177139220,LEROY,Antoine,2020-01-06,F,91
IPP0005336,130087895631797,FOURNIER,Pierre,1930-08-04,M,78
IPP0005337,245049208083393,ROUX,Antoine,1945-04-08,F,92
IPP0005338,237069541686326,BERTRAND,Sarah,1937-06-15,F,95
IPP0005339,105039378203534,LEROY,Marie,2005-03-23,M,93
IPP0005340,197089527703532,MICHEL,Antoine,1997-08-11,M,95
IPP0005341,160117521542820,MARTIN,Nicolas,1960-11-27,M,75
IPP0005342,292099260989379,PETIT,Marc,1992-09-16,F,92
IPP0005343,214037835076949,BERTRAND,Pierre,2014-03-13,F,78
IPP0005344,181059148997179,MOREAU,Chloe,1981-05-19,M,91
IPP0005345,118127823546419,MICHEL,Emma,2018-12-10,M,78
IPP0005346,286127769583154,VINCENT,Manon,1986-12-10,F,77
IPP0005347,171039167186434,GIRARD,Louis,1971-03-24,M,91
IPP0005348,120027897210727,THOMAS,Sophie,2020-02-27,M,78
IPP0005349,285089455788676,MICHEL,Pierre,1985-08-08,F,94
IPP0005350,288079150703814,MICHEL,Marie,1988-07-10,F,91
IPP0005351,298019451775378,DURAND,Pierre,1998-01-20,F,94
IPP0005352,163077518277861,ROUX,Hugo,1963-07-11,M,75
IPP0005353,236047776576452,MICHEL,Nicolas,1936-04-21,F,77
IPP0005354,118049479755466,MOREL,Luc,2018-04-28,M,94
IPP0005355,168109328678831,LAURENT,Thomas,1968-10-12,M,93
IPP0005356,173027874048238,VINCENT,Luc,1973-02-11,M,78
IPP0005357,254097584465649,DURAND,Emma,1954-09-18,F,75
IPP0005358,216129347609180,GARCIA,Sophie,2016-12-28,F,93
IPP0005359,250129159495875,BERTRAND,Marc,1950-12-23,F,91
IPP0005360,283129397691483,DURAND,Sarah,1983-12-26,F,93
IPP0005361,156117866828673,ROUX,Manon,1956-11-18,M,78
IPP0005362,218039258588965,DURAND,Sophie,2018-03-14,F,92
IPP0005363,152127709379182,PETIT,Julie,1952-12-19,M,77
IPP0005364,195129119035768,LEROY,Louis,1995-12-01,M,91
IPP0005365,242097735037765,MOREAU,Pierre,1942-09-12,F,77
IPP0005366,170099408826845,MARTIN,Marie,1970-09-17,M,94
IPP0005367,174077520892748,PETIT,Antoine,1974-07-08,M,75
IPP0005368,185087868431139,GIRARD,Jean,1985-08-07,M,78
IPP0005369,287109136945452,THOMAS,Camille,1987-10-27,F,91
IPP0005370,213039415279947,MICHEL,Marie,2013-03-03,F,94
IPP0005371,252097839630088,DURAND,Lea,1952-09-14,F,78
IPP0005372,279019321602131,MOREL,Emma,1979-01-22,F,93
IPP0005373,299087740547963,DURAND,Nicolas,1999-08-06,F,77
IPP0005374,139079401787350,FOURNIER,Lea,1939-07-07,M,94
IPP0005375,235029376340457,ROBERT,Antoine,1935-02-16,F,93
IPP0005376,160049132062410,BERNARD,Antoine,1960-04-23,M,91
IPP0005377,215089264709304,DAVID,Julie,2015-08-10,F,92
IPP0005378,213127523596684,THOMAS,Marie,2013-12-08,F,75
IPP0005379,179079144218478,ROBERT,Antoine,1979-07-08,M,91
IPP0005380,276069229876984,MARTIN,Manon,1976-06-10,F,92
IPP0005381,288109115616784,MOREL,Chloe,1988-10-28,F,91
IPP0005382,143117754043860,DUBOIS,Marie,1943-11-01,M,77
IPP0005383,283127518888882,GARCIA,Jean,1983-12-02,F,75
IPP0005384,283109245326920,GIRARD,Hugo,1983-10-01,F,92
IPP0005385,195119293184307,GARCIA,Luc,1995-11-20,M,92
IPP0005386,265029139964211,ROUX,Manon,1965-02-01,F,91
IPP0005387,270089486984825,ROBERT,Pierre,1970-08-28,F,94
IPP0005388,274019393470076,MOREAU,Luc,1974-01-28,F,93
IPP0005389,197107827376114,MOREAU,Jean,1997-10-07,M,78
IPP0005390,239027570447608,PETIT,Ines,1939-02-21,F,75
IPP0005391,233037535565536,MARTIN,Camille,1933-03-08,F,75
IPP0005392,286027824095309,LEROY,Paul,1986-02-09,F,78
IPP0005393,193029558977919,LAURENT,Chloe,1993-02-09,M,95
IPP0005394,238039330077262,MOREL,Emma,1938-03-19,F,93
IPP0005395,130039236680669,PETIT,Marie,1930-03-17,M,92
IPP0005396,247029589440246,FOURNIER,Jean,1947-02-28,F,95
IPP0005397,150079117134361,BERNARD,Hugo,1950-07-20,M,91
IPP0005398,191129328676823,GIRARD,Pierre,1991-12-08,M,93
IPP0005399,106057525383850,PETIT,Chloe,2006-05-08,M,75
